t,x,y,z,vx,vy,vz,mu,mu_avg,Bmag
0.00000000,5.00000000,0.00000000,0.00000000,0.00000000,1.00000000,0.50000000,0.0625000000,0.0625000000,8.00000000
0.20000000,4.87010143,0.12418828,0.09783349,-1.00943197,-0.05524595,0.47748821,0.0555651120,0.0599635336,8.64892839
0.40000000,4.76393928,-0.01268626,0.20171440,0.23526538,-0.91296744,0.60094979,0.0502526470,0.0558310504,9.24895282
0.60000000,4.90603562,-0.06652616,0.33507990,0.73437625,0.52117626,0.66262119,0.0589671824,0.0552570012,8.46564843
0.80000000,4.91887321,0.10977861,0.43622717,-0.68745325,0.82332167,0.31551458,0.0607812848,0.0563535800,8.39460504
1.00000000,4.72375352,0.12545415,0.48226907,-0.79768502,-0.73197968,0.27911351,0.0522327217,0.0566054140,9.47419656
1.20000000,4.72667941,-0.03917616,0.59183964,0.70339536,-0.36095580,0.79053519,0.0537937890,0.0565459787,9.46199130
1.40000000,4.83114056,0.05495795,0.73277351,-0.05608064,1.02698453,0.43835800,0.0608762401,0.0563832189,8.85373614
1.60000000,4.68275406,0.18470234,0.75205298,-1.10617262,-0.12872577,-0.09905453,0.0555986830,0.0560093804,9.69812581
1.80000000,4.57931517,0.02751596,0.79083095,0.32240694,-0.86120471,0.63590897,0.0523149785,0.0566241356,10.38774799
2.00000000,4.69370740,0.03687138,0.94511448,0.27850834,0.91500849,0.57895818,0.0593677321,0.0562962447,9.62779761
2.20000000,4.59579565,0.20246838,0.95638084,-1.05019172,0.16893347,-0.34432375,0.0566526959,0.0559097021,10.22185230
2.40000000,4.47381461,0.06356066,0.94213453,0.21731307,-0.98467088,0.48290609,0.0527136382,0.0564452175,11.10722363
2.60000000,4.58765755,0.05513104,1.08831798,0.32693010,0.92423332,0.53750300,0.0587400990,0.0562086520,10.27224655
2.80000000,4.49883369,0.21838516,1.06877662,-0.96909885,0.06291727,-0.55397549,0.0562112935,0.0559413554,10.85663503
3.00000000,4.41472339,0.06353795,1.03759628,0.44601924,-0.88718601,0.51377798,0.0534358316,0.0562457344,11.52933196
3.20000000,4.53709188,0.09879324,1.16693246,0.18428110,1.06739345,0.27696877,0.0588183566,0.0561710532,10.58527948
3.40000000,4.43219540,0.22892800,1.09284567,-0.82440224,-0.33100810,-0.67881852,0.0551179704,0.0560112993,11.33524644
3.60000000,4.42012009,0.05402400,1.07742172,0.76815678,-0.54767552,0.59998891,0.0544379433,0.0560786771,11.47545352
3.80000000,4.54002381,0.15608002,1.16905508,-0.04808051,1.11179857,-0.10766706,0.0589648662,0.0561943335,10.55324783
4.00000000,4.42429404,0.22778705,1.04758520,-0.56079884,-0.71489247,-0.65148554,0.0539553623,0.0560897055,11.41079230
4.20000000,4.48510658,0.05976885,1.05035420,0.96719615,-0.16201424,0.53691991,0.0554238217,0.0559798882,10.99662702
4.40000000,4.59515274,0.20445116,1.09242089,-0.19444130,1.02985078,-0.38935839,0.0591370996,0.0562694390,10.19362821
4.60000000,4.48176371,0.23593974,0.94779118,-0.36857222,-0.84531304,-0.63213953,0.0531428842,0.0561389068,11.00516656
4.80000000,4.57947706,0.07905289,0.93678096,1.06399758,-0.05060536,0.33962957,0.0557134143,0.0559285495,10.35998801
5.00000000,4.70177279,0.22745525,0.94598768,-0.13050858,1.01704367,-0.44563403,0.0598341041,0.0563907044,9.54599338
5.20000000,4.59043680,0.27765735,0.79636822,-0.47389342,-0.68657936,-0.74433448,0.0530353065,0.0562091318,10.25638727
5.40000000,4.66195037,0.11080066,0.73352858,1.06249501,-0.34417687,0.05144553,0.0544158881,0.0559099742,9.84447535
5.60000000,4.83102969,0.21291227,0.72484197,0.23718981,1.04215531,-0.32810562,0.0609129153,0.0564353592,8.83090259
5.80000000,4.74551161,0.34009112,0.59686674,-0.76333252,-0.12217775,-0.80771038,0.0552527253,0.0563500469,9.27912550
6.00000000,4.70581214,0.19189026,0.47152509,0.61075603,-0.86205590,-0.36583700,0.0512752440,0.0561706272,9.56945649
6.20000000,4.89868064,0.16943685,0.42099933,0.83749104,0.68675962,-0.27743464,0.0596940522,0.0561626218,8.49013372
6.40000000,4.92101938,0.35069528,0.33059060,-0.61380062,0.70035998,-0.61866364,0.0603714387,0.0566613241,8.32738818
6.60000000,4.76806817,0.33735828,0.19827144,-0.45878051,-0.80148996,-0.63018592,0.0510356620,0.0565734266,9.15621037
6.80000000,4.83598846,0.18233172,0.08832481,0.96106749,-0.28075024,-0.49752245,0.0537730930,0.0561689685,8.82304933
7.00000000,4.98788165,0.27548082,-0.01151495,0.20254013,0.97768131,-0.50310709,0.0622481545,0.0565767463,8.02171955
7.20000000,4.88593888,0.42443239,-0.10848328,-1.00407875,0.16830354,-0.46206037,0.0573841028,0.0563491371,8.47731316
7.40000000,4.74755082,0.31389904,-0.20614525,-0.00844513,-0.96644367,-0.56206344,0.0500244542,0.0568626156,9.28420954
7.60000000,4.86992148,0.22226548,-0.33775276,0.81731051,0.31237037,-0.69600883,0.0573145033,0.0563565665,8.63075924
7.80000000,4.91636239,0.38537271,-0.45007390,-0.51532606,0.92110313,-0.36879272,0.0615079664,0.0564452382,8.33661919
8.00000000,4.72729151,0.43810271,-0.49574124,-0.94470598,-0.56062271,-0.20792493,0.0534844297,0.0563845673,9.34205131
8.20000000,4.69183208,0.26670991,-0.58746019,0.59868705,-0.58418936,-0.74181979,0.0525448831,0.0566554629,9.62872018
8.40000000,4.80934505,0.32286353,-0.73717056,0.12066980,0.96660532,-0.54873761,0.0604826099,0.0563988460,8.91562735
8.60000000,4.68587152,0.47412243,-0.77151538,-1.10895505,0.08943763,0.11054233,0.0567881578,0.0559393698,9.55284601
8.80000000,4.55397188,0.33517337,-0.78854115,0.14680496,-0.98898843,-0.50035006,0.0519158278,0.0566692651,10.47746687
9.00000000,4.66564450,0.30297307,-0.94065046,0.41326468,0.77193033,-0.69522361,0.0586584051,0.0562952002,9.74192436
9.20000000,4.59401410,0.47845402,-0.97550787,-1.00654829,0.37726477,0.30746030,0.0575381148,0.0559226596,10.09580345
9.40000000,4.45143667,0.36450219,-0.94039766,0.05131183,-1.07248748,-0.31166920,0.0525381416,0.0564518537,11.16651333
9.60000000,4.56118179,0.31644658,-1.08068896,0.44882089,0.77909325,-0.66450999,0.0581581839,0.0562007382,10.38048292
9.80000000,4.49528551,0.49132193,-1.08696491,-0.94568601,0.28156320,0.52573771,0.0569769067,0.0559471132,10.72388156
10.00000000,4.39012585,0.35709919,-1.03107758,0.31254617,-1.01642444,-0.34524808,0.0530971341,0.0562704581,11.61369782
10.20000000,4.51548370,0.35432887,-1.16091457,0.31648099,0.98053577,-0.43403847,0.0584955018,0.0561565874,10.64844817
10.40000000,4.42805533,0.50700514,-1.10943155,-0.85660604,-0.10255482,0.71113192,0.0558499452,0.0559926982,11.18765517
10.60000000,4.39211296,0.34046840,-1.06418680,0.68759642,-0.74049059,-0.47841911,0.0538548697,0.0561068483,11.59763087
10.80000000,4.52422988,0.41013867,-1.16711201,0.09084750,1.11249832,-0.06398616,0.0589275014,0.0561844880,10.55340660
11.00000000,4.41857616,0.51506128,-1.06021640,-0.65423273,-0.51015383,0.74948156,0.0546200916,0.0560643463,11.26763240
11.20000000,4.45441324,0.34212759,-1.03279081,0.93781318,-0.38182853,-0.47403946,0.0546616685,0.0559903207,11.13379624
11.40000000,4.58349574,0.46212560,-1.09259412,-0.05349684,1.09289948,0.22958400,0.0593269106,0.0562620867,10.14741005
11.60000000,4.47502297,0.53190827,-0.95666555,-0.49958769,-0.66348250,0.74846717,0.0537992593,0.0561288220,10.86869114
11.80000000,4.54551679,0.36518906,-0.91781891,1.04480448,-0.27019621,-0.29219446,0.0547764644,0.0559303508,10.49970300
12.00000000,4.68955726,0.48989561,-0.94294563,0.02723364,1.07542958,0.30448244,0.0600312102,0.0563611167,9.49941012
12.20000000,4.58682279,0.57828200,-0.80424390,-0.59495020,-0.47692391,0.81766609,0.0540197578,0.0562127920,10.09503237
12.40000000,4.62431265,0.41108822,-0.71696339,0.97635016,-0.54392541,0.02975742,0.0533229858,0.0559551029,9.97801702
12.60000000,4.80884944,0.48073273,-0.71355615,0.41730078,1.01239293,0.22565596,0.0605969683,0.0563272417,8.84751707
12.80000000,4.74726917,0.63471134,-0.60152366,-0.77829121,0.11812641,0.79391999,0.0567853583,0.0564121283,9.09532762
13.00000000,4.67442376,0.51158020,-0.46381063,0.39357188,-0.93978043,0.46034110,0.0507140927,0.0562806264,9.61479321
13.20000000,4.85634109,0.45207869,-0.40503652,0.95787070,0.51601915,0.25730906,0.0583213442,0.0560504424,8.61769112
13.40000000,4.91396217,0.62997065,-0.32407867,-0.46272629,0.84400672,0.56880315,0.0614206519,0.0567061515,8.22359018
13.60000000,4.75921888,0.65749455,-0.19529484,-0.64772955,-0.64142400,0.64731884,0.0522969283,0.0565078217,9.01723171
13.80000000,4.78514175,0.49387213,-0.08004622,0.85743660,-0.49449330,0.51988350,0.0521683822,0.0562822161,8.98282396
14.00000000,4.95166782,0.55096961,0.02266313,0.39707550,0.91111383,0.51205727,0.0615095484,0.0564618851,8.08592254
14.20000000,4.88214174,0.71748723,0.12006471,-0.94949445,0.37834824,0.45311467,0.0590792816,0.0564121788,8.32239894
14.40000000,4.71924345,0.63957827,0.21199040,-0.25545232,-0.95769919,0.51725852,0.0503657272,0.0568540287,9.25808528
14.60000000,4.81383096,0.51523608,0.33900148,0.85593677,0.08224641,0.71456824,0.0555493102,0.0563838113,8.81203512
14.80000000,4.89085656,0.65724926,0.46198885,-0.32828891,0.97687738,0.43351699,0.0618223065,0.0565039946,8.31933583
15.00000000,4.71538147,0.74404299,0.51139533,-1.04617301,-0.36127031,0.15813218,0.0549146828,0.0561913976,9.18889631
15.20000000,4.64204404,0.57586630,0.58473184,0.45244522,-0.77727589,0.66418033,0.0516238054,0.0567654438,9.76384480
15.40000000,4.76596274,0.59079166,0.73809779,0.28773772,0.86203836,0.65122721,0.0597522640,0.0563952473,9.01447243
15.60000000,4.67061577,0.75647227,0.79085363,-1.07395438,0.29863247,-0.08625910,0.0579070909,0.0559456092,9.42061185
15.80000000,4.51483873,0.64300351,0.79013983,-0.04460139,-1.06135167,0.34863069,0.0518595520,0.0566577626,10.51780817
16.00000000,4.61796358,0.57066115,0.93316696,0.53095426,0.59221963,0.78572482,0.0577520425,0.0562923412,9.88368967
16.20000000,4.57382165,0.74822772,0.99311776,-0.93634453,0.56484129,-0.23283738,0.0583180795,0.0559755088,9.99029977
16.40000000,4.41486904,0.66463719,0.94297493,-0.12289989,-1.10343939,0.13159461,0.0526190509,0.0564170798,11.17873225
16.60000000,4.51595965,0.57923456,1.07016130,0.55749986,0.59926490,0.76162686,0.0574272988,0.0561900962,10.51398059
16.80000000,4.47426606,0.75826899,1.10387529,-0.89908816,0.48384183,-0.45556290,0.0576761633,0.0559828682,10.60682498
17.00000000,4.35080521,0.65088597,1.02861270,0.16405038,-1.09463542,0.15767298,0.0529599750,0.0562751184,11.65692050
17.20000000,4.47528770,0.61033021,1.15139547,0.44305103,0.85410590,0.56939345,0.0580145868,0.0561345875,10.74039927
17.40000000,4.40750559,0.77908312,1.12610525,-0.86543404,0.12592000,-0.69654008,0.0565868129,0.0559995649,11.04274359
17.60000000,4.34855002,0.62877426,1.05404201,0.58322927,-0.89809266,0.32136147,0.0534084250,0.0561378430,11.69157876
17.80000000,4.48969409,0.66324004,1.16116202,0.23121682,1.06982544,0.22806208,0.0587095832,0.0561575749,10.58557074
18.00000000,4.39735735,0.79671780,1.07449188,-0.72457583,-0.28501279,-0.80234505,0.0553824879,0.0560539085,11.11065739
18.20000000,4.40718865,0.62742024,1.01715601,0.87919236,-0.58441348,0.36807835,0.0539729229,0.0560177760,11.25703337
18.40000000,4.55256690,0.71776550,1.08867226,0.09393633,1.11200298,-0.06800978,0.0593012043,0.0562327479,10.13494970
18.60000000,4.45332258,0.82249167,0.96781718,-0.60614142,-0.45079576,-0.82424254,0.0546334975,0.0561254209,10.70880256
18.80000000,4.49452963,0.65474653,0.90059633,0.99013524,-0.47753220,0.20394903,0.0539015487,0.0559583355,10.62889830
19.00000000,4.65686830,0.75037573,0.93591976,0.19126807,1.08915108,-0.16482249,0.0599519409,0.0562988566,9.48935034
19.20000000,4.56791360,0.87260758,0.81337683,-0.68148911,-0.24567827,-0.85159543,0.0551825816,0.0562362422,9.91725355
19.40000000,4.57082202,0.71453199,0.70324871,0.84857186,-0.71458187,-0.13891919,0.0524063163,0.0560267052,10.08424150
19.60000000,4.76460580,0.74846065,0.69932384,0.59070496,0.93915122,-0.13806753,0.0599545890,0.0562055532,8.90227206
19.80000000,4.73096766,0.92205803,0.60487374,-0.75033095,0.34767476,-0.75241327,0.0582549178,0.0564944975,8.92393159
20.00000000,4.63034626,0.83101610,0.45913817,0.15920498,-0.95812045,-0.55376799,0.0506224659,0.0563611521,9.60268907
20.20000000,4.79269758,0.73782004,0.38903672,1.04081097,0.31749393,-0.25672970,0.0567589450,0.0559825784,8.76896401
20.40000000,4.88420158,0.90419659,0.31552424,-0.28837443,0.94808617,-0.51766090,0.0620414572,0.0566916516,8.15917453
20.60000000,4.73639021,0.97079784,0.19223200,-0.79183408,-0.44561111,-0.65148257,0.0539093239,0.0564487190,8.84801606
20.80000000,4.71918327,0.80878211,0.07295613,0.70118949,-0.68151933,-0.54209290,0.0509060261,0.0564318680,9.11047558
21.00000000,4.89178646,0.82646528,-0.03311474,0.57534708,0.80159057,-0.52576448,0.0603348784,0.0563447782,8.18961029
21.20000000,4.85759538,1.00271485,-0.13226847,-0.85186947,0.56572619,-0.45196492,0.0605195106,0.0565074579,8.19506610
21.40000000,4.67894452,0.96150370,-0.21953040,-0.48862646,-0.88848250,-0.47100215,0.0512293343,0.0567396549,9.17500046
21.60000000,4.73914179,0.81169791,-0.33938460,0.84482340,-0.15819460,-0.71501600,0.0538280341,0.0564655265,8.99567645
21.80000000,4.84230678,0.92538799,-0.47155533,-0.13321170,0.98850391,-0.50508878,0.0616984154,0.0565124923,8.34391919
22.00000000,4.68699860,1.04163690,-0.52850536,-1.10019296,-0.14763923,-0.13333458,0.0564061426,0.0560771606,9.03079600
22.20000000,4.57832907,0.88622390,-0.58453739,0.27137595,-0.92671819,-0.56351441,0.0511124936,0.0568429540,9.85395687
22.40000000,4.70146873,0.85869777,-0.73587205,0.43954178,0.71584457,-0.73781405,0.0587317589,0.0563852223,9.14627070
22.60000000,4.63647672,1.03103947,-0.80904412,-1.00503344,0.48894461,0.02899901,0.0588857824,0.0560109591,9.31092829
22.80000000,4.46223758,0.94855322,-0.79593083,-0.24216854,-1.07419577,-0.19354030,0.0521329062,0.0565848014,10.50642987
23.00000000,4.55115408,0.83962426,-0.92345964,0.62728396,0.38229092,-0.84283361,0.0567129713,0.0563021052,10.04640437
23.20000000,4.53503604,1.01132061,-1.00829379,-0.84261634,0.72390749,0.12631563,0.0589467500,0.0560495943,9.91168372
23.40000000,4.36431999,0.96166428,-0.94991453,-0.29823703,-1.07665302,0.04327760,0.0529377036,0.0563392405,11.14438494
23.60000000,4.45230710,0.84310756,-1.05756042,0.64969481,0.39144930,-0.82137939,0.0565957585,0.0561885389,10.66664551
23.80000000,4.43567232,1.01866347,-1.11857388,-0.83112731,0.66133933,0.34908121,0.0582687722,0.0560343909,10.51211997
24.00000000,4.29709582,0.94276769,-1.03048600,0.00515788,-1.11746419,0.03531557,0.0530292214,0.0562538021,11.65571387
24.20000000,4.41664665,0.86652102,-1.13897868,0.56168881,0.69264893,-0.67434646,0.0574039701,0.0561116153,10.85735151
24.40000000,4.37042950,1.04428474,-1.14181904,-0.85161009,0.34372180,0.63766416,0.0572825727,0.0560290459,10.90931455
24.60000000,4.28989290,0.91709635,-1.04768586,0.45669310,-1.01096322,-0.13922927,0.0531299262,0.0561605999,11.74880044
24.80000000,4.43643983,0.91521698,-1.15149085,0.37135058,0.98566490,-0.37491792,0.0583247783,0.0561209645,10.64829853
25.00000000,4.36047552,1.07146077,-1.08932620,-0.77076278,-0.05175797,0.80823626,0.0561877831,0.0560650668,10.95068099
25.20000000,4.34399475,0.91411738,-1.00441418,0.79052826,-0.75783792,-0.22527043,0.0534043679,0.0560531997,11.35514891
25.40000000,4.50229863,0.97125546,-1.08073254,0.24571340,1.08733674,-0.08557879,0.0590650065,0.0561828226,10.15626127
25.60000000,4.41639700,1.10612292,-0.98015568,-0.68530545,-0.22002528,0.85553803,0.0555790837,0.0561397457,10.53756786
25.80000000,4.42727878,0.94624605,-0.88611918,0.89890099,-0.65995293,-0.08024424,0.0531501984,0.0560040019,10.73486098
26.00000000,4.60361000,1.00882392,-0.92509525,0.35786248,1.05861209,0.03570563,0.0596068128,0.0562168065,9.51560963
26.20000000,4.53314083,1.15922256,-0.82261976,-0.73148320,-0.00635638,0.84551282,0.0564211537,0.0562852208,9.73664594
26.40000000,4.50252665,1.01918390,-0.69305572,0.68309859,-0.84371263,0.26744216,0.0517498453,0.0561098132,10.14995498
26.60000000,4.69849662,1.01600109,-0.68275437,0.75107090,0.82509177,0.07152673,0.0590307200,0.0560866775,8.99199723
26.80000000,4.69573850,1.20144080,-0.60613566,-0.68298506,0.55646482,0.68838820,0.0595389354,0.0565720839,8.77562045
27.00000000,4.57405238,1.14748330,-0.45722088,-0.07729207,-0.91536815,0.63728100,0.0510293388,0.0564004305,9.53290066
27.20000000,4.70889187,1.02615566,-0.37370084,1.07884251,0.09979834,0.27593320,0.0551204452,0.0559705784,8.93251462
27.40000000,4.83132300,1.17329422,-0.30507922,-0.09795152,1.00994482,0.46948585,0.0621945340,0.0566167399,8.13680344
27.60000000,4.69842561,1.27536414,-0.18856543,-0.88541186,-0.22821819,0.64339902,0.0557145300,0.0564331158,8.66615140
27.80000000,4.63967680,1.12499919,-0.06688522,0.50000942,-0.82732307,0.56171801,0.0501170123,0.0565782662,9.19009276
28.00000000,4.80896389,1.10194016,0.04261144,0.72869410,0.65167804,0.54251327,0.0588080625,0.0562526242,8.32737785
28.20000000,4.81145663,1.27969082,0.14471397,-0.71815949,0.72341879,0.45925178,0.0615993719,0.0565950521,8.10296771
28.40000000,4.62620376,1.27697154,0.22887030,-0.69294132,-0.76600231,0.42787006,0.0525173000,0.0565670386,9.04657159
28.60000000,4.64741035,1.11064211,0.33958425,0.78085580,-0.39539357,0.69564944,0.0523130276,0.0565917219,9.16542989
28.80000000,4.77089106,1.18982630,0.47852382,0.06310643,0.95482100,0.57821660,0.0611389421,0.0564867182,8.40970420
29.00000000,4.64122411,1.32961359,0.54623917,-1.10781833,0.06745565,0.13486394,0.0578476220,0.0560568026,8.88207522
29.20000000,4.50156130,1.19540644,0.58753773,0.06547737,-1.02202919,0.44851872,0.0510457194,0.0568492365,9.89021651
29.40000000,4.61650240,1.12646343,0.73105675,0.57006033,0.53245257,0.80095286,0.0574940375,0.0563870018,9.30483319
29.60000000,4.58311427,1.29734328,0.82516759,-0.90623623,0.65233803,0.05648884,0.0596633952,0.0561030392,9.23078064
29.80000000,4.39636940,1.24935543,0.80585085,-0.43589188,-1.02843548,0.04815330,0.0526942829,0.0564502759,10.44683364
30.00000000,4.46583423,1.10938039,0.91250934,0.69753366,0.15067238,0.86066522,0.0556205672,0.0563285298,10.22124020
30.20000000,4.47758014,1.26743096,1.02029358,-0.72802419,0.84850380,0.00469900,0.0593856187,0.0561246083,9.86433762
30.40000000,4.29996474,1.25333947,0.96091750,-0.46764613,-0.99573260,-0.19955871,0.0534592407,0.0562353158,11.06866466
30.60000000,4.37064644,1.10751247,1.04387002,0.72145183,0.16419635,0.83818066,0.0557217044,0.0561999318,10.83055988
30.80000000,4.37947183,1.27211498,1.13028378,-0.74322518,0.80744766,-0.21364599,0.0587201604,0.0560914094,10.44465394
31.00000000,4.22934932,1.23058670,1.03665581,-0.15878872,-1.08469878,-0.21957847,0.0532948605,0.0562063358,11.61102331
31.20000000,4.33978176,1.12251127,1.12445312,0.66919963,0.50238187,0.74147442,0.0567008538,0.0560958761,10.99395171
31.40000000,4.31677121,1.30195352,1.15561442,-0.81569864,0.54172094,-0.53960556,0.0578949163,0.0560713901,10.79457439
31.60000000,4.21667225,1.20343414,1.04554994,0.31096349,-1.07250065,-0.05517307,0.0530399055,0.0561707250,11.76373965
31.80000000,4.36454631,1.16584518,1.13860095,0.50883548,0.86343178,0.49555223,0.0577960840,0.0560811985,10.73879512
32.00000000,4.30781383,1.33826334,1.10362770,-0.79215001,0.17806081,-0.76863041,0.0569792303,0.0560959256,10.79758826
32.20000000,4.26550707,1.20045404,0.99534169,0.67250219,-0.89145751,0.05517536,0.0529986800,0.0560905459,11.41818987
32.40000000,4.43268667,1.22245813,1.06909060,0.39914812,1.02053694,0.22177722,0.0586353808,0.0561232016,10.20999985
32.60000000,4.36399493,1.38153652,0.99253527,-0.73526342,0.01619309,-0.84209589,0.0565603133,0.0561757992,10.36671196
32.80000000,4.34464811,1.23793345,0.87520699,0.77209121,-0.80557260,-0.07019936,0.0525827628,0.0560606161,10.80575458
33.00000000,4.52980020,1.26514056,0.91089944,0.52266685,0.98553725,0.07440226,0.0590216182,0.0561246172,9.57643365
33.20000000,4.48195760,1.43704172,0.83086025,-0.74456536,0.22865719,-0.80208373,0.0576293985,0.0563520611,9.56543520
33.40000000,4.42046069,1.32282496,0.68675738,0.48722336,-0.92144457,-0.40441725,0.0514262137,0.0561857606,10.16555077
33.60000000,4.61094242,1.28318244,0.66462416,0.89129810,0.67425704,-0.03106672,0.0578860627,0.0559883623,9.11134936
33.80000000,4.64085302,1.47239373,0.60473302,-0.58063525,0.73681687,-0.60824633,0.0605388953,0.0566146859,8.65829846
34.00000000,4.50568849,1.45830958,0.45750233,-0.30082530,-0.81541251,-0.70328272,0.0519094295,0.0563975524,9.41254715
34.20000000,4.60635507,1.31634281,0.35967883,1.06572795,-0.12597878,-0.31361326,0.0535331940,0.0560177428,9.09388413
34.40000000,4.75516135,1.43723862,0.29304224,0.10123075,1.02792063,-0.42793869,0.0618736515,0.0564982329,8.15718299
34.60000000,4.64414073,1.56969066,0.18386964,-0.92694806,-0.00293715,-0.62510693,0.0575445609,0.0564783879,8.48815540
34.80000000,4.54797441,1.44009130,0.06155348,0.26652544,-0.92002708,-0.57664059,0.0498886949,0.0566785309,9.21087117
35.00000000,4.70423867,1.37730656,-0.05099584,0.84813087,0.46577790,-0.56011157,0.0570444711,0.0562068524,8.49092763
35.20000000,4.74315764,1.54815630,-0.15698312,-0.55552683,0.84609958,-0.47487414,0.0622425345,0.0566369622,8.05096620
35.40000000,4.56028861,1.58356156,-0.23993335,-0.85713713,-0.60138011,-0.39199223,0.0540980902,0.0563898724,8.88892455
35.60000000,4.54029399,1.41067423,-0.34034106,0.66444067,-0.61405125,-0.65685589,0.0511528761,0.0567343647,9.30423340
35.80000000,4.67700851,1.45063981,-0.48283884,0.25363173,0.87573918,-0.64711037,0.0601774134,0.0564456543,8.51413462
36.00000000,4.57730039,1.60703450,-0.56373038,-1.07205748,0.27284866,-0.16200728,0.0591387039,0.0561133846,8.75432075
36.20000000,4.41241052,1.50084219,-0.59409448,-0.15286921,-1.05733706,-0.32965033,0.0514094231,0.0567730037,9.87022865
36.40000000,4.51188215,1.39384497,-0.72443940,0.67284533,0.31849392,-0.83417071,0.0561358985,0.0564114954,9.48150273
36.60000000,4.51034087,1.55509095,-0.83846122,-0.78148409,0.78256093,-0.16395427,0.0601897886,0.0561991667,9.18486801
36.80000000,4.31732303,1.54305824,-0.81948343,-0.61642239,-0.92967337,0.07570245,0.0534833683,0.0562838672,10.34761619
37.00000000,4.36276906,1.37923024,-0.90142400,0.73684378,-0.09207443,-0.83581310,0.0545632070,0.0563748934,10.39733932
37.20000000,4.40146027,1.51638385,-1.02858320,-0.59491440,0.93437883,-0.15170056,0.0596055731,0.0561870648,9.85091323
37.40000000,4.22195018,1.53757836,-0.97537321,-0.62464129,-0.86811842,0.32587371,0.0541383184,0.0561159771,10.96049705
37.60000000,4.27153162,1.37169572,-1.03017728,0.76832345,-0.07227685,-0.80898402,0.0548690723,0.0562259009,10.99608966
37.80000000,4.30568269,1.51836573,-1.13841946,-0.63647662,0.91736154,0.05783880,0.0590030827,0.0561383646,10.40769925
38.00000000,4.14792229,1.51225530,-1.04676039,-0.32208263,-1.00020940,0.38189519,0.0537341149,0.0561393250,11.52785119
38.20000000,4.24502238,1.37776523,-1.10875752,0.76142712,0.29113397,-0.76515995,0.0559494912,0.0560912009,11.14317882
38.40000000,4.24651765,1.55161786,-1.16667231,-0.75803026,0.71260191,0.40937592,0.0583873595,0.0561165252,10.70406055
38.60000000,4.12946411,1.48571111,-1.04775675,0.15035372,-1.07980623,0.24781496,0.0531463910,0.0561587925,11.73468007
38.80000000,4.27417435,1.41481227,-1.12319249,0.64025309,0.70805208,-0.58201222,0.0571544734,0.0560459498,10.85276347
39.00000000,4.23929132,1.59634523,-1.11637083,-0.78830560,0.39432242,0.68781111,0.0577029406,0.0561386897,10.65977648
39.20000000,4.17248686,1.48447883,-0.99045298,0.52766553,-0.97707761,0.12995555,0.0527909889,0.0561200140,11.43887926
39.40000000,4.34381216,1.47118371,-1.05428763,0.55068522,0.91464841,-0.33190975,0.0580396249,0.0560613172,10.29334880
39.60000000,4.29588470,1.64775499,-1.00384357,-0.75505284,0.24635275,0.78689614,0.0575008837,0.0562265217,10.20663641
39.80000000,4.24759525,1.52782005,-0.86840930,0.61325037,-0.90460325,0.23583244,0.0522534599,0.0561136015,10.83239820
40.00000000,4.43559798,1.51917105,-0.89398101,0.68043217,0.87296280,-0.15794936,0.0582347317,0.0560376068,9.66834667
40.20000000,4.41386022,1.70526734,-0.83710565,-0.72157115,0.44883366,0.72655586,0.0587095495,0.0564181561,9.41371435
40.40000000,4.32555791,1.62305480,-0.68437781,0.27119711,-0.94193608,0.53778114,0.0514849858,0.0562370360,10.12695136
40.60000000,4.50261997,1.54972709,-0.64583245,1.00358288,0.49235366,0.02023027,0.0565945559,0.0559246221,9.25245230
40.80000000,4.56573574,1.73461622,-0.60032048,-0.44813363,0.88310230,0.51894757,0.0611850847,0.0566081352,8.57733305
41.00000000,4.42508749,1.76101354,-0.45922299,-0.49812046,-0.66688888,0.74641491,0.0531831128,0.0563818014,9.25448890
41.20000000,4.48676425,1.60733714,-0.34751280,0.99771477,-0.34644578,0.36679771,0.0521318713,0.0561148357,9.23648163
41.40000000,4.65580937,1.69604679,-0.27982682,0.30151795,1.00115277,0.39595461,0.0611039557,0.0563550504,8.21914127
41.60000000,4.57242890,1.85264055,-0.17785120,-0.91813606,0.21815438,0.59952885,0.0592404114,0.0565665695,8.32786086
41.80000000,4.44508185,1.75136452,-0.05660068,0.01704629,-0.95242247,0.58532116,0.0502494840,0.0567020384,9.16968440
42.00000000,4.57896953,1.65236212,0.05823259,0.92477120,0.25077062,0.57611832,0.0551866791,0.0562224858,8.66867466
42.20000000,4.65239824,1.80798636,0.16865706,-0.37112952,0.92967778,0.49795792,0.0624036585,0.0566238588,8.04160891
42.40000000,4.48031050,1.87922184,0.25247513,-0.97434914,-0.40767650,0.36666556,0.0558248585,0.0562745029,8.71954947
42.60000000,4.41944178,1.70998523,0.34237274,0.50045068,-0.79870198,0.60135203,0.0504611060,0.0568579790,9.39681271
42.80000000,4.56128456,1.70791566,0.48465718,0.43081855,0.75252911,0.70575868,0.0588796621,0.0564085397,8.65249497
43.00000000,4.49465639,1.87324629,0.58014301,-0.99699336,0.45926339,0.21232375,0.0601926318,0.0562166987,8.65615273
43.20000000,4.31130841,1.79990958,0.60423094,-0.37036881,-1.03218865,0.21774652,0.0521484370,0.0566129240,9.79855601
43.40000000,4.38861986,1.66041504,0.71698824,0.74131881,0.08303004,0.83279796,0.0547718040,0.0564676959,9.66507229
43.60000000,4.41810138,1.80413692,0.84835834,-0.63451929,0.87496977,0.28603002,0.0604280139,0.0562738834,9.17591558
43.80000000,4.22510067,1.82753391,0.83611162,-0.77585383,-0.78715037,-0.16865683,0.0544305246,0.0561170151,10.22080869
44.00000000,4.24288079,1.64821847,0.89136153,0.74076389,-0.33372977,0.76804512,0.0536294692,0.0564349885,10.56233745
44.20000000,4.30675081,1.75809233,1.03286019,-0.44553158,0.97887487,0.30545965,0.0595892003,0.0562264034,9.87253094
44.40000000,4.13040424,1.81253543,0.99242394,-0.76366171,-0.70396717,-0.41382486,0.0549240741,0.0560150735,10.83106503
44.60000000,4.15566837,1.63467765,1.01760304,0.78578988,-0.30649848,0.73388893,0.0541020441,0.0562631950,11.15231027
44.80000000,4.21435947,1.75725082,1.14261012,-0.51185411,0.98799509,0.10895441,0.0590992688,0.0561711512,10.40308449
45.00000000,4.05316621,1.78584344,1.06015516,-0.47902136,-0.87132264,-0.51120973,0.0543140777,0.0560680571,11.41441695
45.20000000,4.13283703,1.63157435,1.09293192,0.83338277,0.06817294,0.74217627,0.0551987311,0.0561004523,11.29639252
45.40000000,4.15968279,1.79295070,1.17435048,-0.67876532,0.85092211,-0.25536092,0.0587309596,0.0561532377,10.64172621
45.60000000,4.02886307,1.76186525,1.05410693,-0.01969950,-1.03398979,-0.42482591,0.0534438929,0.0561313748,11.66403992
45.80000000,4.16559897,1.66168948,1.10613400,0.76103906,0.52592617,0.62787038,0.0564373707,0.0560210247,10.98425426
46.00000000,4.15485184,1.84513691,1.12665561,-0.75889688,0.58872067,-0.57226174,0.0583117135,0.0561820575,10.54393064
46.20000000,4.06574248,1.76412720,0.98994703,0.36054987,-1.00993865,-0.31627159,0.0528048882,0.0561353263,11.41382358
46.40000000,4.23587281,1.71716209,1.03706829,0.69565909,0.77411082,0.40842486,0.0573133002,0.0560069902,10.40183581
46.60000000,4.21185581,1.90405474,1.01307723,-0.74432851,0.46069097,-0.69551341,0.0583312468,0.0562781980,10.06590404
46.80000000,4.13709168,1.81375409,0.86594280,0.42855920,-0.95060890,-0.40333575,0.0522034403,0.0561527347,10.80989491
47.00000000,4.32133916,1.77068005,0.87517925,0.82484787,0.72531346,0.20867767,0.0572945473,0.0559665073,9.78589286
47.20000000,4.32840253,1.96333681,0.84054696,-0.66416195,0.64577552,-0.62598952,0.0595805096,0.0564636580,9.28921649
47.40000000,4.21857778,1.91741244,0.68558167,0.04720016,-0.90426723,-0.65579946,0.0519408644,0.0562610375,10.03652221
47.60000000,4.37449107,1.81521455,0.62734596,1.07978627,0.28706660,-0.04067408,0.0552413805,0.0559043037,9.40465972
47.80000000,4.46997347,1.98792563,0.59279062,-0.29066648,0.99133648,-0.42751021,0.0614378655,0.0565469080,8.53591037
48.00000000,4.33182736,2.05341541,0.46151161,-0.65899571,-0.48153590,-0.76409936,0.0547273092,0.0563874495,9.07467682
48.20000000,4.35195717,1.89773879,0.33758157,0.87488022,-0.54673860,-0.43088456,0.0510483843,0.0562433474,9.34348965
48.40000000,4.53363450,1.94976938,0.26592527,0.49465091,0.92962630,-0.37565332,0.0599400274,0.0562159219,8.31945902
48.60000000,4.48233496,2.12338655,0.17036889,-0.86281037,0.42503903,-0.57000008,0.0606652842,0.0566549242,8.19583035
48.80000000,4.33157752,2.05602170,0.05162783,-0.23066287,-0.92315040,-0.58701617,0.0511628612,0.0566431484,9.07188434
49.00000000,4.43482491,1.92671360,-0.06441776,0.95069289,0.01653919,-0.58814071,0.0533962337,0.0563025835,8.84577852
49.20000000,4.53913669,2.05917126,-0.17935389,-0.17217658,0.97096454,-0.52686154,0.0620696982,0.0565606795,8.07545319
49.40000000,4.38535035,2.16229656,-0.26611250,-1.04179082,-0.19811795,-0.35414851,0.0575508089,0.0562488250,8.55472101
49.60000000,4.28636793,2.00637849,-0.34628811,0.29845130,-0.93581956,-0.53401178,0.0502989977,0.0569130045,9.43267288
49.80000000,4.42458535,1.96171368,-0.48435389,0.58646714,0.58826938,-0.74832842,0.0573433726,0.0563992124,8.81752051
50.00000000,4.39291062,2.12783316,-0.59472681,-0.88716549,0.61922101,-0.28196229,0.0609386842,0.0563197552,8.59345557
50.20000000,4.19845398,2.09008906,-0.61763753,-0.57442329,-0.95131335,-0.12264092,0.0531797165,0.0564025706,9.68565911
50.40000000,4.24792632,1.92550268,-0.70978561,0.76940228,-0.16248229,-0.79474502,0.0535233125,0.0565501429,9.84213896
50.60000000,4.30645679,2.04444579,-0.85451762,-0.46904670,0.92635866,-0.41455376,0.0603572389,0.0563222106,9.20492929
50.80000000,4.11965189,2.10095354,-0.85479758,-0.90811711,-0.61230906,0.22450152,0.0554638503,0.0559864049,10.07987658
51.00000000,4.10724465,1.91511109,-0.88343690,0.70600729,-0.56116103,-0.66079650,0.0528975574,0.0564968654,10.70341493
51.20000000,4.19358831,1.99252060,-1.03306731,-0.28233334,0.98082826,-0.45635931,0.0593329486,0.0562451766,9.92888883
51.40000000,4.02544611,2.07665250,-1.01104675,-0.88020147,-0.51484307,0.45845609,0.0557638437,0.0559460460,10.69224539
51.60000000,4.02392322,1.89524153,-1.00721979,0.76988562,-0.52642679,-0.61656384,0.0534785075,0.0563048648,11.28783543
51.80000000,4.10558779,1.98866040,-1.14271366,-0.37050470,1.01786432,-0.27690883,0.0590008962,0.0561846021,10.43132037
52.00000000,3.94541999,2.04964590,-1.07597435,-0.62420260,-0.70779348,0.59949938,0.0549945505,0.0560086626,11.28090924
52.20000000,4.00386047,1.88303785,-1.07805613,0.87960699,-0.15613265,-0.67224560,0.0544988092,0.0561222185,11.44363279
52.40000000,4.05629764,2.02572855,-1.17820963,-0.57807271,0.95304183,0.08685166,0.0589056915,0.0561727852,10.61008504
52.60000000,3.91545624,2.02993851,-1.06409835,-0.19300435,-0.93991285,0.57385813,0.0539132419,0.0560918245,11.55796874
52.80000000,4.03924504,1.90590671,-1.08842120,0.86552519,0.32484143,-0.62876401,0.0556870259,0.0560108930,11.12559567
53.00000000,4.05445465,2.08423697,-1.13375296,-0.70369333,0.75489346,0.43005995,0.0587677410,0.0562142427,10.45503096
53.20000000,3.94608583,2.03731151,-0.99368387,0.17745445,-0.98928066,0.48972818,0.0530483629,0.0561314574,11.34412872
53.40000000,4.10922027,1.96001710,-1.01834765,0.82819718,0.60476663,-0.44536137,0.0564984113,0.0559681408,10.52913708
53.60000000,4.11171903,2.14992057,-1.01940058,-0.70321328,0.65144907,0.57541741,0.0589938744,0.0563181049,9.95109965
53.80000000,4.01405982,2.09351725,-0.86766193,0.22644214,-0.94136425,0.55906824,0.0524528984,0.0561695820,10.73859841
54.00000000,4.18757538,2.01932515,-0.85548141,0.94857179,0.54853782,-0.22207615,0.0562574288,0.0559209099,9.92137986
54.20000000,4.22520616,2.21086781,-0.84060125,-0.57459672,0.81315400,0.50854614,0.0601826202,0.0564715274,9.19742683
54.40000000,4.10005917,2.20350828,-0.68970883,-0.17206083,-0.81244502,0.74855071,0.0527661603,0.0562650401,9.90259002
54.60000000,4.22781642,2.07903682,-0.61013133,1.11216935,0.06826524,0.09175622,0.0539210659,0.0559301443,9.55469210
54.80000000,4.35332595,2.23222389,-0.58226606,-0.11381150,1.05877570,0.34064787,0.0612866471,0.0564418898,8.53532576
55.00000000,4.22531618,2.33369508,-0.46348366,-0.77683273,-0.27232916,0.75654989,0.0563939432,0.0564342654,8.88944449
55.20000000,4.20380667,2.18577001,-0.33005431,0.70214380,-0.71208023,0.49993583,0.0503975541,0.0563690395,9.40064060
55.40000000,4.38930331,2.19847827,-0.25186976,0.67158030,0.81446655,0.36827183,0.0584638305,0.0561060679,8.45249011
55.60000000,4.37309904,2.38135287,-0.16143521,-0.76605763,0.60968603,0.53985059,0.0617123124,0.0567097657,8.09947161
55.80000000,4.20760591,2.35133792,-0.04624434,-0.45988896,-0.83660035,0.58189518,0.0525330760,0.0565378657,8.92995786
56.00000000,4.27374045,2.19968687,0.06977339,0.92022853,-0.22391843,0.59417168,0.0518402670,0.0564367627,9.00500273
56.20000000,4.40358564,2.30180524,0.18876548,0.03384404,0.96753465,0.55922381,0.0612610074,0.0564722623,8.15115201
56.40000000,4.27456012,2.43151030,0.28036134,-1.05986859,0.01510714,0.35559857,0.0591402501,0.0563052415,8.40797311
56.60000000,4.14233348,2.29736134,0.35251221,0.07190765,-1.01590834,0.46125864,0.0506679603,0.0568678827,9.40848090
56.80000000,4.26803598,2.21201219,0.48251139,0.71183908,0.38837564,0.76970740,0.0556943934,0.0564308278,8.99905064
57.00000000,4.27186139,2.37057462,0.60686343,-0.74725377,0.74679449,0.36593688,0.0613247136,0.0563999150,8.56977502
57.20000000,4.07385407,2.36909295,0.63371686,-0.75441853,-0.82349210,0.05209078,0.0544061049,0.0561969118,9.54570573
57.40000000,4.09119841,2.18814188,0.70393881,0.75244508,-0.40464761,0.72117038,0.0525046503,0.0566447760,9.99811022
57.60000000,4.17557649,2.27605818,0.85684301,-0.28901508,0.93484672,0.54086218,0.0599756471,0.0563409937,9.27131957
57.80000000,4.00090725,2.36182268,0.87447404,-1.00898072,-0.41734726,-0.24037296,0.0565135105,0.0559191122,9.93794171
58.00000000,3.95706568,2.17839776,0.87862188,0.63126563,-0.76143329,0.52127060,0.0524251611,0.0565400834,10.80883903
58.20000000,4.06217686,2.21964938,1.02939732,-0.10835811,0.94050656,0.59473181,0.0588487539,0.0562449264,10.01825858
58.40000000,3.90719380,2.32867570,1.03014046,-0.97074691,-0.31249270,-0.45825620,0.0566057090,0.0559209802,10.55531244
58.60000000,3.87731659,2.15194288,0.99996400,0.71793636,-0.72039187,0.46433063,0.0530437160,0.0563375182,11.39203078
58.80000000,3.97948906,2.21250469,1.13882220,-0.21410005,1.00696559,0.43609800,0.0587116394,0.0561808145,10.49164627
59.00000000,3.82500407,2.30222272,1.09320722,-0.75270292,-0.52061363,-0.64218358,0.0557309519,0.0559733607,11.13816637
59.20000000,3.85891084,2.13105500,1.06517693,0.89475703,-0.37085232,0.55846076,0.0538975049,0.0561516918,11.57425673
59.40000000,3.93640780,2.24979263,1.17802944,-0.45639324,1.01697986,0.08635497,0.0589014485,0.0561754141,10.61034412
59.60000000,3.78980107,2.28815316,1.07697362,-0.36303860,-0.80543233,-0.68518737,0.0545226206,0.0560532481,11.42537197
59.80000000,3.89572086,2.14673282,1.07112287,0.94721386,0.11378941,0.58295615,0.0549487199,0.0560177920,11.26750887
60.00000000,3.93806932,2.31336805,1.13713674,-0.62267774,0.88836440,-0.27033519,0.0590443285,0.0562284609,10.39647949
60.20000000,3.81429094,2.30201574,1.00119616,-0.01404061,-0.91832796,-0.63755520,0.0535106477,0.0561173746,11.23522147
60.40000000,3.96439904,2.19924307,0.99916552,0.94133222,0.41385543,0.43888193,0.0556419050,0.0559497001,10.66696693
60.60000000,3.99530774,2.38499676,1.02218711,-0.63226239,0.81285851,-0.43532208,0.0594464153,0.0563324589,9.86692302
60.80000000,3.87931841,2.36493277,0.87306998,0.01677725,-0.87905950,-0.69063226,0.0529944832,0.0561697663,10.62407396
61.00000000,4.03511032,2.26462887,0.83596660,1.04353007,0.35024205,0.19589663,0.0551862949,0.0559067339,10.06477049
61.20000000,4.10397058,2.44760881,0.83693502,-0.45566451,0.94644476,-0.38289970,0.0604794879,0.0564400944,9.14183549
61.40000000,3.97030864,2.47914276,0.69584906,-0.37473831,-0.67452595,-0.80906486,0.0538911712,0.0562715204,9.73775380
61.60000000,4.06414307,2.34035010,0.59507674,1.09448589,-0.15208963,-0.17020396,0.0527347105,0.0559968758,9.68742728
61.80000000,4.21574176,2.46747685,0.56908079,0.07627407,1.08361378,-0.26450604,0.0607475639,0.0563108582,8.57510829
62.00000000,4.10488196,2.60039959,0.46433085,-0.84835650,-0.05190838,-0.72635857,0.0580302420,0.0565149093,8.71348178
62.20000000,4.04407158,2.46930377,0.32486299,0.48946682,-0.82982855,-0.56728018,0.0502599626,0.0564616693,9.39917643
62.40000000,4.22380971,2.44224143,0.23819175,0.82247759,0.65846425,-0.37410620,0.0567822682,0.0560441138,8.60968620
62.60000000,4.24417798,2.62616738,0.15120266,-0.63362984,0.76569186,-0.51208320,0.0623080742,0.0567010174,8.04347092
62.80000000,4.07294189,2.63481397,0.04011428,-0.65698458,-0.70164825,-0.57101751,0.0542207056,0.0564415564,8.76065628
63.00000000,4.09783337,2.47024036,-0.07462596,0.83147042,-0.45509866,-0.59290990,0.0506730951,0.0565904071,9.12868319
63.20000000,4.24621764,2.53607534,-0.19669130,0.23886098,0.91782335,-0.59206903,0.0600321753,0.0563802178,8.26528223
63.40000000,4.14723066,2.68592829,-0.29467850,-1.03114514,0.22142122,-0.37109614,0.0604757333,0.0564027497,8.28957807
63.60000000,3.98826568,2.58028990,-0.36123659,-0.16354185,-1.03490699,-0.39015585,0.0515135639,0.0567293532,9.32885882
63.80000000,4.09303364,2.45863866,-0.47988689,0.79814861,0.16106800,-0.76616963,0.0540783149,0.0565087699,9.18398509
64.00000000,4.13147354,2.60141046,-0.61610457,-0.58203402,0.83734413,-0.45835707,0.0613200295,0.0564417002,8.58667510
64.20000000,3.93738456,2.63495416,-0.65165609,-0.90240208,-0.65995865,-0.01118327,0.0557271898,0.0560449748,9.39406460
64.40000000,3.91998088,2.44704155,-0.70047532,0.68828721,-0.62911190,-0.61682974,0.0518069207,0.0567267601,10.11892549
64.60000000,4.02574230,2.49905823,-0.85549452,-0.09897556,0.89985024,-0.65610470,0.0593028012,0.0563441448,9.37286976
64.80000000,3.86880442,2.60898228,-0.89403495,-1.07577915,-0.21403962,0.21653233,0.0575139949,0.0559159327,9.80655831
65.00000000,3.79363583,2.43632561,-0.87764974,0.51786613,-0.92315420,-0.36000138,0.0522425514,0.0565499726,10.86973725
65.20000000,3.91280539,2.43944295,-1.02228841,0.07240697,0.85958962,-0.71124041,0.0581648319,0.0562407032,10.13737546
65.40000000,3.77576755,2.56764538,-1.04860772,-1.03260743,-0.10788447,0.41482869,0.0574002150,0.0559382665,10.43008572
65.60000000,3.71699754,2.40314276,-0.99655251,0.62925000,-0.87819373,-0.28778501,0.0528256641,0.0563493021,11.45643911
65.80000000,3.83623589,2.42868251,-1.13125965,-0.04519955,0.95666763,-0.57683971,0.0582471099,0.0561671459,10.58198855
66.00000000,3.69221532,2.54241211,-1.11077842,-0.86014593,-0.32088620,0.63810738,0.0564771390,0.0559677540,10.99656521
66.20000000,3.69899137,2.37433262,-1.05522874,0.87435984,-0.56523616,-0.40743461,0.0534361206,0.0561828755,11.67792839
66.40000000,3.80008031,2.46501390,-1.17381615,-0.31475564,1.04223645,-0.25430703,0.0587185643,0.0561623509,10.64247980
66.60000000,3.65240829,2.53496583,-1.09178841,-0.52333775,-0.64032779,0.75239479,0.0552300079,0.0560293340,11.27664731
66.80000000,3.73584340,2.38326345,-1.05531412,0.99930973,-0.09736178,-0.49183406,0.0542686618,0.0560393362,11.39952045
67.00000000,3.80567734,2.53233539,-1.13650397,-0.51624481,0.98636790,0.10280888,0.0591267849,0.0562200864,10.37025200
67.20000000,3.67106021,2.55638112,-1.01173415,-0.20570832,-0.80369028,0.74951052,0.0541613205,0.0560974697,11.09593354
67.40000000,3.80218079,2.43418416,-0.98062674,1.02738132,0.20993851,-0.38783173,0.0547944248,0.0559538955,10.80518571
67.60000000,3.86248334,2.60904094,-1.02104557,-0.53253803,0.94095014,0.28463323,0.0596630997,0.0563153788,9.81637523
67.80000000,3.73354474,2.62596782,-0.88137011,-0.19008428,-0.76978196,0.78822820,0.0537907048,0.0561665908,10.47606357
68.00000000,3.86502479,2.50594921,-0.81773480,1.10154520,0.13972368,-0.13067313,0.0541495548,0.0559251911,10.20391720
68.20000000,3.96448661,2.67339915,-0.82947210,-0.31075636,1.04258353,0.25777911,0.0604576888,0.0563684102,9.12417981
68.40000000,3.82942038,2.74239172,-0.70294266,-0.55087155,-0.50116183,0.83389289,0.0552131675,0.0562988201,9.55661930
68.60000000,3.88525588,2.59803248,-0.58290761,1.02328495,-0.36053083,0.27001006,0.0517849005,0.0560899685,9.78752115
68.80000000,4.05738191,2.69370265,-0.55375318,0.27260103,1.06484207,0.20445060,0.0598605671,0.0561752933,8.65293935
69.00000000,3.96985173,2.85241392,-0.46339035,-0.87301342,0.16842742,0.67784937,0.0594959318,0.0566028912,8.55875064
69.20000000,3.87425331,2.74595156,-0.32170266,0.25095499,-0.89145062,0.62636841,0.0506658955,0.0564967472,9.33792949
69.40000000,4.03849892,2.68107827,-0.22538066,0.93707900,0.46675121,0.39246179,0.0550236437,0.0560439476,8.77924547
69.60000000,4.09525396,2.85762933,-0.13993901,-0.47166843,0.88783885,0.48915343,0.0624135037,0.0566352918,8.03024810
69.80000000,3.92710121,2.90428019,-0.03299494,-0.81240205,-0.52979692,0.55616376,0.0560631283,0.0564021761,8.58177537
70.00000000,3.90927292,2.73690847,0.07936994,0.68754247,-0.66048739,0.58398781,0.0500152424,0.0567268620,9.20168080
70.20000000,4.06778131,2.76224239,0.20306642,0.43394620,0.82147372,0.62199005,0.0584720306,0.0563151934,8.41196109
70.40000000,4.00282768,2.92490962,0.30850465,-0.95944873,0.41193734,0.39970710,0.0614624600,0.0564977642,8.20669268
70.60000000,3.82473444,2.85253804,0.37240254,-0.39224209,-0.99445020,0.32743693,0.0527387371,0.0565275074,9.20523565
70.80000000,3.90124345,2.70119048,0.47735530,0.83749264,-0.08243690,0.73607761,0.0526464181,0.0566236763,9.35686337
71.00000000,3.97186935,2.82041163,0.62220272,-0.39654562,0.88732275,0.55263904,0.0609184353,0.0564502484,8.64393974
71.20000000,3.78885536,2.88606833,0.67051146,-1.01313580,-0.47281176,0.00221093,0.0570462552,0.0559788418,9.24521895
71.40000000,3.73590170,2.70059024,0.70023490,0.57816483,-0.82201987,0.48990690,0.0514851406,0.0567664626,10.19325983
71.60000000,3.85736518,2.71354090,0.85088850,0.09555126,0.82214780,0.75162686,0.0583809695,0.0563393747,9.50556554
71.80000000,3.72330425,2.84158382,0.91241628,-1.10703366,-0.01294971,-0.15591272,0.0584053287,0.0559662477,9.69510040
72.00000000,3.61827693,2.68696576,0.88094008,0.37005288,-1.03779426,0.18985245,0.0523508912,0.0565076383,10.88164376
72.20000000,3.74587583,2.65181788,1.01240864,0.25472026,0.74118831,0.79734402,0.0573253838,0.0562359521,10.28126001
72.40000000,3.63128911,2.79286661,1.06542605,-1.06373236,0.08941928,-0.33238179,0.0581016758,0.0559861278,10.32452225
72.60000000,3.54420237,2.64706527,0.99741473,0.50558390,-0.99217005,0.09991755,0.0528332767,0.0563317279,11.47609701
72.80000000,3.67607779,2.63705350,1.12057047,0.13241873,0.86962353,0.69008710,0.0576346066,0.0561499284,10.69884472
73.00000000,3.54732219,2.76931942,1.12762377,-0.94270153,-0.11892630,-0.58921164,0.0571879506,0.0559905257,10.86526453
73.20000000,3.52527335,2.61141101,1.04895542,0.81560507,-0.72960450,0.22905382,0.0531459820,0.0562041819,11.74585848
73.40000000,3.64742011,2.67126302,1.16580234,-0.15511244,1.02961306,0.40723100,0.0583677703,0.0561359270,10.70523569
73.60000000,3.50373021,2.76909478,1.10749017,-0.66779154,-0.45514594,-0.77259086,0.0559868149,0.0560258407,11.12244818
73.80000000,3.56064881,2.61441935,1.04199974,1.01548511,-0.29837745,0.36022338,0.0536915107,0.0560695068,11.51074670
74.00000000,3.65728179,2.74099057,1.13178512,-0.38546072,1.04761735,0.06259330,0.0590125660,0.0561911880,10.37700987
74.20000000,3.51700148,2.79877074,1.02433666,-0.38930665,-0.65433643,-0.81870884,0.0549524905,0.0560906213,10.93713658
74.40000000,3.62358657,2.66401860,0.96382782,1.07861973,0.00268158,0.29423168,0.0540090153,0.0559798118,10.93227002
74.60000000,3.71314688,2.82188455,1.01583313,-0.40577422,1.03327558,-0.13299947,0.0596347799,0.0562713739,9.80093262
74.80000000,3.57725729,2.87481365,0.89154716,-0.38424452,-0.62243175,-0.84553821,0.0547769687,0.0561762866,10.30681580
75.00000000,3.67868094,2.74245210,0.80182286,1.11529207,-0.07222135,0.03012763,0.0532196848,0.0559729859,10.32533365
75.20000000,3.80665569,2.88814028,0.81838929,-0.14404095,1.09963534,-0.14161329,0.0601250365,0.0562715478,9.14458125
75.40000000,3.67731772,2.99164890,0.70988916,-0.69290269,-0.30401569,-0.82307978,0.0566112034,0.0563567371,9.37367202
75.60000000,3.69308930,2.85066216,0.57410630,0.89911240,-0.54325374,-0.38271696,0.0511670123,0.0561891219,9.84174535
75.80000000,3.87865152,2.91096367,0.53695190,0.46710632,1.00231338,-0.16486226,0.0586864438,0.0560555146,8.76437762
76.00000000,3.81961248,3.08891345,0.46018954,-0.85224528,0.37913579,-0.61638789,0.0606749562,0.0566653001,8.43420655
76.20000000,3.69549160,3.01319901,0.32006416,0.00300030,-0.89375991,-0.67170248,0.0515859016,0.0564824864,9.22363468
76.40000000,3.83507532,2.91489160,0.21384327,1.00548403,0.24745115,-0.42162756,0.0533319297,0.0561061353,8.94622006
76.60000000,3.92623882,3.07569195,0.12799548,-0.28668995,0.97171756,-0.47283598,0.0620235102,0.0565223309,8.06025387
76.80000000,3.76946505,3.15794360,0.02476232,-0.92072692,-0.33337021,-0.53956115,0.0578944923,0.0564360741,8.40960949
77.00000000,3.71012223,2.99780122,-0.08442124,0.49707474,-0.82476666,-0.56804635,0.0499346882,0.0567995042,9.21458292
77.20000000,3.86932596,2.98060658,-0.20798026,0.60920533,0.67991809,-0.64543029,0.0567017422,0.0562956573,8.58237570
77.40000000,3.84100387,3.14806472,-0.32130633,-0.84927074,0.57924911,-0.43955623,0.0620311782,0.0565581022,8.16379702
77.60000000,3.65198711,3.11165460,-0.38571668,-0.60043513,-0.90099722,-0.27871430,0.0542208151,0.0563256000,9.05327281
77.80000000,3.69456428,2.93895826,-0.47582862,0.82414700,-0.32825655,-0.68046260,0.0515368858,0.0567514934,9.50132826
78.00000000,3.79332893,3.02775447,-0.62513433,-0.19640083,0.89420266,-0.64173852,0.0601410020,0.0564328568,8.73957308
78.20000000,3.62806524,3.12119569,-0.68929253,-1.08371097,-0.27377223,-0.02488559,0.0582741199,0.0559958460,9.11146665
78.40000000,3.54058808,2.94690413,-0.70377608,0.42712583,-0.97169839,-0.35123462,0.0515521983,0.0567409498,10.21464580
78.60000000,3.67101392,2.91957776,-0.84368501,0.28778260,0.70402903,-0.81946586,0.0572748620,0.0563433394,9.66334347
78.80000000,3.56439749,3.05904914,-0.92866286,-1.10210527,0.17697632,0.06358734,0.0591341589,0.0560485248,9.61063195
79.00000000,3.43227866,2.92830633,-0.88855662,0.19477062,-1.10066322,-0.02459429,0.0527257596,0.0564144642,10.84532707
79.20000000,3.56193945,2.85661341,-1.00062724,0.43191676,0.58988179,-0.84586488,0.0563889306,0.0562431527,10.44304350
79.40000000,3.47387901,3.00386819,-1.07970506,-1.06258368,0.27157649,0.21716847,0.0586694693,0.0560511987,10.24464610
79.60000000,3.36020231,2.88187452,-1.00265150,0.35125328,-1.05800161,0.08516888,0.0530574887,0.0562822259,11.45037239
79.80000000,3.49937528,2.83741433,-1.10749855,0.31351308,0.74970049,-0.76789239,0.0569121433,0.0561372109,10.83713247
80.00000000,3.39056057,2.98228847,-1.14275604,-0.99706804,0.07634223,0.50002718,0.0578213690,0.0560321749,10.75181401
80.20000000,3.33905990,2.84070891,-1.04684300,0.71801073,-0.85625971,-0.03577555,0.0530460554,0.0562106308,11.77205826
80.40000000,3.47859595,2.86838558,-1.15443887,0.01934018,0.98104783,-0.53588350,0.0578695959,0.0561043022,10.79604317
80.60000000,3.34415387,2.98952155,-1.12299762,-0.79083964,-0.26016940,0.74624697,0.0567420571,0.0560450074,10.97270555
80.80000000,3.37138282,2.83895848,-1.03203357,0.99078649,-0.47935069,-0.19637985,0.0532575945,0.0561037074,11.59103187
81.00000000,3.49292593,2.93920172,-1.12314574,-0.23235541,1.07206246,-0.21608575,0.0587107148,0.0561472526,10.41613470
81.20000000,3.35261635,3.02780629,-1.03791655,-0.55709468,-0.48039141,0.84194395,0.0558238617,0.0561022605,10.77030754
81.40000000,3.42988939,2.88775072,-0.94977307,1.08821392,-0.19757396,-0.16356953,0.0533393376,0.0560190293,11.03624509
81.60000000,3.54725820,3.02340175,-1.00665774,-0.25460481,1.08861160,-0.01005818,0.0593679042,0.0562070022,9.82064136
81.80000000,3.41081728,3.10993357,-0.90246625,-0.55695050,-0.44737979,0.86003340,0.0558697149,0.0562069495,10.12929715
82.00000000,3.47769703,2.97309136,-0.78911247,1.07947748,-0.27383663,0.09870090,0.0524704218,0.0560395315,10.41559990
82.20000000,3.63051663,3.09177734,-0.80410216,0.03929821,1.11654469,0.04223266,0.0595079592,0.0561633361,9.20153098
82.40000000,3.51380436,3.22562837,-0.71564771,-0.79572667,-0.09443346,0.77968031,0.0579622297,0.0564334751,9.20176244
82.60000000,3.48960675,3.09653069,-0.56884966,0.72720029,-0.68774427,0.49818427,0.0509566838,0.0562710530,9.84151570
82.80000000,3.68023767,3.11935529,-0.51945458,0.65051457,0.89702794,0.14890157,0.0573040787,0.0559692131,8.90246186
83.00000000,3.65365396,3.30931413,-0.45446725,-0.78886494,0.57239494,0.54777379,0.0614817605,0.0566762679,8.34601259
83.20000000,3.50852209,3.26856131,-0.31929589,-0.23798656,-0.83900528,0.69959455,0.0529322848,0.0564407415,9.06932696
83.40000000,3.61557904,3.14337991,-0.20386625,1.01944083,0.01202166,0.45890726,0.0518575776,0.0562222583,9.09346712
83.60000000,3.73728135,3.28045589,-0.11577086,-0.08576301,1.01350999,0.46415752,0.0611661171,0.0563882759,8.13202437
83.80000000,3.59939158,3.39438816,-0.01542129,-0.98002747,-0.12419550,0.52356626,0.0595615761,0.0565220643,8.25752044
84.00000000,3.50218313,3.25067517,0.09016749,0.27348389,-0.93615826,0.54663907,0.0504359042,0.0567805641,9.16597960
84.20000000,3.65222774,3.19145109,0.21168172,0.75398859,0.49711630,0.65907253,0.0548695033,0.0563353218,8.76445701
84.40000000,3.66159762,3.35522211,0.33261624,-0.70547797,0.71711351,0.48790270,0.0621404473,0.0565686746,8.16314375
84.60000000,3.47002454,3.35548085,0.40069127,-0.77743787,-0.76425573,0.24799907,0.0558274301,0.0561848236,8.88989525
84.80000000,3.47505676,3.17086995,0.47615917,0.75595822,-0.56087576,0.60327900,0.0508548173,0.0568579399,9.60246702
85.00000000,3.59630344,3.22369456,0.62511370,0.01184345,0.85655330,0.71845402,0.0590379948,0.0564116413,8.86960670
85.20000000,3.45484025,3.33943494,0.70703771,-1.11297985,-0.07340956,0.07672603,0.0593312988,0.0560739480,9.00239630
85.40000000,3.33557849,3.18391736,0.71131391,0.24373744,-1.07015105,0.21299952,0.0519813690,0.0566359202,10.18280086
85.60000000,3.46745226,3.11718025,0.83475868,0.46955580,0.54949698,0.85297739,0.0560690770,0.0563674560,9.83786704
85.80000000,3.39210576,3.26102380,0.94198071,-1.06096567,0.34851682,0.05373890,0.0596553010,0.0561348063,9.55806315
86.00000000,3.23684305,3.15835860,0.90020524,0.00099307,-1.11128474,-0.12265902,0.0533239697,0.0562860888,10.76661003
86.20000000,3.36173665,3.05356405,0.98797023,0.59596018,0.41173758,0.85164760,0.0554249026,0.0562662073,10.61390709
86.40000000,3.30365424,3.20035717,1.09072989,-1.02810180,0.43253192,-0.07695988,0.0590695799,0.0561143903,10.19467350
86.60000000,3.16624876,3.10576159,1.01202747,0.17284615,-1.07505675,-0.25372659,0.0534743206,0.0562023642,11.38305867
86.80000000,3.30663962,3.02947911,1.09295426,0.49128363,0.60191544,0.80395161,0.0561266827,0.0561345907,10.99006982
87.00000000,3.22213163,3.18086239,1.15531810,-1.02047904,0.25769860,-0.37711266,0.0583403557,0.0560819824,10.66205168
87.20000000,3.14173432,3.06058483,1.04907354,0.58380033,-0.94024387,-0.15848859,0.0531418712,0.0561922124,11.75429248
87.40000000,3.29387438,3.05618295,1.14037830,0.20390120,0.89947774,0.63195261,0.0572533096,0.0560750629,10.91088612
87.60000000,3.17399836,3.19547136,1.13727333,-0.88759030,-0.06464156,-0.67676061,0.0574463238,0.0560821685,10.83600586
87.80000000,3.16946834,3.05550415,1.02604255,0.92252099,-0.63152327,0.01154893,0.0529999798,0.0561309068,11.63228408
88.00000000,3.31272047,3.12683092,1.11097997,-0.06021606,1.06066893,0.34836108,0.0582407008,0.0560969245,10.48567333
88.20000000,3.17829823,3.24237620,1.05134909,-0.70218436,-0.29200905,-0.81955344,0.0567094224,0.0561344983,10.60633745
88.40000000,3.22259071,3.10421536,0.93928706,1.05128908,-0.38048502,0.00473414,0.0528369351,0.0560676324,11.10605689
88.60000000,3.36486322,3.21348728,0.99387127,-0.08282321,1.10670047,0.13547838,0.0588826927,0.0561306341,9.87410015
88.80000000,3.23444441,3.33007678,0.91297327,-0.70098565,-0.25519405,-0.83276354,0.0569772643,0.0562585470,9.95572022
89.00000000,3.26388815,3.19660469,0.78024044,0.99201161,-0.45333241,-0.24576961,0.0519715488,0.0561078277,10.46327520
89.20000000,3.43628017,3.28428850,0.78724175,0.23281344,1.09301453,0.03342364,0.0586485039,0.0560584685,9.29171943
89.40000000,3.33861544,3.44333765,0.71931858,-0.85643782,0.11742306,-0.70903179,0.0591546716,0.0565044844,9.05132780
89.60000000,3.27666652,3.33369981,0.56697881,0.51730432,-0.78448561,-0.60578755,0.0511954414,0.0563202837,9.78478140
89.80000000,3.46314909,3.31898440,0.50209830,0.81242107,0.75162198,-0.15822897,0.0558079902,0.0559303998,9.05734320
90.00000000,3.47159740,3.51323103,0.44617549,-0.68663321,0.74180228,-0.47777003,0.0618634461,0.0566254331,8.29793749
90.20000000,3.31369914,3.50972401,0.31868370,-0.45756406,-0.73387934,-0.70855927,0.0545718590,0.0564222022,8.89152509
90.40000000,3.38231759,3.36594340,0.19558547,0.97396004,-0.22504991,-0.50075382,0.0507439953,0.0563668764,9.20368804
90.60000000,3.52878204,3.47216675,0.10367403,0.12320431,1.01000000,-0.46337965,0.0599014228,0.0562616222,8.24197778
90.80000000,3.41629998,3.61254684,0.00510069,-0.99092928,0.08709771,-0.51036571,0.0609344074,0.0566156450,8.13551654
91.00000000,3.28688096,3.49306844,-0.09692260,0.03312436,-0.98813854,-0.52200096,0.0514602512,0.0566718749,9.06281698
91.20000000,3.41820542,3.39496144,-0.21456676,0.85757385,0.28027757,-0.66031172,0.0531402315,0.0564340982,8.94304141
91.40000000,3.46462833,3.54640490,-0.34207092,-0.53330368,0.82015971,-0.54122568,0.0617787371,0.0565376534,8.20505002
91.60000000,3.27869343,3.58221657,-0.41669888,-0.91596231,-0.59547506,-0.23753419,0.0574285775,0.0561383544,8.73086300
91.80000000,3.24483571,3.39547632,-0.47904046,0.63538612,-0.76485125,-0.51116245,0.0506566159,0.0569047508,9.64957268
92.00000000,3.38144178,3.40853645,-0.62259457,0.22034901,0.77427957,-0.77584629,0.0576891514,0.0564047318,9.02777450
92.20000000,3.26905524,3.54018222,-0.72287778,-1.10101486,0.11920004,-0.15348497,0.0601497633,0.0561770733,8.92491146
92.40000000,3.12224812,3.40950173,-0.72270069,0.03911610,-1.11394111,-0.08720737,0.0527155463,0.0564666021,10.10365381
92.60000000,3.24767814,3.30626043,-0.82515002,0.63149699,0.36446444,-0.84757137,0.0548624767,0.0564153931,10.01849352
92.80000000,3.20648100,3.44733044,-0.95177601,-0.98411993,0.49608527,-0.18816844,0.0599339091,0.0562071325,9.54041226
93.00000000,3.03304372,3.37525939,-0.91527137,-0.20121241,-1.07308609,0.24083149,0.0540910892,0.0561444972,10.65525098
93.20000000,3.14623357,3.24227567,-0.97555923,0.73779391,0.21426171,-0.81225124,0.0545081780,0.0563049480,10.78327391
93.40000000,3.12072929,3.38217397,-1.09799225,-0.95977442,0.56791446,-0.07941183,0.0592764218,0.0561643726,10.17720743
93.60000000,2.96352379,3.31702893,-1.02499798,-0.02137326,-1.04618942,0.39373961,0.0540487355,0.0561119677,11.28169673
93.80000000,3.09857324,3.21286430,-1.07796828,0.65749764,0.43235418,-0.79420824,0.0553314280,0.0561461883,11.14918139
94.00000000,3.04220290,3.36474013,-1.16462316,-1.01076009,0.41969503,0.22851720,0.0587144872,0.0561248702,10.60017942
94.20000000,2.93469991,3.26940846,-1.05550756,0.41789476,-0.97976565,0.33973997,0.0534255472,0.0561526047,11.69445296
94.40000000,3.09365983,3.23439830,-1.12444829,0.39221534,0.78873061,-0.68852825,0.0565555160,0.0560538757,11.04415609
94.60000000,2.99351643,3.38637927,-1.14938485,-0.95389868,0.12370609,0.56988955,0.0580550672,0.0561245728,10.71930456
94.80000000,2.95645184,3.26258954,-1.02436610,0.81092554,-0.74810583,0.18093489,0.0529415252,0.0561413629,11.62971897
95.00000000,3.11687892,3.30371829,-1.09589556,0.12615570,1.01524403,-0.45095932,0.0576308643,0.0560483360,10.58220389
95.20000000,2.99433800,3.44161963,-1.06355344,-0.81873903,-0.09849783,0.75495999,0.0575441681,0.0561800472,10.45474111
95.40000000,3.00336920,3.31209847,-0.93293410,0.96591832,-0.53658377,0.17052756,0.0525471931,0.0561079836,11.13317471
95.60000000,3.16612924,3.39204235,-0.97805367,0.10436351,1.08806437,-0.23499827,0.0582108528,0.0560544465,9.95832891
95.80000000,3.04824107,3.53426358,-0.92198531,-0.81079790,-0.05566544,0.76779433,0.0580104851,0.0563207318,9.79660130
96.00000000,3.03917578,3.41153364,-0.77552508,0.85485160,-0.60010413,0.39887816,0.0517808153,0.0561666478,10.46090575
96.20000000,3.22437043,3.46567829,-0.76862185,0.42859488,1.02954551,-0.07963960,0.0576014732,0.0559727252,9.40974806
96.40000000,3.15146320,3.64403547,-0.72020107,-0.87395464,0.32296033,0.61798051,0.0600976523,0.0565488230,8.93021405
96.60000000,3.05590030,3.56009758,-0.56801137,0.28262022,-0.82822773,0.69581940,0.0518788304,0.0563314461,9.67652935
96.80000000,3.22874904,3.50993159,-0.48572130,0.94172989,0.57097544,0.19269627,0.0543057404,0.0559435923,9.21619454
97.00000000,3.27321579,3.70045073,-0.43546660,-0.55005827,0.88197659,0.41176837,0.0617993144,0.0565261445,8.29171451
97.20000000,3.11106804,3.73464400,-0.31753404,-0.64448776,-0.58791450,0.69927967,0.0563459364,0.0564501508,8.70728487
97.40000000,3.13774714,3.58160762,-0.18896719,0.86884814,-0.44743508,0.54305135,0.0501101582,0.0564989409,9.26238152
97.60000000,3.30141787,3.65120840,-0.09208690,0.33116526,0.95885728,0.47002371,0.0583201971,0.0561662599,8.38400182
97.80000000,3.21972404,3.81166343,0.00596416,-0.95573687,0.29125750,0.50173310,0.0619123084,0.0566747007,8.05047139
98.00000000,3.06521615,3.72247043,0.10489196,-0.20712122,-0.97997043,0.49674819,0.0528972843,0.0565233989,8.91866437
98.20000000,3.16931002,3.59112525,0.21714559,0.91038900,0.04028103,0.64774169,0.0516795119,0.0565746102,9.10090013
98.40000000,3.25029617,3.72181420,0.34944464,-0.33855515,0.88371369,0.59534068,0.0609664185,0.0564750477,8.28795665
98.60000000,3.07777200,3.79043906,0.43303190,-1.01177588,-0.40605038,0.24785612,0.0589045879,0.0561796594,8.58932643
98.80000000,3.00594298,3.61099210,0.48492358,0.46974508,-0.92685285,0.41265404,0.0509437950,0.0568549817,9.63845521
99.00000000,3.14962803,3.58259569,0.61825526,0.41981844,0.64900502,0.80780255,0.0562012190,0.0564279697,9.20518245
99.20000000,3.07064328,3.72308556,0.73608713,-1.04872197,0.29650178,0.24953742,0.0606750653,0.0562766498,8.88352916
99.40000000,2.90176172,3.62159440,0.73745109,-0.17443536,-1.10423036,-0.01573563,0.0536791302,0.0562728132,9.98806500
99.60000000,3.01295576,3.48659112,0.81599523,0.76357025,0.15684978,0.80147278,0.0537590239,0.0564835800,10.19263152
99.80000000,3.00760791,3.61792617,0.95768283,-0.87267897,0.61553563,0.33097930,0.0599480671,0.0562595348,9.55904416
100.00000000,2.82180375,3.57735400,0.93288792,-0.40163353,-0.99252686,-0.32183995,0.0549677476,0.0560197596,10.52327384
100.20000000,2.91664691,3.42220739,0.96453383,0.84803271,0.00621317,0.72856154,0.0537117012,0.0563529445,10.93939046
100.40000000,2.92522282,3.54925185,1.10121091,-0.85779912,0.67483519,0.24244203,0.0592747527,0.0561953808,10.19341131
100.60000000,2.75310209,3.51416039,1.04076477,-0.22221351,-0.97705476,-0.49596891,0.0547384009,0.0560296436,11.15634475
100.80000000,2.87610497,3.38707877,1.06363139,0.80289400,0.24804106,0.73745295,0.0545820474,0.0561702972,11.30454241
101.00000000,2.85091416,3.53373384,1.17018331,-0.96644374,0.55855055,-0.06330700,0.0589214575,0.0561581370,10.56891268
101.20000000,2.71931983,3.46563269,1.06569833,0.22752559,-0.97618513,-0.49527235,0.0538766422,0.0561042074,11.59823613
101.40000000,2.87853681,3.40270757,1.10761353,0.57629741,0.65344173,0.70063913,0.0558184449,0.0560457424,11.18857118
101.60000000,2.80290023,3.56184896,1.15855257,-0.98643856,0.29884378,-0.43316435,0.0585310933,0.0561636372,10.62788692
101.80000000,2.73393462,3.45871556,1.02702071,0.65944797,-0.82492384,-0.36691830,0.0530920723,0.0561371775,11.58267105
102.00000000,2.90575900,3.46967208,1.07868931,0.32027152,0.93832295,0.51669739,0.0569167276,0.0560075648,10.70066003
102.20000000,2.80093555,3.62489379,1.07356137,-0.90206322,0.09222262,-0.65404659,0.0582696809,0.0562266513,10.32327074
102.40000000,2.77400507,3.50997625,0.93095709,0.83378212,-0.65821740,-0.34865059,0.0525039742,0.0561362335,11.11303968
102.60000000,2.95138692,3.55896664,0.95998744,0.30013569,1.03392105,0.30153909,0.0573932409,0.0559892544,10.06855329
102.80000000,2.85222069,3.72175154,0.92856382,-0.88245486,0.14277151,-0.67148322,0.0588912514,0.0563739708,9.66034088
103.00000000,2.80547769,3.61627140,0.77492328,0.67422119,-0.70598289,-0.54498985,0.0519338664,0.0562002632,10.40651927
103.20000000,2.99547060,3.63597016,0.74919536,0.61720947,0.92764719,0.09232099,0.0564320975,0.0559170443,9.54781642
103.40000000,2.95207538,3.82718700,0.71782837,-0.84866206,0.51515033,-0.51419145,0.0607258926,0.0565487664,8.84385634
103.60000000,2.82862882,3.77363654,0.57119652,0.03805985,-0.81841533,-0.76075475,0.0529520352,0.0563289534,9.52768521
103.80000000,2.97876961,3.69219392,0.47109638,1.02755420,0.36276325,-0.25007040,0.0529142913,0.0560091635,9.36371676
104.00000000,3.05845165,3.87091790,0.42267004,-0.38439661,0.98819325,-0.35456078,0.0612990092,0.0563909294,8.32723115
104.20000000,2.90046152,3.94160173,0.31524626,-0.79107488,-0.41184269,-0.67423004,0.0580915638,0.0565253887,8.53197316
104.40000000,2.88431379,3.78899225,0.18380632,0.70958276,-0.63896921,-0.58155882,0.0500320611,0.0565867310,9.26094393
104.60000000,3.05617607,3.81808259,0.08132982,0.52775452,0.85921324,-0.48293662,0.0565414468,0.0561237184,8.54896447
104.80000000,3.00934068,3.99125708,-0.01745841,-0.87778143,0.48025277,-0.49885572,0.0624267937,0.0566801470,8.00659760
105.00000000,2.83778685,3.93648747,-0.11415154,-0.43203494,-0.91601039,-0.47357234,0.0546028422,0.0563929785,8.75067971
105.20000000,2.90787240,3.77962704,-0.21999052,0.90564693,-0.20855081,-0.62153857,0.0506329976,0.0567254093,9.22085389
105.40000000,3.01899251,3.88181498,-0.35467783,-0.12796126,0.90380101,-0.64557699,0.0597573218,0.0564131566,8.40824542
105.60000000,2.86703585,3.97908854,-0.44896057,-1.06303023,-0.20662998,-0.27797623,0.0601510723,0.0562755883,8.47531854
105.80000000,2.76022679,3.81539325,-0.49396502,0.27043320,-1.03747331,-0.31704102,0.0516677569,0.0567124152,9.57239828
106.00000000,2.90202303,3.74615060,-0.61296265,0.59962304,0.48454112,-0.80973583,0.0547014562,0.0564886142,9.39017967
106.20000000,2.85959882,3.88800165,-0.74612409,-0.95765769,0.45230588,-0.35820543,0.0608690396,0.0563461637,8.88073120
106.40000000,2.67505828,3.81831058,-0.75480397,-0.38478478,-1.04603549,0.08803646,0.0547887357,0.0560943288,9.84973759
106.60000000,2.76482936,3.65776950,-0.80843624,0.85603584,-0.06354841,-0.71635483,0.0528556497,0.0565595022,10.34666432
106.80000000,2.79561282,3.77286613,-0.95958110,-0.72855854,0.70393229,-0.47295009,0.0596913840,0.0562831139,9.61381052
107.00000000,2.60389057,3.76324967,-0.95202104,-0.59067391,-0.87793130,0.36102765,0.0558940081,0.0559378980,10.38324835
107.20000000,2.67444860,3.59266262,-0.95596208,0.91796293,-0.20277950,-0.60516488,0.0530981483,0.0564009917,11.07036839
107.40000000,2.71727180,3.70158258,-1.10034303,-0.72332001,0.75164103,-0.40229831,0.0590613625,0.0562069081,10.24310820
107.60000000,2.53592658,3.69586824,-1.05835079,-0.42028924,-0.87512677,0.55453593,0.0554969775,0.0559687304,11.01815566
107.80000000,2.64041265,3.55152027,-1.05102184,0.91789179,0.05671975,-0.63581249,0.0539319638,0.0562035027,11.44535966
108.00000000,2.64838927,3.68773081,-1.17172782,-0.88693916,0.67193229,-0.10883904,0.0589483770,0.0561727299,10.56962608
108.20000000,2.49686464,3.64785653,-1.07893517,0.02157407,-0.93355794,0.61482040,0.0544637669,0.0560519227,11.47422616
108.40000000,2.64930964,3.56071481,-1.09092492,0.74679442,0.49897937,-0.66582106,0.0550878627,0.0560521869,11.33525679
108.60000000,2.60229187,3.72161040,-1.16418480,-0.98279020,0.45640696,0.27534725,0.0588463474,0.0561895006,10.56546869
108.80000000,2.50349846,3.64241559,-1.03369639,0.47456164,-0.86072497,0.53286375,0.0534461695,0.0561172794,11.49472166
109.00000000,2.67990722,3.62446351,-1.06031120,0.51393041,0.83312182,-0.54016994,0.0561393841,0.0559822181,10.83418133
109.20000000,2.59821561,3.79173278,-1.08057044,-0.94863611,0.27384364,0.52449899,0.0588380956,0.0562633504,10.21783889
109.40000000,2.53628988,3.69637088,-0.93324740,0.66029814,-0.74033511,0.51566491,0.0527236014,0.0561456734,11.04592232
109.60000000,2.72117648,3.71415407,-0.94062085,0.49598343,0.94621470,-0.32966374,0.0564778524,0.0559437602,10.19797417
109.80000000,2.64633736,3.89199317,-0.93196817,-0.91352203,0.33324291,0.55174874,0.0595579770,0.0564016841,9.55318823
110.00000000,2.56459650,3.80913489,-0.77802905,0.46007654,-0.76617240,0.67179568,0.0524347859,0.0562134448,10.30406884
110.20000000,2.75056750,3.79519309,-0.72999794,0.78788399,0.79019897,-0.06945785,0.0552143590,0.0558989974,9.69554521
110.40000000,2.74022757,3.99242560,-0.71198292,-0.78215171,0.68828032,0.40559698,0.0610012383,0.0564998455,8.79558773
110.60000000,2.59582752,3.97232905,-0.57560343,-0.20160587,-0.75869423,0.79607672,0.0543156885,0.0563365881,9.35286305
110.80000000,2.71529290,3.86561205,-0.45885936,1.06058150,0.13768518,0.32589826,0.0517539338,0.0561120470,9.48352258
111.00000000,2.82743706,4.02473353,-0.40826195,-0.19581400,1.05614770,0.31017561,0.0604000679,0.0562471997,8.40249345
111.20000000,2.68159671,4.12921138,-0.31136514,-0.89290665,-0.21633232,0.63711698,0.0596591558,0.0566179059,8.37807604
111.40000000,2.62428281,3.98634514,-0.17974585,0.50704811,-0.78599372,0.61246722,0.0505278853,0.0566041290,9.19876458
111.60000000,2.79439146,3.97336546,-0.07163170,0.70139784,0.71248824,0.50040142,0.0547078446,0.0561460725,8.72439397
111.80000000,2.78498179,4.15109639,0.02902068,-0.76105553,0.64696290,0.50222852,0.0624427187,0.0566255855,8.00589566
112.00000000,2.60486488,4.13297253,0.12464195,-0.62946504,-0.80422384,0.45497009,0.0564185399,0.0563328342,8.57647100
112.20000000,2.63640091,3.95976280,0.22366999,0.84099897,-0.44957968,0.58360847,0.0501051885,0.0568414490,9.28875086
112.40000000,2.77132419,4.02691832,0.35789678,0.09043652,0.87737279,0.68705038,0.0582391219,0.0563706499,8.55986642
112.60000000,2.64630014,4.14743548,0.46378597,-1.06955254,-0.00670833,0.32559540,0.0610821964,0.0563812436,8.39587524
112.80000000,2.50925375,4.00655330,0.50601494,0.05134083,-1.09225698,0.23310686,0.0527426701,0.0565072133,9.46135370
113.00000000,2.64009906,3.89938346,0.60771201,0.74837555,0.28732026,0.77934659,0.0533261437,0.0565827505,9.56870155
113.20000000,2.63598134,4.03495841,0.75266183,-0.83004789,0.58155416,0.47203311,0.0607128826,0.0563829923,8.91722666
113.40000000,2.44286286,3.99802459,0.77380650,-0.58099826,-0.94700349,-0.12500168,0.0559607436,0.0559741236,9.70302602
113.60000000,2.50510834,3.81919068,0.80351758,0.90072405,-0.28551178,0.59764472,0.0522292998,0.0566239733,10.46748165
113.80000000,2.57068165,3.91227391,0.95760552,-0.55476915,0.75933370,0.60468465,0.0591751322,0.0562892671,9.70306045
114.00000000,2.37992345,3.93183714,0.97156034,-0.75983634,-0.73831334,-0.35713045,0.0568119966,0.0559090555,10.24691347
114.20000000,2.42134351,3.75279284,0.95074711,0.94071472,-0.40282804,0.45031698,0.0527124439,0.0564333841,11.16561654
114.40000000,2.49705413,3.83918964,1.09558709,-0.55871014,0.79766401,0.54915855,0.0586462392,0.0562028077,10.32478322
114.60000000,2.31279731,3.86111391,1.07668285,-0.60662054,-0.74864736,-0.56704378,0.0562768618,0.0559435970,10.87810189
114.80000000,2.39292623,3.70547941,1.04112430,0.99356236,-0.13348967,0.49498924,0.0534272990,0.0562368736,11.56092566
115.00000000,2.43475475,3.82666221,1.16921278,-0.77274475,0.75867718,0.27798291,0.0587927083,0.0561689791,10.60244487
115.20000000,2.26847298,3.81487039,1.09430853,-0.19020782,-0.85785423,-0.69130826,0.0551469950,0.0560127469,11.33265391
115.40000000,2.40703301,3.70795176,1.07545617,0.89353297,0.33135135,0.58464102,0.0544105085,0.0560729232,11.47409438
115.60000000,2.39179904,3.86548102,1.16590118,-0.94155593,0.59350128,-0.10596537,0.0589831006,0.0561976633,10.53434222
115.80000000,2.26663603,3.81231817,1.04378581,0.26516053,-0.85705989,-0.66718681,0.0539820627,0.0560888532,11.37310077
116.00000000,2.44010195,3.76782464,1.04181578,0.69740974,0.70354942,0.51830287,0.0553440165,0.0559755227,10.97409139
116.20000000,2.38624754,3.94180545,1.08398193,-0.95613184,0.44162887,-0.37520108,0.0592145257,0.0562776977,10.14262250
116.40000000,2.29193544,3.86981631,0.93935230,0.45416148,-0.78090725,-0.65872696,0.0531997510,0.0561414361,10.93689777
116.60000000,2.47629375,3.85748889,0.92101793,0.68183345,0.82775733,0.31610275,0.0555183333,0.0559233163,10.33763778
116.80000000,2.43051563,4.04459409,0.93169033,-0.90293870,0.51034967,-0.41742655,0.0599684640,0.0563981848,9.47941338
117.00000000,2.31812634,3.98844967,0.78411577,0.22493623,-0.77959239,-0.76918099,0.0532508654,0.0562153393,10.16265052
117.20000000,2.49098698,3.94335798,0.71207777,0.92904482,0.62188516,0.01160039,0.0540296269,0.0559205952,9.84016059
117.40000000,2.51577175,4.13952622,0.70269618,-0.67709332,0.83758864,-0.29998316,0.0609118984,0.0564085035,8.78690918
117.60000000,2.35814093,4.15437820,0.58022601,-0.42325336,-0.65576024,-0.80052177,0.0558404133,0.0563772220,9.16780199
117.80000000,2.44068690,4.02979348,0.44943991,1.03471213,-0.09091093,-0.41364962,0.0509384473,0.0562305446,9.56043570
118.00000000,2.58051992,4.16215931,0.39282923,0.00835119,1.08192109,-0.28173925,0.0591653490,0.0561167289,8.51336691
118.20000000,2.45415711,4.29640379,0.30561069,-0.94818712,-0.01125792,-0.59229591,0.0609243848,0.0566886299,8.25489710
118.40000000,2.35959365,4.17164215,0.17631746,0.27605835,-0.87929674,-0.63295263,0.0515521298,0.0565581285,9.08339455
118.60000000,2.51777597,4.11763433,0.06310747,0.83989567,0.52332376,-0.52029560,0.0529776599,0.0562318908,8.89469023
118.80000000,2.54663894,4.29118478,-0.04027947,-0.61012702,0.78485865,-0.51160719,0.0619586833,0.0565268182,8.04841718
119.00000000,2.36649606,4.31010442,-0.13617602,-0.79078426,-0.65451363,-0.44302615,0.0581885247,0.0563568647,8.41177092
119.20000000,2.35743634,4.13040244,-0.22867910,0.71961788,-0.66583592,-0.53741290,0.0501433907,0.0568786732,9.29650170
119.40000000,2.50815147,4.15775337,-0.35942072,0.30698077,0.80277803,-0.71505961,0.0565313515,0.0563708489,8.73390399
119.60000000,2.41544203,4.29504228,-0.47688731,-1.03228647,0.18542055,-0.38730333,0.0616333339,0.0564617543,8.35543843
119.80000000,2.25426912,4.18239022,-0.52064435,-0.17304736,-1.09169517,-0.16809603,0.0540611364,0.0562917188,9.31972755
120.00000000,2.36565336,4.04231528,-0.60354277,0.85501416,0.06660219,-0.71729697,0.0522044832,0.0566933576,9.72534061
120.20000000,2.39992464,4.16412482,-0.75561073,-0.66897872,0.68008913,-0.58304910,0.0602101714,0.0563909378,8.99205473
120.40000000,2.20571543,4.15941273,-0.79340568,-0.75390401,-0.81608351,0.12504581,0.0571156474,0.0559285854,9.56120497
120.60000000,2.23581741,3.97003942,-0.80208221,0.89238200,-0.49724415,-0.45431556,0.0519265659,0.0566538976,10.54441914
120.80000000,2.33308823,4.03631870,-0.95214469,-0.35574938,0.78062531,-0.71698431,0.0584295230,0.0562859676,9.82352653
121.00000000,2.15038825,4.08228417,-0.99040327,-0.90194517,-0.58241011,0.31191886,0.0576674103,0.0559304972,10.12431844
121.20000000,2.15921821,3.90161782,-0.94954176,0.91237238,-0.58458139,-0.27539288,0.0525771266,0.0564337380,11.21740600
121.40000000,2.26481982,3.96210905,-1.08737700,-0.36786309,0.81299613,-0.67358299,0.0580530018,0.0561918731,10.43549346
121.60000000,2.08437144,4.00910443,-1.09467207,-0.77305201,-0.60570368,0.53433476,0.0570314089,0.0559527267,10.74605531
121.80000000,2.13530606,3.84815298,-1.03474812,1.02273963,-0.31456735,-0.32411576,0.0531024476,0.0562614919,11.64186553
122.00000000,2.21016531,3.95047999,-1.16282281,-0.62568574,0.81849513,-0.43426152,0.0584626775,0.0561527601,10.66625824
122.20000000,2.03512755,3.96567968,-1.11078692,-0.39794501,-0.75603644,0.72114400,0.0558809550,0.0559965206,11.18414818
122.40000000,2.15302684,3.84388141,-1.06222993,1.00635718,0.15705601,-0.46106252,0.0538310898,0.0561016065,11.59441763
122.60000000,2.17151607,3.99333390,-1.16354627,-0.86250547,0.70841247,-0.06508523,0.0589345602,0.0561854325,10.53549966
122.80000000,2.02469494,3.96719845,-1.05644154,0.04168635,-0.81776540,0.76126343,0.0546627076,0.0560665586,11.22755024
123.00000000,2.18738890,3.89944781,-1.02429984,0.85993884,0.55425119,-0.45090000,0.0545784094,0.0559878550,11.11012831
123.20000000,2.16506862,4.07487785,-1.08342516,-0.92345533,0.59219491,0.21572074,0.0593782177,0.0562663694,10.10023131
123.40000000,2.04249567,4.02892396,-0.94851978,0.22640827,-0.78085650,0.76746493,0.0539012600,0.0561322722,10.79494393
123.60000000,2.21782970,3.98883936,-0.90229389,0.84646900,0.68244608,-0.26030286,0.0545728939,0.0559316671,10.47656568
123.80000000,2.20468037,4.17927820,-0.92747359,-0.85093823,0.66989661,0.27774566,0.0601006598,0.0563568579,9.44153385
124.00000000,2.06739205,4.15263191,-0.79221523,-0.01760353,-0.74855211,0.83027698,0.0543143175,0.0562253882,9.99478771
124.20000000,2.21840896,4.08042184,-0.69641284,1.02928680,0.42956023,0.07776051,0.0529647353,0.0559767100,9.96727911
124.40000000,2.27866397,4.26839234,-0.69023675,-0.53723971,0.95889518,0.20467905,0.0604702695,0.0562914177,8.81762168
124.60000000,2.11593268,4.31823279,-0.58408574,-0.61629880,-0.51798772,0.77579927,0.0573853968,0.0564496374,8.98724748
124.80000000,2.15749275,4.18405164,-0.44300591,0.94855444,-0.30817120,0.50524745,0.0505611752,0.0563336187,9.58329529
125.00000000,2.31829847,4.28362069,-0.37702887,0.21930420,1.06220714,0.27133310,0.0576805005,0.0560218653,8.65315789
125.20000000,2.21785322,4.44239833,-0.29788663,-0.95704003,0.19454526,0.54426696,0.0617945811,0.0567098184,8.16879802
125.40000000,2.09177295,4.34273132,-0.17299846,0.03311343,-0.91503193,0.64157624,0.0530014649,0.0564840564,8.92870791
125.60000000,2.22842370,4.25136451,-0.05574564,0.93160245,0.30033134,0.54029433,0.0515120703,0.0563671210,9.04226115
125.80000000,2.29446930,4.41175503,0.05089029,-0.43029081,0.88778226,0.52601567,0.0610071898,0.0564118697,8.13227342
126.00000000,2.12259819,4.46641957,0.14845781,-0.91061052,-0.47733223,0.43925211,0.0597716807,0.0564407363,8.26923581
126.20000000,2.07338972,4.29002018,0.23537916,0.55019111,-0.84240380,0.48748905,0.0507319212,0.0568188822,9.24402630
126.40000000,2.23063493,4.27502227,0.35975145,0.51035496,0.68045952,0.72561192,0.0547794711,0.0564232994,8.91831020
126.60000000,2.17441029,4.42172787,0.48776337,-0.95296626,0.36249652,0.45875003,0.0617636777,0.0565018173,8.35627811
126.80000000,1.99620460,4.34099488,0.53720166,-0.38929319,-1.04033705,0.12708118,0.0555080203,0.0561251775,9.16363807
127.00000000,2.08078605,4.17474316,0.60143656,0.91030468,-0.16576594,0.62758827,0.0514405343,0.0567932323,9.84523039
127.20000000,2.15165607,4.27578719,0.75513172,-0.47871248,0.74448374,0.68306539,0.0593892918,0.0563864655,9.10250997
127.40000000,1.96400601,4.30146081,0.81253548,-0.89623941,-0.66239499,-0.08937447,0.0581802412,0.0559550108,9.43543823
127.60000000,1.95911375,4.10930707,0.80468212,0.82974406,-0.68751230,0.29807991,0.0519590740,0.0566275070,10.57113691
127.80000000,2.08323286,4.14519830,0.94382884,-0.13767959,0.76742862,0.80130995,0.0575037478,0.0562850763,9.97012502
128.00000000,1.91565549,4.21400870,1.00752746,-1.01118745,-0.41802874,-0.22967785,0.0584105983,0.0559890434,10.02345530
128.20000000,1.89006479,4.03806288,0.95268436,0.83274954,-0.74008468,0.09382357,0.0526916995,0.0563927942,11.22216653
128.40000000,2.02092986,4.07037759,1.07636641,-0.15644508,0.79831344,0.76695541,0.0573184728,0.0561826481,10.57071516
128.60000000,1.85117138,4.13926978,1.11128544,-0.91250547,-0.45355324,-0.46002525,0.0577167368,0.0559903306,10.63027225
128.80000000,1.86939481,3.97866755,1.03245455,1.00106610,-0.47916922,0.13514260,0.0529772369,0.0562634393,11.68145351
129.00000000,1.97483621,4.05914256,1.15296495,-0.44915139,0.85168634,0.56823710,0.0579770931,0.0561294279,10.75865254
129.20000000,1.79764575,4.09950638,1.12729574,-0.59225566,-0.63518309,-0.70411340,0.0566182159,0.0560055074,11.03872321
129.40000000,1.88886871,3.96790615,1.05213872,1.07619179,-0.01715768,0.30251750,0.0533890954,0.0561333716,11.68605605
129.60000000,1.94155049,4.10507467,1.15719458,-0.74674538,0.80027398,0.22788790,0.0587048732,0.0561563187,10.56869154
129.80000000,1.77884055,4.10601180,1.07065182,-0.18481879,-0.74818565,-0.80997547,0.0554390254,0.0560592931,11.06897529
130.00000000,1.92310167,4.01898548,1.00882792,0.99048909,0.39063745,0.34107733,0.0538912103,0.0560159665,11.23104416
130.20000000,1.93471113,4.19078413,1.07877021,-0.85080888,0.72318816,-0.05588505,0.0593226658,0.0562312228,10.09185387
130.40000000,1.78931143,4.17243752,0.95977284,-0.01075979,-0.74353300,-0.83489095,0.0547742247,0.0561323580,10.63146299
130.60000000,1.94719494,4.10804663,0.88553660,0.97830815,0.51548206,0.16489818,0.0537031637,0.0559644206,10.60231644
130.80000000,1.96878758,4.29586372,0.91931805,-0.75903504,0.80853326,-0.14191469,0.0599518821,0.0562864377,9.44048866
131.00000000,1.81342600,4.30025272,0.80121877,-0.25429219,-0.67790964,-0.85192371,0.0555309989,0.0562562975,9.81437402
131.20000000,1.93485030,4.20624238,0.68382088,1.07873632,0.22234619,-0.19206804,0.0521082291,0.0560565216,10.06243095
131.40000000,2.02899385,4.37905511,0.67508915,-0.36754875,1.04831110,-0.12630023,0.0597100109,0.0561661331,8.88577716
131.60000000,1.86935369,4.46260692,0.58631861,-0.77297365,-0.35422841,-0.72597106,0.0588158207,0.0565349043,8.82365088
131.80000000,1.86827422,4.32738231,0.43943424,0.80624577,-0.49951385,-0.59199128,0.0506789128,0.0563980531,9.54740675
132.00000000,2.04166358,4.38969940,0.36154258,0.42661093,0.99483555,-0.27983094,0.0560512897,0.0559780255,8.81218355
132.20000000,1.97246269,4.56667605,0.28827188,-0.92092587,0.39318596,-0.49729301,0.0622110880,0.0566702290,8.12363903
132.40000000,1.82191833,4.49748654,0.16927553,-0.20587750,-0.89444596,-0.63842061,0.0547307512,0.0564336880,8.75187331
132.60000000,1.92877304,4.37480756,0.04940831,0.96713578,0.05625911,-0.55810688,0.0504578389,0.0565225240,9.14978952
132.80000000,2.02881003,4.51326828,-0.06057149,-0.22789794,0.94991221,-0.54381001,0.0596545368,0.0563069701,8.25338739
133.00000000,1.87303964,4.60080968,-0.16110997,-0.98614023,-0.28278690,-0.44447612,0.0610494238,0.0565363608,8.15818638
133.20000000,1.78639863,4.43679380,-0.24395647,0.34569860,-0.96848032,-0.43879193,0.0517980292,0.0566658954,9.13925709
133.40000000,1.94028045,4.37943297,-0.35954118,0.68799471,0.51376521,-0.71603673,0.0531435227,0.0565268529,9.09813254
133.60000000,1.92323056,4.52753897,-0.49606842,-0.83403823,0.51804046,-0.53480306,0.0614589566,0.0564979190,8.39877503
133.80000000,1.73572012,4.48072167,-0.55488505,-0.58603889,-0.94543368,-0.11275454,0.0569702960,0.0560459625,9.00852827
134.00000000,1.78783381,4.29619451,-0.60221007,0.90845520,-0.39618966,-0.51743879,0.0510979254,0.0568455408,9.91648241
134.20000000,1.89152811,4.37033056,-0.75163869,-0.26506351,0.77197717,-0.76406321,0.0583046769,0.0563773337,9.24391765
134.40000000,1.71800855,4.42344534,-0.83019230,-1.00252783,-0.49444427,0.02151318,0.0590889202,0.0560293389,9.33439433
134.60000000,1.67718212,4.23583627,-0.81151958,0.71599531,-0.84685657,-0.14207276,0.0523057489,0.0565410801,10.54684374
134.80000000,1.82168889,4.23912631,-0.93350338,0.09130746,0.72010586,-0.85035904,0.0564643498,0.0562975490,10.13574927
135.00000000,1.67599963,4.32664042,-1.02204857,-1.08306601,-0.25171378,0.11665416,0.0589977811,0.0560625040,9.95024446
135.20000000,1.61589020,4.16101111,-0.96016629,0.70561678,-0.86351180,0.08032643,0.0530356080,0.0563145596,11.18111522
135.40000000,1.76590050,4.16402735,-1.06340119,0.06795586,0.75476880,-0.82201342,0.0564912511,0.0561811431,10.72418746
135.60000000,1.61359892,4.25122849,-1.12560466,-1.01911257,-0.29823406,0.34995145,0.0582932941,0.0560445444,10.53721874
135.80000000,1.59714691,4.09611290,-1.03450390,0.92774246,-0.62121217,0.05821824,0.0530560900,0.0562428628,11.67667664
136.00000000,1.72908133,4.15260878,-1.14025389,-0.24829699,0.85890006,-0.67129672,0.0573645952,0.0561055863,10.87578379
136.20000000,1.55668296,4.21577252,-1.14279027,-0.76469755,-0.50179590,0.64299186,0.0573124918,0.0560359784,10.90511510
136.40000000,1.61636023,4.07938103,-1.04586854,1.09618091,-0.18463638,-0.11956928,0.0531158209,0.0561571468,11.74060157
136.60000000,1.70205501,4.20062809,-1.14714773,-0.59690025,0.86873487,-0.37284022,0.0583085276,0.0561178571,10.63240318
136.80000000,1.53003872,4.22790663,-1.08532416,-0.40356629,-0.65431865,0.81178898,0.0562548174,0.0560732439,10.90820664
137.00000000,1.64885971,4.12605022,-0.99634967,1.07884845,0.21883178,-0.19544481,0.0533297007,0.0560531314,11.32562472
137.20000000,1.69523308,4.28940786,-1.07013094,-0.73979306,0.83292301,-0.09458059,0.0590548486,0.0561780033,10.11732786
137.40000000,1.53348264,4.29926898,-0.97200098,-0.24512681,-0.67390035,0.85777105,0.0557482059,0.0561523983,10.45866785
137.60000000,1.66611976,4.21490847,-0.87171795,1.06653572,0.33347978,-0.03595548,0.0529722741,0.0560155616,10.70209141
137.80000000,1.72285685,4.39425142,-0.90747555,-0.63008341,0.92338623,0.01878196,0.0595369532,0.0561976508,9.47569825
138.00000000,1.55697899,4.43007667,-0.80998386,-0.47330713,-0.57401310,0.83455936,0.0567934713,0.0563125704,9.63485699
138.20000000,1.64260633,4.32053094,-0.67487219,1.07060304,0.01127125,0.32199703,0.0515435170,0.0561407912,10.11320099
138.40000000,1.76701835,4.47168161,-0.65792428,-0.17438875,1.10209747,0.07049628,0.0586829266,0.0560512201,8.98745197
138.60000000,1.61841332,4.58647367,-0.58623865,-0.88815027,-0.17299745,0.65670464,0.0600158681,0.0566042335,8.68666805
138.80000000,1.57545557,4.45849108,-0.43831809,0.61720463,-0.65258871,0.66572249,0.0512980746,0.0564147890,9.45568260
139.00000000,1.75184411,4.48110560,-0.34702679,0.61828175,0.87957248,0.30672452,0.0544001958,0.0559933405,8.97758498
139.20000000,1.71785491,4.66896153,-0.27699952,-0.84226679,0.57743946,0.45513769,0.0621491734,0.0565729237,8.12117408
139.40000000,1.55074330,4.63393861,-0.16470418,-0.42727324,-0.82272841,0.62494443,0.0565741768,0.0564431875,8.57030288
139.60000000,1.62151330,4.48787466,-0.04384488,0.94125619,-0.19278487,0.57172614,0.0499273908,0.0566521440,9.20335482
139.80000000,1.75020578,4.59641031,0.06913590,-0.01077460,0.96598715,0.56280790,0.0579999151,0.0562358502,8.40505472
140.00000000,1.61769279,4.71250093,0.17370680,-1.01640966,-0.08022986,0.45877508,0.0619302237,0.0566074854,8.08490319
140.20000000,1.49823389,4.56875098,0.25440580,0.12136618,-1.03847253,0.39603669,0.0532266297,0.0564770290,8.99620062
140.40000000,1.63896596,4.47161011,0.35953694,0.82710032,0.30964751,0.68558259,0.0517810080,0.0566625016,9.25658150
140.60000000,1.66201368,4.61272945,0.50164234,-0.67880553,0.64611348,0.60972159,0.0607340729,0.0564685565,8.48149124
140.80000000,1.47326090,4.60023597,0.57281821,-0.75438462,-0.81556309,0.12554156,0.0583430751,0.0560580653,8.86762432
141.00000000,1.48926189,4.40591337,0.60642050,0.84837577,-0.61073201,0.39656647,0.0511922050,0.0568218359,9.93252500
141.20000000,1.62006211,4.44822241,0.74578670,-0.03574398,0.76055391,0.81870637,0.0570361098,0.0563873492,9.40933655
141.40000000,1.46791003,4.52489907,0.84549655,-1.06884506,-0.31970937,0.07318581,0.0597850844,0.0561245064,9.26430296
141.60000000,1.39212555,4.34838936,0.82242943,0.55846827,-0.96856217,-0.00071620,0.0529203411,0.0563983005,10.47642636
141.80000000,1.54925294,4.31832160,0.92218551,0.32112205,0.63986719,0.85874944,0.0553913875,0.0563273897,10.31117958
142.00000000,1.43161910,4.41997859,1.03326420,-1.11434139,-0.08868438,0.01945107,0.0593927138,0.0561334599,9.90870895
142.20000000,1.33862474,4.26936359,0.97163692,0.53831989,-0.95158593,-0.23387157,0.0535732954,0.0562094020,11.10000738
142.40000000,1.50044908,4.24308524,1.04947826,0.29586057,0.68396625,0.83346067,0.0556290735,0.0561928885,10.88784385
142.60000000,1.37195380,4.34474817,1.13687177,-1.08828032,-0.14443742,-0.21162179,0.0587273960,0.0560981377,10.47161899
142.80000000,1.32054392,4.19958271,1.04083112,0.80579697,-0.73634260,-0.24184874,0.0533289093,0.0561938333,11.62873687
143.00000000,1.47335508,4.23083953,1.12548742,-0.03016365,0.84095999,0.73612258,0.0566623866,0.0560893219,11.01223317
143.20000000,1.31274553,4.31407115,1.15631805,-0.90805417,-0.36135750,-0.54300863,0.0579213577,0.0560803013,10.79045901
143.40000000,1.33746746,4.17763285,1.04383533,1.06268630,-0.33925052,-0.07487937,0.0530319128,0.0561656852,11.75264284
143.60000000,1.45326415,4.27993438,1.13392357,-0.41728419,0.91366396,0.49101128,0.0577692564,0.0560767235,10.72375304
143.80000000,1.27905648,4.33221795,1.09936660,-0.60468118,-0.54206098,-0.76845986,0.0570522275,0.0561059591,10.75508253
144.00000000,1.36653822,4.22021566,0.98761684,1.11685300,0.04547958,0.02389542,0.0529369104,0.0560921560,11.38404934
144.20000000,1.44675273,4.37067443,1.05785926,-0.59353606,0.92003453,0.22638776,0.0585937597,0.0561149472,10.17511043
144.40000000,1.27586621,4.40851283,0.98405539,-0.46539322,-0.57765635,-0.83649405,0.0567448469,0.0561928589,10.28821709
144.60000000,1.37662173,4.30916028,0.86160310,1.10246781,0.14434533,-0.11717150,0.0524413777,0.0560743034,10.76433883
144.80000000,1.46700654,4.47442477,0.89243521,-0.46839899,1.01174793,0.08347766,0.0588856609,0.0561039683,9.54498663
145.00000000,1.29855551,4.54107410,0.81743154,-0.66488485,-0.44371762,-0.78169228,0.0579946018,0.0563824826,9.46800365
145.20000000,1.34414987,4.42281624,0.66981959,1.00254437,-0.19162704,-0.45627169,0.0513385024,0.0562125388,10.11151464
145.40000000,1.49320115,4.54658658,0.63956124,0.03423021,1.11673302,-0.04166107,0.0574561074,0.0559629987,9.11639835
145.60000000,1.36304292,4.68904499,0.58337661,-0.95893415,0.01791486,-0.57456448,0.0608964819,0.0566287281,8.58321322
145.80000000,1.28118092,4.57587001,0.43901336,0.39480215,-0.75881424,-0.71995293,0.0523685980,0.0563996040,9.31797385
146.00000000,1.45044525,4.55862147,0.33405906,0.78131017,0.71907683,-0.34997560,0.0528612180,0.0560665423,9.13373129
146.20000000,1.45400679,4.74921630,0.26442761,-0.72430468,0.74042382,-0.42089820,0.0616167358,0.0564414520,8.16126095
146.40000000,1.27865907,4.75036540,0.15895470,-0.62051128,-0.70752938,-0.60362897,0.0583657924,0.0565104559,8.39943785
146.60000000,1.30943873,4.59005733,0.03871926,0.85430203,-0.42913352,-0.57966583,0.0499806345,0.0567130449,9.19552029
146.80000000,1.45945117,4.66207610,-0.07651532,0.21140075,0.93184542,-0.58049448,0.0561726557,0.0562199814,8.57746775
147.00000000,1.35646461,4.80102791,-0.18581069,-1.00168939,0.12178696,-0.48144190,0.0623521653,0.0566273784,8.05311102
147.20000000,1.21026985,4.68392802,-0.26653754,-0.10750711,-1.05192132,-0.36318558,0.0548785229,0.0563175259,8.83191325
147.40000000,1.32893075,4.55199207,-0.36050423,0.91623557,0.07891924,-0.63583341,0.0508259563,0.0568009915,9.37711064
147.60000000,1.39097344,4.67774623,-0.50453327,-0.49174955,0.74116639,-0.67738819,0.0596352029,0.0564282470,8.60101808
147.80000000,1.20911437,4.69852413,-0.59012131,-0.88777546,-0.65954109,-0.16389107,0.0595331283,0.0561370695,8.75127880
148.00000000,1.18753042,4.50288898,-0.61430139,0.73413812,-0.79679478,-0.27596975,0.0516930562,0.0567102551,9.89352057
148.20000000,1.33800149,4.50999519,-0.73844218,0.19944236,0.70918899,-0.84099567,0.0556851299,0.0564212921,9.58932806
148.40000000,1.21383477,4.60557058,-0.85774048,-1.09259859,-0.14453320,-0.18798529,0.0602231457,0.0562179987,9.22922333
148.60000000,1.10587046,4.44572917,-0.83690445,0.36766770,-1.04913246,0.11891822,0.0537409726,0.0562279886,10.36943965
148.80000000,1.26699151,4.38299777,-0.91100199,0.54002842,0.52896422,-0.82375127,0.0543719420,0.0563759280,10.48526991
149.00000000,1.18265784,4.49395244,-1.04068529,-1.10301193,0.06703140,-0.16991606,0.0595687783,0.0561900390,9.90119953
149.20000000,1.06004339,4.36209855,-0.98644391,0.34090461,-1.00358372,0.35581422,0.0542595969,0.0560957785,10.98809833
149.40000000,1.22553582,4.30757526,-1.03568933,0.51619000,0.58801718,-0.79861360,0.0547947402,0.0562191834,11.05194885
149.60000000,1.12645582,4.41970716,-1.14452222,-1.11673359,0.00441075,0.05372744,0.0589928285,0.0561431296,10.43660935
149.80000000,1.04150769,4.28821780,-1.05105380,0.64180894,-0.82216846,0.40264166,0.0537730277,0.0561297216,11.54283445
150.00000000,1.20829530,4.29380516,-1.10961020,0.19634356,0.79877781,-0.75723393,0.0559144383,0.0560844391,11.16091573
150.20000000,1.06621090,4.39413125,-1.16706839,-1.01649701,-0.21814383,0.41127497,0.0584084227,0.0561225368,10.70022470
150.40000000,1.05424075,4.26198449,-1.04614399,0.97591911,-0.47583254,0.26676821,0.0531455311,0.0561551531,11.72064657
150.60000000,1.19553453,4.34295405,-1.11823637,-0.21403035,0.93492288,-0.57455218,0.0571186281,0.0560401333,10.83833994
150.80000000,1.02647689,4.41844641,-1.11175970,-0.77964023,-0.41666360,0.68450899,0.0577767004,0.0561511518,10.61791325
151.00000000,1.07820805,4.30102044,-0.98311057,1.09955411,-0.12260848,0.16108358,0.0527479944,0.0561231047,11.39934447
151.20000000,1.18948680,4.43455391,-1.04253073,-0.41683404,0.98319084,-0.33103649,0.0579684958,0.0560520837,10.26215098
151.40000000,1.01709445,4.49944071,-0.99483678,-0.66179712,-0.46048412,0.77458308,0.0576866634,0.0562459130,10.13030225
151.60000000,1.08093725,4.39045837,-0.85566992,1.08089459,-0.04315497,0.28249698,0.0521640398,0.0561244098,10.78057620
151.80000000,1.20149242,4.53645973,-0.87489975,-0.27991856,1.07087686,-0.15769702,0.0580400039,0.0560174744,9.64437856
152.00000000,1.03846262,4.63241296,-0.82262550,-0.82153984,-0.29367033,0.69916381,0.0590387224,0.0564463501,9.32330163
152.20000000,1.04199813,4.51243155,-0.66856062,0.87740685,-0.37460465,0.58294817,0.0515330802,0.0562560458,10.05534447
152.40000000,1.20825743,4.60424073,-0.62091919,0.24849121,1.08923768,0.04258397,0.0561095873,0.0559134360,9.26369692
152.60000000,1.10314753,4.76974939,-0.57749686,-0.98420636,0.21148145,0.48642928,0.0613986859,0.0565992426,8.51777903
152.80000000,0.98722283,4.67790576,-0.44071688,0.15436658,-0.81404737,0.75066493,0.0537889314,0.0563868353,9.14888049
153.00000000,1.13946417,4.62301328,-0.32308387,0.90280123,0.51975053,0.40596716,0.0515715799,0.0561823773,9.26354900
153.20000000,1.18101660,4.80764299,-0.25100462,-0.57118305,0.87533931,0.39690176,0.0606525653,0.0562980729,8.24182724
153.40000000,1.00586657,4.84533947,-0.15183969,-0.77814697,-0.55762300,0.57753258,0.0599555854,0.0566045630,8.25163650
153.60000000,0.99527306,4.68041374,-0.03364797,0.71256507,-0.63601113,0.58115476,0.0506139387,0.0566933068,9.12718047
153.80000000,1.15764479,4.71133248,0.08277443,0.42695237,0.84528713,0.59430745,0.0543261818,0.0562683152,8.75747484
154.00000000,1.08931136,4.86621076,0.19701003,-0.94311031,0.31533792,0.51098428,0.0622845891,0.0565946955,8.06440000
154.20000000,0.92351098,4.78050782,0.28000329,-0.32722452,-1.01251128,0.34313993,0.0566072773,0.0562372959,8.66353190
154.40000000,1.01271267,4.62073248,0.36313929,0.94722847,-0.16425922,0.57076890,0.0503688891,0.0568965057,9.44626110
154.60000000,1.11045807,4.72321869,0.50501011,-0.27895745,0.79804929,0.73164204,0.0582406059,0.0564033858,8.75164791
154.80000000,0.94345750,4.77487740,0.60597282,-0.98163581,-0.48573479,0.22461714,0.0604613191,0.0562439540,8.66695851
155.00000000,0.88496045,4.58592571,0.62574066,0.57444343,-0.94461531,0.16648319,0.0525345517,0.0565283456,9.80629441
155.20000000,1.04636758,4.55622364,0.73063117,0.42870668,0.61825067,0.82702884,0.0543675607,0.0564856981,9.77199495
155.40000000,0.95586603,4.66538550,0.86642415,-1.07239337,0.02576333,0.31513284,0.0603711624,0.0562829019,9.23134423
155.60000000,0.82009953,4.52669754,0.85415655,0.15592374,-1.08817370,-0.20387688,0.0546987170,0.0560734900,10.23833324
155.80000000,0.97627459,4.43335070,0.90110851,0.73535468,0.39091722,0.74594720,0.0534910915,0.0564360631,10.64557194
156.00000000,0.92922943,4.54858814,1.04405698,-1.04835568,0.21233624,0.32536700,0.0595112350,0.0562264264,9.92857701
156.20000000,0.78170907,4.43832001,1.00370060,0.12498493,-1.02094535,-0.43823436,0.0550443424,0.0560022924,10.85665445
156.40000000,0.94239430,4.35752164,1.02315006,0.71687923,0.46965738,0.71798754,0.0540506246,0.0562566975,11.20556032
156.60000000,0.87727032,4.47606150,1.14820714,-1.10256425,0.14592120,0.11427636,0.0590724487,0.0561706701,10.43390492
156.80000000,0.76182308,4.36124556,1.06451110,0.44516511,-0.87819201,-0.52972334,0.0543556797,0.0560621981,11.42730281
157.00000000,0.93476259,4.34149656,1.09366473,0.42068491,0.73336935,0.73156927,0.0551690713,0.0560932666,11.31313778
157.20000000,0.81735278,4.45578257,1.17440931,-1.08566724,-0.07525492,-0.25624861,0.0587450528,0.0561576395,10.63830470
157.40000000,0.76872404,4.33178287,1.05257721,0.84004666,-0.59052196,-0.44227302,0.0534511716,0.0561267265,11.64722316
157.60000000,0.92938668,4.38967975,1.10096667,0.00486796,0.93223908,0.61717631,0.0563945020,0.0560153348,10.97009287
157.80000000,0.77272383,4.48622884,1.12161516,-0.92151287,-0.28244077,-0.56660501,0.0583808538,0.0561921011,10.50327765
158.00000000,0.78605002,4.36797696,0.98299036,1.02605385,-0.27893977,-0.34555187,0.0527859934,0.0561368435,11.36856153
158.20000000,0.92379141,4.48107249,1.02492068,-0.21627136,1.02090664,0.40121855,0.0572162399,0.0559977775,10.37369726
158.40000000,0.75760720,4.57148219,1.00336854,-0.82643463,-0.32754827,-0.67802502,0.0585043023,0.0562971277,9.99320218
158.60000000,0.78142128,4.45837162,0.85405232,1.00106468,-0.22011156,-0.44656512,0.0521786626,0.0561615562,10.74694788
158.80000000,0.92674962,4.58054066,0.85575141,-0.07235241,1.09796076,0.19810931,0.0570516935,0.0559506907,9.76782478
159.00000000,0.77686282,4.70343925,0.82482925,-0.93799129,-0.12992870,-0.59438276,0.0598490754,0.0564824454,9.20785423
159.20000000,0.73856881,4.58853280,0.67064259,0.70304621,-0.52758671,-0.69092567,0.0521280463,0.0562726022,9.94919070
159.40000000,0.91320080,4.64526715,0.60295783,0.45680517,1.01776478,-0.07405328,0.0547343886,0.0559111931,9.41761698
159.60000000,0.83864519,4.82821554,0.56859677,-0.96423878,0.40124540,-0.39905602,0.0614938238,0.0565196184,8.49279004
159.80000000,0.69495154,4.76299320,0.44256150,-0.08885626,-0.81831828,-0.75661070,0.0554210627,0.0564069913,8.96492737
160.00000000,0.82126521,4.67491941,0.31436334,0.97165113,0.29210402,-0.46964809,0.0506593073,0.0563165218,9.35087725
160.20000000,0.89912290,4.84469636,0.23723183,-0.38822020,0.97536561,-0.38463879,0.0593244738,0.0561697088,8.35859563
160.40000000,0.73243898,4.91774247,0.14332244,-0.89540621,-0.38197316,-0.54985837,0.0612198933,0.0566834544,8.13596492
160.60000000,0.68150253,4.75763036,0.02824499,0.52735800,-0.79989169,-0.57625239,0.0517601735,0.0566031754,9.00733563
160.80000000,0.84624448,4.74534983,-0.08811043,0.62252756,0.70716024,-0.60198324,0.0526272073,0.0563777100,8.92895361
161.00000000,0.81624596,4.90814005,-0.20695663,-0.84255000,0.49286076,-0.54515848,0.0617294156,0.0565224817,8.11844547
161.20000000,0.63865317,4.85691717,-0.29433323,-0.52658395,-0.92667319,-0.33761835,0.0582722151,0.0562482410,8.50616138
161.40000000,0.69303093,4.67763121,-0.36798424,0.91682902,-0.40378629,-0.49636799,0.0504436640,0.0569064621,9.45649406
161.60000000,0.82099710,4.74994661,-0.50356069,-0.04854971,0.81224432,-0.76674773,0.0566590200,0.0564107269,8.92498363
161.80000000,0.67639219,4.82886235,-0.61966147,-1.03295767,-0.30175783,-0.30321720,0.0610649399,0.0563430222,8.61956470
162.00000000,0.58362535,4.65374103,-0.64030273,0.38127599,-1.04815499,-0.07745799,0.0536288620,0.0563127626,9.68281070
162.20000000,0.74650718,4.58749382,-0.72346442,0.63882658,0.48999514,-0.77576115,0.0532017692,0.0565718775,9.94352527
162.40000000,0.69406803,4.70441433,-0.87128123,-1.00801544,0.18663378,-0.44617565,0.0602137714,0.0563210396,9.27120133
162.60000000,0.53621762,4.59027821,-0.87320084,-0.06396654,-1.08779663,0.25021347,0.0557237045,0.0559603463,10.09649712
162.80000000,0.67878559,4.46954358,-0.89359513,0.89460988,0.23068407,-0.62964913,0.0528215605,0.0564924720,10.77948346
163.00000000,0.67144517,4.58398533,-1.04337029,-0.95103786,0.34473768,-0.47611230,0.0592192451,0.0562396592,9.99030030
163.20000000,0.50494165,4.49728927,-1.02236886,-0.09738732,-1.00662338,0.47668133,0.0558758038,0.0559407323,10.71743352
163.40000000,0.65254288,4.39295078,-1.01291781,0.88582482,0.33237731,-0.59568423,0.0534523325,0.0562965247,11.33739266
163.60000000,0.62453690,4.51382032,-1.14780630,-1.04530200,0.27842235,-0.28253270,0.0589595729,0.0561818172,10.46391799
163.80000000,0.48307944,4.41800972,-1.08032638,0.22703593,-0.90546661,0.61529253,0.0550367485,0.0560068684,11.29235785
164.00000000,0.65387076,4.37393698,-1.07872937,0.63118142,0.64597163,-0.65903768,0.0544758310,0.0561147106,11.45890931
164.20000000,0.56636988,4.49892484,-1.17791299,-1.11271507,0.06518973,0.08726672,0.0589117179,0.0561775846,10.60715911
164.40000000,0.48286614,4.38642689,-1.06261606,0.66274590,-0.68092200,0.58916305,0.0539293758,0.0560896376,11.53869196
164.60000000,0.65554547,4.42015221,-1.08311908,0.22966375,0.90520555,-0.61470113,0.0556394161,0.0560056588,11.11120682
164.80000000,0.51809300,4.53530682,-1.12822028,-1.02505550,-0.14271716,0.42295749,0.0588271684,0.0562224728,10.41604503
165.00000000,0.49225375,4.42058593,-0.98707436,0.89978508,-0.41784616,0.51554960,0.0530575510,0.0561315015,11.29332111
165.20000000,0.65020452,4.51032972,-1.00596903,-0.00027071,1.03149713,-0.43129294,0.0563804555,0.0559606373,10.50310022
165.40000000,0.49769135,4.62419894,-1.00885252,-0.95334606,-0.18326571,0.55456738,0.0591415628,0.0563317431,9.88319687
165.60000000,0.48042781,4.51238643,-0.85651959,0.86701142,-0.37832484,0.59595429,0.0525003348,0.0561760757,10.66500820
165.80000000,0.64343691,4.60697710,-0.83600561,0.14474379,1.09028556,-0.20081492,0.0559802459,0.0559126351,9.90696074
166.00000000,0.51382477,4.75365486,-0.82354199,-1.01093368,0.04211807,0.47564606,0.0603716961,0.0564779184,9.12655885
166.20000000,0.43605200,4.65014540,-0.67531235,0.49123402,-0.64321624,0.77133781,0.0530798995,0.0562740108,9.80313570
166.40000000,0.60938527,4.67041739,-0.58660637,0.64620614,0.90240513,0.13447158,0.0534303063,0.0559540476,9.56396141
166.60000000,0.56949634,4.86426636,-0.55689315,-0.90045019,0.58101306,0.31876837,0.0611819317,0.0564001827,8.50884066
166.80000000,0.40535854,4.82963192,-0.44371066,-0.32126504,-0.77491259,0.73912059,0.0571107250,0.0564695068,8.78204923
167.00000000,0.49850116,4.71473363,-0.30794139,0.98045903,0.05027417,0.53495102,0.0502269777,0.0564337401,9.38346713
167.20000000,0.60873380,4.86109470,-0.22362377,-0.18231134,1.03380718,0.38471456,0.0577271946,0.0560806474,8.50463825
167.40000000,0.45838433,4.96676001,-0.13350874,-0.96955160,-0.18924638,0.52359861,0.0620669062,0.0567099443,8.05850785
167.60000000,0.37025421,4.82014462,-0.02216722,0.31308000,-0.91202657,0.56585197,0.0532999622,0.0564876318,8.85089801
167.80000000,0.52710633,4.76529922,0.09283632,0.78408259,0.52241059,0.60191501,0.0512395443,0.0565254439,9.07417278
168.00000000,0.53734661,4.92717013,0.21540115,-0.70276915,0.64691262,0.58105042,0.0607223011,0.0564325991,8.21297352
168.20000000,0.35615625,4.91187970,0.30897931,-0.69704809,-0.80224844,0.34716193,0.0597471738,0.0563278603,8.37183915
168.40000000,0.37263082,4.72211776,0.37536115,0.82752087,-0.62367812,0.41980330,0.0510253851,0.0568155172,9.40795524
168.60000000,0.52336104,4.75887992,0.50087076,0.18904724,0.78036377,0.77800613,0.0550241995,0.0564617176,9.10968777
168.80000000,0.40797069,4.86028781,0.63062904,-1.03997722,-0.11445943,0.39414009,0.0613003921,0.0564097158,8.61182733
169.00000000,0.28528364,4.70507042,0.65728656,0.16819327,-1.10519685,0.01584123,0.0548788842,0.0561236828,9.53780779
169.20000000,0.44011807,4.60436238,0.71804189,0.81622059,0.32901306,0.68958999,0.0522937646,0.0566642387,10.08941939
169.40000000,0.42851142,4.72284965,0.87229572,-0.90053592,0.33399761,0.57225926,0.0597549388,0.0563349367,9.34775536
169.60000000,0.25534743,4.63563603,0.89294782,-0.27983676,-1.05176542,-0.25589234,0.0567487035,0.0559110919,9.95663092
169.80000000,0.37649875,4.49169085,0.88938677,1.00689221,0.05465663,0.48288791,0.0524143839,0.0565313834,10.87584160
170.00000000,0.40944684,4.60030423,1.03886494,-0.81327201,0.46200767,0.61248473,0.0587072995,0.0562379835,10.08440286
170.20000000,0.23081082,4.53843669,1.04134525,-0.31466151,-0.96435178,-0.47012101,0.0567030999,0.0559237761,10.58146153
170.40000000,0.35776997,4.41389126,1.00590473,1.01208914,0.18049620,0.43942770,0.0530427037,0.0563258636,11.43704807
170.60000000,0.36840137,4.53303143,1.14343286,-0.94600954,0.40059920,0.44111930,0.0586589171,0.0561761154,10.52579674
170.80000000,0.20663508,4.45798656,1.09748362,-0.00070738,-0.90607636,-0.65500010,0.0557716688,0.0559753788,11.14879413
171.00000000,0.36700176,4.39119203,1.06584536,0.81580194,0.53823500,0.54292751,0.0538817671,0.0561456538,11.58759506
171.20000000,0.31341708,4.52350481,1.17737137,-1.09632458,0.20174697,0.08585208,0.0588989334,0.0561778950,10.60794615
171.40000000,0.19844550,4.42539111,1.07548909,0.45431699,-0.74602382,-0.69788576,0.0545477323,0.0560538525,11.40408197
171.60000000,0.37497479,4.43447710,1.06576703,0.44917578,0.85342199,0.56560765,0.0548988319,0.0560126475,11.25227288
171.80000000,0.26278622,4.56549851,1.13106889,-1.08671433,0.00003389,-0.26277740,0.0590896495,0.0562340539,10.35950873
172.00000000,0.19891559,4.45835542,0.99485518,0.72814854,-0.53487875,-0.65856239,0.0535497481,0.0561169747,11.17954203
172.20000000,0.36948700,4.52251737,0.98673216,0.22099571,1.01320406,0.41782583,0.0555094376,0.0559447955,10.64172251
172.40000000,0.23752295,4.65725923,1.01070756,-1.03845323,-0.03131897,-0.41307870,0.0595582644,0.0563410328,9.80469063
172.60000000,0.18018985,4.55192578,0.86249733,0.68709464,-0.51106671,-0.71882666,0.0531146887,0.0561754266,10.54144410
172.80000000,0.35247985,4.61621509,0.81675067,0.36008019,1.04563255,0.16430099,0.0548916851,0.0559074126,10.05106319
173.00000000,0.24936821,4.78270004,0.81851637,-1.03876495,0.21760214,-0.35159166,0.0605765236,0.0564318260,9.08237641
173.20000000,0.13631974,4.69622877,0.68160196,0.25597751,-0.71730416,-0.81850489,0.0543044336,0.0562852463,9.63084533
173.40000000,0.29853051,4.68052149,0.57268320,0.80324460,0.74603921,-0.21959873,0.0523022308,0.0560355653,9.68716374
173.60000000,0.29572739,4.87792487,0.54279929,-0.79533265,0.74453419,-0.25122661,0.0604891376,0.0562627913,8.56474147
173.80000000,0.11911609,4.87649363,0.44343810,-0.53175732,-0.68922553,-0.70157132,0.0587070052,0.0565583270,8.61394024
174.00000000,0.17398094,4.74251202,0.30363042,0.92709593,-0.18943031,-0.59549079,0.0503342883,0.0565018432,9.35571556
174.20000000,0.31047023,4.85782224,0.21066822,0.03765064,1.04456796,-0.39681256,0.0559795295,0.0560473908,8.66992014
174.40000000,0.18368651,4.99186941,0.12262616,-0.99928440,0.01230810,-0.50127757,0.0624388034,0.0566775426,8.02284508
174.60000000,0.06324012,4.86629581,0.01515428,0.08497348,-0.96879513,-0.55155734,0.0550803893,0.0564092327,8.67549924
174.80000000,0.20248493,4.77222189,-0.09734780,0.89856280,0.30067842,-0.59344535,0.0503037775,0.0566794018,9.17626944
175.00000000,0.25277453,4.92391902,-0.22222385,-0.52776287,0.77004250,-0.61522427,0.0593332998,0.0563536747,8.34348345
175.20000000,0.07630992,4.94443216,-0.32335999,-0.83244319,-0.64749194,-0.37120415,0.0609259935,0.0564324817,8.26936374
175.40000000,0.05412139,4.75329691,-0.38533712,0.68714670,-0.81020220,-0.34842762,0.0520392585,0.0566405216,9.30841363
175.60000000,0.21862632,4.75108336,-0.49777969,0.42118146,0.70089911,-0.76246089,0.0534842500,0.0565561209,9.29165933
175.80000000,0.13821550,4.86917567,-0.63850515,-1.00200789,0.06989509,-0.49101411,0.0611461929,0.0564414006,8.64460693
176.00000000,-0.00864387,4.73875846,-0.67580548,-0.05125999,-1.11676745,0.01424326,0.0561873478,0.0560032380,9.38641014
176.20000000,0.12923842,4.60730935,-0.71534525,0.94847697,0.14242754,-0.57454837,0.0517222267,0.0567338207,10.19637898
176.40000000,0.15930462,4.72099416,-0.86970917,-0.75251661,0.46393323,-0.68445943,0.0590200237,0.0563356319,9.45831915
176.60000000,-0.02165260,4.66213122,-0.91229204,-0.48086975,-0.98463904,0.22192398,0.0577109624,0.0559226304,9.82969134
176.80000000,0.07161979,4.49984450,-0.88915207,1.06433408,-0.12960733,-0.31685154,0.0522932182,0.0565289739,10.92665907
177.00000000,0.14344447,4.59776345,-1.03102272,-0.63900873,0.56187429,-0.72523453,0.0580057830,0.0562312758,10.20736999
177.20000000,-0.03985196,4.56135582,-1.05954132,-0.51644900,-0.89799742,0.42057231,0.0574778724,0.0559465850,10.45825332
177.40000000,0.06008950,4.42037227,-1.00279607,1.08718277,0.01911008,-0.26013158,0.0528475887,0.0563365433,11.49642885
177.60000000,0.10905073,4.53377765,-1.13543003,-0.80739338,0.51113252,-0.58039596,0.0581869232,0.0561610306,10.61737719
177.80000000,-0.06639507,4.48078647,-1.11490741,-0.22645272,-0.88257133,0.64790973,0.0565143002,0.0559728975,11.00689874
178.00000000,0.07579924,4.39337512,-1.05593754,0.96320650,0.41243657,-0.39003758,0.0534275576,0.0561753701,11.68891595
178.20000000,0.05863845,4.52950319,-1.17280325,-1.03674079,0.33328635,-0.25315755,0.0587077038,0.0561606352,10.64059453
178.40000000,-0.08298298,4.44824123,-1.09024163,0.22656472,-0.78592587,0.76222631,0.0552634018,0.0560318976,11.25385765
178.60000000,0.08890092,4.43283856,-1.04998499,0.65137527,0.77676823,-0.47153089,0.0542190897,0.0560349224,11.38271444
178.80000000,0.00694708,4.57667777,-1.12988063,-1.10458392,0.14391864,0.09582170,0.0591546275,0.0562226610,10.33553842
179.00000000,-0.09204982,4.48082122,-1.00554907,0.52159578,-0.62698508,0.76474018,0.0542294358,0.0561002643,11.03644304
179.20000000,0.08265813,4.51793509,-0.96832063,0.43591595,0.96450615,-0.36014605,0.0546551138,0.0559523062,10.77909068
179.40000000,-0.02279150,4.67041799,-1.00859274,-1.07942646,0.12514958,0.26301348,0.0597313677,0.0563162066,9.76040734
179.60000000,-0.11728185,4.57637867,-0.87112726,0.47287359,-0.61354530,0.80619646,0.0539764687,0.0561743485,10.38683502
179.80000000,0.05510710,4.60883626,-0.79907298,0.56104603,0.96288016,-0.08993971,0.0538574423,0.0559342426,10.18741065
180.00000000,-0.01649751,4.79034518,-0.80976158,-1.02135241,0.39189354,0.23077847,0.0604565739,0.0563482217,9.07655471
180.20000000,-0.15911579,4.72574331,-0.68843427,0.01173628,-0.74865648,0.83028654,0.0556885050,0.0563237719,9.44723777
180.40000000,-0.01728405,4.67641228,-0.56181317,0.91540148,0.55496212,0.32257895,0.0514535366,0.0561359245,9.77223302
180.60000000,0.01745325,4.86943062,-0.52689444,-0.65255230,0.88525780,0.20123153,0.0594647138,0.0561299412,8.65735467
180.80000000,-0.16334846,4.90245986,-0.44118482,-0.71192771,-0.56774255,0.64871206,0.0600774161,0.0566387831,8.47133795
181.00000000,-0.14949730,4.75793103,-0.30102763,0.81532821,-0.41067277,0.64543612,0.0509844075,0.0565077045,9.27005241
181.20000000,0.00522211,4.83611126,-0.19878656,0.26051421,1.00299780,0.41967579,0.0542198055,0.0560783481,8.84110788
181.40000000,-0.09167161,4.99282931,-0.11099459,-0.98431272,0.21473390,0.48478637,0.0623120190,0.0565906535,8.03045131
181.60000000,-0.23823542,4.89446901,-0.00705716,-0.14274138,-0.97103835,0.53545254,0.0569356526,0.0564006994,8.49848830
181.80000000,-0.12502372,4.76689215,0.10207731,0.95599167,0.05599851,0.57701308,0.0499166065,0.0567858664,9.22243892
182.00000000,-0.03719310,4.89927016,0.22745760,-0.32326089,0.85487709,0.64396239,0.0576662150,0.0563100595,8.50280622
182.20000000,-0.20071555,4.95391666,0.33690419,-0.92846218,-0.47049121,0.40816173,0.0617260044,0.0565182294,8.20461167
182.40000000,-0.26015957,4.77004687,0.39772422,0.50748336,-0.95343816,0.28881882,0.0533761854,0.0564285613,9.17140664
182.60000000,-0.09176863,4.72768003,0.49521124,0.63360754,0.57510304,0.71958180,0.0521854907,0.0566782917,9.45494867
182.80000000,-0.13286088,4.85574000,0.64313451,-0.91945152,0.24534553,0.58686835,0.0606059956,0.0564393545,8.71701956
183.00000000,-0.29706132,4.75382276,0.69487407,-0.26469587,-1.08618801,-0.01147592,0.0574622320,0.0559679875,9.24232596
183.20000000,-0.18380879,4.59669194,0.71613309,1.02606859,-0.06034830,0.43993333,0.0515277610,0.0567533722,10.25451989
183.40000000,-0.11336728,4.69925888,0.86401694,-0.56827938,0.57243268,0.77419595,0.0580566710,0.0563315520,9.59836080
183.60000000,-0.29415710,4.66931262,0.93018936,-0.65795622,-0.89108200,-0.15187653,0.0585532954,0.0559813608,9.72441901
183.80000000,-0.23350639,4.49398743,0.89323498,1.06324379,-0.31392862,0.14478075,0.0524538445,0.0564773382,10.92853303
184.00000000,-0.12624143,4.57664754,1.02054960,-0.43411009,0.64179317,0.80600866,0.0571604447,0.0562288224,10.35395879
184.20000000,-0.30642840,4.56578425,1.07595236,-0.69390989,-0.81109623,-0.33258377,0.0581556151,0.0559976900,10.35546001
184.40000000,-0.23833212,4.41242186,1.00398544,1.10616924,-0.14612360,0.07097536,0.0528743560,0.0563151584,11.51100570
184.60000000,-0.15324949,4.51618366,1.12435909,-0.63391041,0.60837921,0.69139882,0.0575714103,0.0561429566,10.73506410
184.80000000,-0.33513216,4.48614286,1.13153809,-0.43957934,-0.83747879,-0.59615373,0.0572195413,0.0559963557,10.87571989
185.00000000,-0.21786373,4.38064745,1.04973670,1.06392590,0.27164227,0.21040950,0.0531441292,0.0561971509,11.75419228
185.20000000,-0.19779853,4.51693230,1.16445359,-0.93580499,0.45861082,0.40490138,0.0583493941,0.0561325539,10.70379736
185.40000000,-0.36011597,4.45463918,1.10581517,-0.00832686,-0.80143496,-0.77950797,0.0560269033,0.0560316493,11.09868524
185.60000000,-0.20118143,4.41550614,1.03677106,0.82425524,0.67576537,0.33755661,0.0536449878,0.0560660003,11.49160185
185.80000000,-0.24930344,4.56876308,1.12461031,-1.07835588,0.28727318,0.06799057,0.0590207850,0.0561907964,10.34468746
186.00000000,-0.37897307,4.48756418,1.01816992,0.29238691,-0.69243926,-0.82767009,0.0550458638,0.0560962950,10.87513042
186.20000000,-0.20898072,4.49699754,0.95182340,0.63204343,0.88458777,0.26081714,0.0538717449,0.0559804095,10.90343609
186.40000000,-0.28317620,4.66350642,1.00241805,-1.07554142,0.28323016,-0.11397953,0.0596547482,0.0562667427,9.75155706
186.60000000,-0.41026700,4.58513284,0.88135517,0.23761847,-0.68298463,-0.85268368,0.0550140387,0.0561890718,10.21387749
186.80000000,-0.24712896,4.58553863,0.78396994,0.73452153,0.84271350,-0.01766584,0.0529526065,0.0559893195,10.30223354
187.00000000,-0.28374074,4.77649416,0.79753517,-0.95988530,0.56026118,-0.12135743,0.0600258357,0.0562445685,9.10872473
187.20000000,-0.44909807,4.73770711,0.69473023,-0.22804331,-0.73847081,-0.80787196,0.0571062026,0.0563905963,9.26649717
187.40000000,-0.33566898,4.65883301,0.55435390,0.97283323,0.33896299,-0.43439568,0.0509755182,0.0562348010,9.80728231
187.60000000,-0.26509643,4.83926271,0.50988653,-0.47720426,0.99624934,-0.17252056,0.0581782031,0.0560205618,8.78125324
187.80000000,-0.44178069,4.90663725,0.43659155,-0.85581757,-0.41733315,-0.58601137,0.0611172246,0.0566834129,8.36199814
188.00000000,-0.46931378,4.76031004,0.29956184,0.65420282,-0.59929069,-0.68034501,0.0521194387,0.0564751008,9.13636012
188.20000000,-0.30578984,4.79739214,0.18829695,0.47300826,0.90705466,-0.45112640,0.0525983958,0.0561694267,9.00201876
188.40000000,-0.36769625,4.96967637,0.09899170,-0.92514816,0.41011955,-0.47529237,0.0616966987,0.0564667221,8.08088757
188.60000000,-0.53322484,4.90320756,-0.00214756,-0.35798209,-0.92284546,-0.51981255,0.0587050561,0.0564614860,8.33489288
188.80000000,-0.45260182,4.74970590,-0.10744207,0.95136280,-0.19461114,-0.55410769,0.0501154085,0.0568148988,9.20684708
189.00000000,-0.33211150,4.85436834,-0.23129929,-0.09725956,0.89451468,-0.66361440,0.0558553225,0.0563189269,8.68066881
189.20000000,-0.47483516,4.93996166,-0.34909326,-0.98218184,-0.27895426,-0.45552536,0.0620905679,0.0565591238,8.18100504
189.40000000,-0.56823000,4.77114480,-0.41210999,0.30229930,-1.04788063,-0.24609211,0.0549095573,0.0562445542,9.01339009
189.60000000,-0.40599457,4.68977333,-0.49408321,0.81177273,0.40775326,-0.65173792,0.0512528065,0.0568007473,9.58358427
189.80000000,-0.40523155,4.82037652,-0.64459591,-0.79398001,0.40594269,-0.67439327,0.0597111278,0.0564202307,8.82636145
190.00000000,-0.57916273,4.74948697,-0.71349085,-0.46150109,-1.01808129,-0.02296154,0.0586196502,0.0560076253,9.11684840
190.20000000,-0.49651564,4.57271053,-0.72085622,1.04382498,-0.26837058,-0.29733255,0.0517097830,0.0566991678,10.25928162
190.40000000,-0.38919609,4.65816963,-0.85595063,-0.35417880,0.65528079,-0.83376523,0.0569339714,0.0563403153,9.76125288
190.60000000,-0.56173645,4.65689708,-0.94571991,-0.80378852,-0.77542788,0.05133827,0.0592252332,0.0560658343,9.64729385
190.80000000,-0.53650906,4.47403767,-0.90162115,1.00463705,-0.49022850,0.01950452,0.0528684034,0.0563774769,10.88326952
191.00000000,-0.39913517,4.53732173,-1.00834452,-0.20644974,0.69884920,-0.84793178,0.0562304946,0.0562369378,10.51703780
191.20000000,-0.56848062,4.55157763,-1.08971227,-0.83992283,-0.70661120,0.21267403,0.0586970142,0.0560609323,10.27883011
191.40000000,-0.53526967,4.39006711,-1.00953721,1.06833234,-0.30934178,0.11390203,0.0531130872,0.0562627613,11.48058124
191.60000000,-0.41811659,4.48043195,-1.11097739,-0.43183761,0.69013717,-0.76630735,0.0568505300,0.0561298521,10.87368098
191.80000000,-0.59891131,4.47389234,-1.14639656,-0.63093607,-0.77296802,0.50442057,0.0578455537,0.0560400525,10.76269524
192.00000000,-0.51194322,4.35321267,-1.04771330,1.11147854,0.11974881,-0.01660369,0.0530503208,0.0562015702,11.77758876
192.20000000,-0.45566804,4.48584462,-1.15278499,-0.79699422,0.57610183,-0.53188993,0.0578450526,0.0560996817,10.79492891
192.40000000,-0.63190554,4.44433794,-1.12112700,-0.23875196,-0.79365699,0.75040395,0.0567864472,0.0560534439,10.94846674
192.60000000,-0.49352625,4.38283217,-1.02696589,0.95692785,0.55194300,-0.17218599,0.0532170282,0.0561012915,11.56881998
192.80000000,-0.50583192,4.54171765,-1.11544854,-1.00927968,0.42828509,-0.21892104,0.0586984723,0.0561443059,10.38621970
193.00000000,-0.66046337,4.47822109,-1.03161675,0.05329997,-0.73058009,0.84463710,0.0559362186,0.0561124034,10.70715840
193.20000000,-0.50384112,4.46022870,-0.93822223,0.79702795,0.77388619,-0.12588333,0.0532140391,0.0560246777,11.00271434
193.40000000,-0.54355015,4.63643281,-0.99234445,-1.02756672,0.43988683,-0.02462123,0.0593379281,0.0561954774,9.77791240
193.60000000,-0.69736549,4.57760373,-0.89203219,-0.00517506,-0.71837364,0.85668695,0.0561387334,0.0562263978,10.03560599
193.80000000,-0.55235751,4.54709674,-0.77225749,0.86809995,0.68826188,0.15065876,0.0522524218,0.0560607867,10.38230505
194.00000000,-0.55227845,4.74119945,-0.78232531,-0.85683935,0.71755044,0.03078460,0.0593164400,0.0561325415,9.17683636
194.20000000,-0.73278785,4.73123581,-0.69950328,-0.45185703,-0.68957976,0.75518539,0.0584347709,0.0564702743,9.10079488
194.40000000,-0.65402298,4.62834624,-0.55034545,0.97002469,0.11064643,0.54480223,0.0509334575,0.0563057432,9.78595891
194.60000000,-0.55154289,4.78816318,-0.49256773,-0.27616618,1.07035815,0.16752814,0.0567168082,0.0559521676,8.92830576
194.80000000,-0.71603966,4.88836017,-0.42950956,-0.95945025,-0.24489231,0.51911749,0.0617537997,0.0566694421,8.29102748
195.00000000,-0.78315977,4.74869152,-0.29856381,0.45640488,-0.74488617,0.69773862,0.0536276084,0.0564338123,8.96968510
195.20000000,-0.62096191,4.74320357,-0.17938284,0.66052111,0.75856041,0.48815774,0.0512661563,0.0563030182,9.13506538
195.40000000,-0.64437399,4.92273085,-0.08701589,-0.82315247,0.59033555,0.47320603,0.0606358941,0.0563350239,8.17173391
195.60000000,-0.82106754,4.89128535,0.01235832,-0.55116071,-0.83027947,0.50681148,0.0602460903,0.0565546966,8.19650060
195.80000000,-0.77737524,4.72062672,0.11379427,0.88564025,-0.43343197,0.52704655,0.0508729165,0.0567474435,9.13208442
196.00000000,-0.63129961,4.79059967,0.23410496,0.13960237,0.88329036,0.67105091,0.0540578456,0.0563875187,8.86354851
196.20000000,-0.74602782,4.90246151,0.35950022,-0.99171964,-0.08026793,0.50995020,0.0619913185,0.0565546999,8.19990190
196.40000000,-0.86849266,4.75538993,0.42790846,0.08551657,-1.09211233,0.22355662,0.0565092502,0.0561397995,8.85093942
196.60000000,-0.72184848,4.63835465,0.49520620,0.94264389,0.20745495,0.56425609,0.0507710529,0.0568842730,9.66413613
196.80000000,-0.67882166,4.76366199,0.64321087,-0.62885628,0.54551949,0.74628966,0.0585219986,0.0564030590,8.96786020
197.00000000,-0.85438759,4.72518695,0.73071026,-0.63301815,-0.91756436,0.08581179,0.0595856301,0.0560964334,9.01855501
197.20000000,-0.80631995,4.53539707,0.72960899,1.00172555,-0.47031804,0.15920697,0.0522314897,0.0565720262,10.21236232
197.40000000,-0.66769830,4.59837800,0.84644339,-0.11878897,0.70812300,0.85700116,0.0557391852,0.0563697919,9.93808880
197.60000000,-0.82411805,4.62474273,0.95813655,-0.91280204,-0.64150174,0.07258066,0.0596847009,0.0561493314,9.60272537
197.80000000,-0.83510832,4.43986412,0.91394468,0.89401538,-0.65124343,-0.16315177,0.0534922652,0.0562472077,10.79750554
198.00000000,-0.67456187,4.48025017,0.99545248,0.03413851,0.72983619,0.84627046,0.0552849739,0.0562609947,10.68755952
198.20000000,-0.82571459,4.51868238,1.10013495,-0.94911183,-0.58690000,-0.06881224,0.0590695254,0.0561197778,10.23234585
198.40000000,-0.82854116,4.35333726,1.01918262,0.97723781,-0.46488785,-0.28086571,0.0535395525,0.0561887099,11.40930770
198.60000000,-0.68501279,4.42678539,1.09620458,-0.20925932,0.75354107,0.79899086,0.0560709641,0.0561275152,11.02635699
198.80000000,-0.85724990,4.44395090,1.15863650,-0.79309442,-0.69069764,-0.37939164,0.0583556373,0.0560870238,10.67356092
199.00000000,-0.80430478,4.31130777,1.05003258,1.10318899,-0.03862855,-0.17743137,0.0531517463,0.0561844197,11.75704626
199.20000000,-0.71465114,4.43635100,1.13846057,-0.62544969,0.68343079,0.62588740,0.0572242962,0.0560696057,10.90990692
199.40000000,-0.89754327,4.41716837,1.13514253,-0.45438023,-0.76366973,-0.67848887,0.0574920310,0.0560904965,10.81173307
199.60000000,-0.78617952,4.33523925,1.02117717,1.04080505,0.40810811,-0.01313885,0.0529684479,0.0561270620,11.60642096
199.80000000,-0.76245864,4.49556071,1.10281432,-0.90014481,0.56463115,0.34775133,0.0582084336,0.0560920249,10.45804519
200.00000000,-0.93541275,4.45248756,1.04476245,-0.18347785,-0.74146345,-0.81643605,0.0568326617,0.0561481252,10.54336570
200.20000000,-0.80006857,4.40824108,0.92830394,0.91981522,0.63458354,-0.03526605,0.0527341787,0.0560716775,11.06605472
200.40000000,-0.80379417,4.58919508,0.97877486,-0.93770587,0.59160323,0.14392125,0.0588040637,0.0561160707,9.83776768
200.60000000,-0.97749187,4.55325491,0.90201461,-0.24298418,-0.72003347,-0.82006737,0.0572562807,0.0562835992,9.86401095
200.80000000,-0.85842958,4.49430373,0.76448334,0.95157971,0.50543438,-0.29838255,0.0518260565,0.0561306876,10.41696776
201.00000000,-0.82194835,4.68468742,0.76482408,-0.71605848,0.85794628,0.03447363,0.0583756230,0.0560306684,9.27694130
201.20000000,-1.00960608,4.70556580,0.70193215,-0.65052661,-0.60577470,-0.67812399,0.0595670130,0.0565369055,8.95973671
201.40000000,-0.96966975,4.58526552,0.54949671,0.90681911,-0.11595252,-0.64361022,0.0513523853,0.0563401485,9.70890351
201.60000000,-0.84131343,4.71715161,0.47576197,-0.05844183,1.10071609,-0.18710595,0.0551828831,0.0559346401,9.08737933
201.80000000,-0.98605505,4.84718998,0.41999416,-1.02034058,-0.05727305,-0.45345882,0.0619475017,0.0565956304,8.26129267
202.00000000,-1.08911262,4.72195493,0.29734712,0.23618270,-0.84143926,-0.69727879,0.0553602439,0.0564299496,8.78720401
202.20000000,-0.93828677,4.67506490,0.17207116,0.80862183,0.56414163,-0.52713847,0.0503585046,0.0564507713,9.22378392
202.40000000,-0.92165787,4.85260978,0.07544900,-0.68082922,0.74686083,-0.47819501,0.0592045332,0.0562212187,8.29827744
202.60000000,-1.10132178,4.85774306,-0.02336242,-0.71499885,-0.70035861,-0.49827147,0.0614425421,0.0566386917,8.09179168
202.80000000,-1.09659018,4.67920658,-0.12138094,0.76546697,-0.64452727,-0.49864308,0.0521035728,0.0566069754,9.00849934
203.00000000,-0.93376260,4.70954462,-0.23636519,0.37407903,0.81788504,-0.66417539,0.0524408575,0.0565087618,9.03519057
203.20000000,-1.01432156,4.84156152,-0.36782562,-0.95609167,0.11827849,-0.56736136,0.0614303390,0.0565083238,8.26078816
203.40000000,-1.15971952,4.72170195,-0.44442083,-0.13010314,-1.08788386,-0.22266990,0.0580514222,0.0561317306,8.69873956
203.60000000,-1.03682722,4.57421378,-0.49918763,1.01668247,-0.01381283,-0.46493652,0.0507731797,0.0568903994,9.68837679
203.80000000,-0.95346351,4.68636132,-0.63953846,-0.42933521,0.65761453,-0.79574771,0.0571274870,0.0564082792,9.13433573
204.00000000,-1.12237587,4.68055876,-0.74570201,-0.77245171,-0.78973089,-0.17217284,0.0602978826,0.0562033950,8.95345118
204.20000000,-1.11074432,4.48463070,-0.74212497,0.90477278,-0.65573741,-0.03734523,0.0530301716,0.0563944936,10.12131877
204.40000000,-0.94816166,4.52067118,-0.83657504,0.12711171,0.72677273,-0.84002620,0.0545713105,0.0564224120,10.11773907
204.60000000,-1.08114850,4.57282283,-0.96690059,-0.98105911,-0.49266355,-0.21167344,0.0599002834,0.0562159859,9.59331242
204.80000000,-1.12721710,4.39131068,-0.92953232,0.74047539,-0.79104353,0.27558359,0.0542711153,0.0561126907,10.68146783
205.00000000,-0.95160939,4.40601272,-0.98300093,0.27614892,0.73154482,-0.79911448,0.0543971465,0.0562998563,10.85480436
205.20000000,-1.07794251,4.46711238,-1.10674349,-1.01779701,-0.45385430,-0.09003066,0.0592491885,0.0561673111,10.21841520
205.40000000,-1.11610331,4.30226958,-1.03234959,0.84018148,-0.60766833,0.41813190,0.0541188546,0.0560992074,11.30495503
205.60000000,-0.95321091,4.35561273,-1.08107560,0.02408499,0.79513347,-0.78560975,0.0552852237,0.0561386997,11.18454616
205.80000000,-1.10981077,4.39629100,-1.16758382,-0.92043143,-0.59183668,0.22920585,0.0587198757,0.0561309100,10.61243157
206.00000000,-1.09281640,4.25519255,-1.05653855,1.04051181,-0.19840243,0.35773126,0.0534406737,0.0561467734,11.69462696
206.20000000,-0.97430209,4.36864663,-1.12231681,-0.42796732,0.77738288,-0.68008811,0.0565238811,0.0560479995,11.04304756
206.40000000,-1.15643041,4.37302174,-1.14693601,-0.64657875,-0.71233230,0.56966536,0.0580988080,0.0561346804,10.69537149
206.60000000,-1.07704803,4.27319926,-1.01972011,1.07064140,0.24842385,0.20496972,0.0529221446,0.0561413818,11.59986175
206.80000000,-1.01892472,4.43038913,-1.08733885,-0.75528201,0.69317638,-0.44615646,0.0575801711,0.0560411009,10.55657783
207.00000000,-1.20297656,4.41011389,-1.05653472,-0.40714728,-0.72553845,0.74687687,0.0576692146,0.0561954549,10.39312826
207.20000000,-1.09559345,4.34170127,-0.92258164,0.99194031,0.47088654,0.21052386,0.0524774022,0.0561136746,11.08539505
207.40000000,-1.06371981,4.52190427,-0.96233602,-0.80960117,0.73408642,-0.23593022,0.0580875535,0.0560397897,9.92778448
207.60000000,-1.24984328,4.51160938,-0.91025113,-0.46503397,-0.68916688,0.74752419,0.0582774080,0.0563453200,9.70921468
207.80000000,-1.16299634,4.42790437,-0.76086082,0.97841734,0.30276070,0.44836979,0.0517274888,0.0561849563,10.40010075
208.00000000,-1.09247931,4.60739002,-0.74589109,-0.54293493,0.97489555,-0.06928444,0.0572629744,0.0559517816,9.40287801
208.20000000,-1.27917221,4.66006533,-0.70140969,-0.81716390,-0.49133972,0.58380513,0.0604190665,0.0565659907,8.85034124
208.40000000,-1.28001025,4.52962696,-0.55121522,0.78844001,-0.32710621,0.72205531,0.0522075346,0.0563425640,9.58363462
208.60000000,-1.13358763,4.62751970,-0.46026414,0.16468005,1.08160632,0.23023520,0.0536908858,0.0559725777,9.24444883
208.80000000,-1.25179954,4.78291751,-0.40828591,-1.03710399,0.13857902,0.39396849,0.0616905471,0.0564779741,8.27372233
209.00000000,-1.38565057,4.67893546,-0.29528487,0.00748405,-0.88700797,0.68055921,0.0571531643,0.0564786958,8.60550226
209.20000000,-1.25538563,4.59432712,-0.16622475,0.90512851,0.33536644,0.56415577,0.0499767373,0.0565648592,9.25600036
209.40000000,-1.19944038,4.76024334,-0.06462085,-0.50232401,0.87081114,0.48924284,0.0575077150,0.0561508029,8.45304044
209.60000000,-1.37371040,4.80189891,0.03486020,-0.84407262,-0.54041409,0.49547354,0.0622088023,0.0566782724,8.02632148
209.80000000,-1.40776212,4.62467438,0.13031819,0.60172421,-0.81564987,0.47185089,0.0536789248,0.0564514741,8.85172203
210.00000000,-1.23812286,4.61289575,0.23865962,0.59102120,0.69858610,0.64239505,0.0511626722,0.0566592826,9.17812321
210.20000000,-1.27977848,4.75765224,0.37392864,-0.87529275,0.30920325,0.62310188,0.0604421236,0.0564481101,8.36122757
210.40000000,-1.44100973,4.66918448,0.46089725,-0.33363269,-1.03901487,0.24318168,0.0594246726,0.0562000969,8.56857472
210.60000000,-1.34825331,4.49787363,0.50635911,1.02938764,-0.24196158,0.36306428,0.0512388719,0.0567987930,9.65511103
210.80000000,-1.22883973,4.58943692,0.63435171,-0.20304456,0.73563931,0.81707265,0.0556411466,0.0564449078,9.31592441
211.00000000,-1.38292710,4.61541761,0.75779814,-0.87465651,-0.63942867,0.27587492,0.0607080995,0.0562920856,8.92530067
211.20000000,-1.40751889,4.42017672,0.75781551,0.76201922,-0.81603251,-0.05846071,0.0540287367,0.0562046796,9.99799545
211.40000000,-1.22959792,4.42597410,0.82749621,0.37088528,0.70776775,0.78199036,0.0535312595,0.0564918168,10.28734350
211.60000000,-1.33275734,4.50120563,0.97170660,-1.00614071,-0.33201733,0.35699491,0.0598538085,0.0562583010,9.62005909
211.80000000,-1.41101498,4.32822296,0.94747583,0.55541499,-0.90524518,-0.34934990,0.0551466677,0.0559985874,10.54728594
212.00000000,-1.22910267,4.31531466,0.97212058,0.50699952,0.70124947,0.70795527,0.0536371459,0.0563472172,11.00702366
212.20000000,-1.32504555,4.39693309,1.10928915,-1.04391921,-0.30916401,0.25426421,0.0592224735,0.0561926592,10.23803528
212.40000000,-1.39612803,4.23691589,1.04822037,0.66717692,-0.73336570,-0.51676852,0.0548089841,0.0560220979,11.17766418
212.60000000,-1.22176770,4.26741220,1.06667995,0.25715150,0.81114038,0.72520645,0.0545479368,0.0561633745,11.33828966
212.80000000,-1.35636347,4.33092321,1.17276439,-1.00910112,-0.47722876,-0.06298922,0.0589166137,0.0561621407,10.58194966
213.00000000,-1.37544144,4.18513943,1.06676961,0.92877791,-0.35432560,-0.51168835,0.0538967211,0.0560982662,11.59616504
213.20000000,-1.23401755,4.28304143,1.10532481,-0.21291085,0.85384180,0.68965438,0.0557860006,0.0560398055,11.18698806
213.40000000,-1.40813985,4.31183189,1.15573780,-0.80859649,-0.64024652,-0.43157399,0.0585696074,0.0561727936,10.60459604
213.60000000,-1.36398726,4.19720768,1.02258415,1.04519844,0.07825764,-0.38914773,0.0530876839,0.0561357178,11.54878280
213.80000000,-1.27486106,4.34640713,1.06983974,-0.58056746,0.80978392,0.50714043,0.0568502184,0.0560008957,10.67655518
214.00000000,-1.46253777,4.35089656,1.06598328,-0.60875536,-0.68342540,-0.64214222,0.0583873377,0.0562418024,10.26401482
214.20000000,-1.38821062,4.26128684,0.92123767,1.00864140,0.28897224,-0.38618334,0.0524762099,0.0561401958,11.05688809
214.40000000,-1.32303940,4.43481628,0.94385039,-0.64839059,0.86208706,0.29393118,0.0572316914,0.0559762802,10.04276124
214.60000000,-1.51385203,4.45225368,0.91585160,-0.66265178,-0.62750979,-0.64585144,0.0591258472,0.0563953987,9.57915620
214.80000000,-1.46361966,4.34853212,0.76123714,0.94673987,0.09068840,-0.58775780,0.0519849390,0.0562151508,10.33139082
215.00000000,-1.36345772,4.50997733,0.72650580,-0.34463646,1.06126767,0.07026121,0.0560482934,0.0559070122,9.54597344
215.20000000,-1.54124768,4.59424003,0.69756951,-0.94688506,-0.35082744,-0.47992582,0.0609340405,0.0565477952,8.77729544
215.40000000,-1.58266036,4.46120551,0.55467685,0.62448351,-0.51097726,-0.77390089,0.0534239656,0.0563372722,9.42290198
215.60000000,-1.42724179,4.52079460,0.44677266,0.37987609,1.00963884,-0.29380873,0.0523626378,0.0560574159,9.38344144
215.80000000,-1.51327261,4.69557293,0.39478322,-1.00923999,0.33538163,-0.34489680,0.0610048895,0.0563356813,8.32740485
216.00000000,-1.67162129,4.61852555,0.29187084,-0.21729366,-0.88286887,-0.65063510,0.0588467218,0.0565656237,8.43879366
216.20000000,-1.56960367,4.50203312,0.16155331,0.94217706,0.08775506,-0.59548420,0.0501705583,0.0566203200,9.22662827
216.40000000,-1.47750728,4.64688671,0.05477798,-0.29404234,0.95328969,-0.50475525,0.0556774012,0.0561395508,8.62533149
216.60000000,-1.63808418,4.72334560,-0.04649626,-0.93431168,-0.35780933,-0.49903322,0.0624918277,0.0566562224,8.00321045
216.80000000,-1.70877040,4.55606481,-0.14058128,0.40752963,-0.93910394,-0.44944786,0.0554469075,0.0563447702,8.67944486
217.00000000,-1.54258263,4.50234079,-0.24159380,0.77487062,0.53031339,-0.60691287,0.0503512728,0.0567967103,9.27621668
217.20000000,-1.54247234,4.65137383,-0.37785109,-0.75059407,0.48457463,-0.67215769,0.0590948068,0.0563947713,8.49658755
217.40000000,-1.71173846,4.59715526,-0.47659456,-0.51612551,-0.95043281,-0.28335831,0.0605338976,0.0563040602,8.46913096
217.60000000,-1.65343196,4.40956730,-0.51674082,0.98189636,-0.46257945,-0.26814135,0.0521032757,0.0566268437,9.57042701
217.80000000,-1.50441802,4.47405286,-0.62859168,0.03980291,0.77336483,-0.80642580,0.0541930038,0.0565176666,9.50009708
218.00000000,-1.63596446,4.52973625,-0.76652956,-0.93592241,-0.47128578,-0.38979349,0.0607848142,0.0563514900,8.93595245
218.20000000,-1.69466962,4.34173848,-0.77584069,0.58508820,-0.94496779,0.12127521,0.0551452188,0.0560444831,9.85636892
218.40000000,-1.51071193,4.31533719,-0.82033427,0.59880579,0.64910906,-0.68563041,0.0527095860,0.0565665881,10.43338596
218.60000000,-1.57892195,4.41004381,-0.97249771,-0.98708336,-0.16272889,-0.49918508,0.0595428139,0.0562794380,9.68248425
218.80000000,-1.68498806,4.25047111,-0.96671902,0.35116278,-0.99092555,0.38046190,0.0560605396,0.0559286416,10.40734268
219.00000000,-1.50559809,4.20898428,-0.96385550,0.71395570,0.63732414,-0.57800103,0.0530639420,0.0563918322,11.13253427
219.20000000,-1.56693775,4.30825567,-1.10776134,-1.02696988,-0.15466006,-0.41402068,0.0589878541,0.0562019222,10.29087886
219.40000000,-1.66705189,4.15734749,-1.06580707,0.46973077,-0.83847913,0.57123178,0.0555639875,0.0559677124,11.03854299
219.60000000,-1.48950959,4.16282795,-1.05408865,0.47818508,0.79794701,-0.62017707,0.0539112705,0.0561954739,11.47681669
219.80000000,-1.59674617,4.24788557,-1.17392172,-1.05694436,-0.34766089,-0.10954690,0.0589337011,0.0561720059,10.58342769
220.00000000,-1.65031908,4.10142464,-1.08000311,0.77642866,-0.50128379,0.62918448,0.0544883701,0.0560494013,11.47033243
220.20000000,-1.49301108,4.17999036,-1.08853882,0.01000154,0.90797938,-0.65228324,0.0550562385,0.0560464576,11.33277619
220.40000000,-1.65237481,4.23356097,-1.16096874,-0.93557207,-0.54785677,0.27305285,0.0588767089,0.0561967894,10.54305332
220.60000000,-1.64489732,4.10775762,-1.02943183,0.96735525,-0.09616797,0.55224591,0.0534588698,0.0561149362,11.45708445
220.80000000,-1.52975919,4.24396077,-1.05128354,-0.38339832,0.90929094,-0.52554326,0.0560605367,0.0559764851,10.81089293
221.00000000,-1.71366273,4.27466908,-1.07233136,-0.78136014,-0.61583016,0.51012698,0.0589398031,0.0562763316,10.16174108
221.20000000,-1.67567981,4.16764224,-0.92409942,0.96950161,0.09657495,0.54839758,0.0527440736,0.0561505803,10.98164183
221.40000000,-1.58133639,4.32836817,-0.92429638,-0.46078653,0.96940072,-0.31295050,0.0562867307,0.0559345444,10.17540634
221.60000000,-1.76913278,4.37483895,-0.91813565,-0.82928984,-0.53714156,0.52321822,0.0597432936,0.0564166808,9.47962511
221.80000000,-1.75789854,4.25666321,-0.76510510,0.85958843,-0.11951333,0.70485764,0.0525920028,0.0562229696,10.21643274
222.00000000,-1.63428920,4.39338272,-0.70770667,-0.13028417,1.10982587,-0.03622936,0.0548100268,0.0559020101,9.69494905
222.20000000,-1.79569027,4.50773850,-0.69029434,-1.03642933,-0.18904668,0.37426675,0.0610826192,0.0564800555,8.74327211
222.40000000,-1.87554898,4.37956772,-0.55892234,0.42724048,-0.65863661,0.79602977,0.0548864776,0.0563554188,9.24217399
222.60000000,-1.72080562,4.39866300,-0.43582006,0.57264861,0.88500863,0.37260339,0.0513194556,0.0561727900,9.48803098
222.80000000,-1.77048951,4.58544434,-0.38000884,-0.93713107,0.52525126,0.30967156,0.0599397641,0.0561947023,8.41945187
223.00000000,-1.94618556,4.53974856,-0.28675901,-0.42785671,-0.83250437,0.61145328,0.0603008711,0.0566535107,8.29816221
223.20000000,-1.87815880,4.39882241,-0.15764459,0.91757870,-0.16123158,0.61810493,0.0509272002,0.0566011750,9.13895355
223.40000000,-1.75546993,4.51411554,-0.04605906,-0.06520993,0.98616127,0.52271753,0.0538661982,0.0561944056,8.80112403
223.60000000,-1.89440086,4.62194380,0.05789497,-0.98260110,-0.15994269,0.50883534,0.0622719592,0.0565832814,8.02351987
223.80000000,-1.99789294,4.47235369,0.15200967,0.19634901,-1.01156969,0.43379007,0.0572500736,0.0563206587,8.50859291
224.00000000,-1.84494166,4.37942500,0.24572698,0.91176757,0.32292224,0.56071484,0.0500848921,0.0568784602,9.31779871
224.20000000,-1.80245285,4.52362868,0.37983085,-0.58502433,0.63589643,0.70949437,0.0574897123,0.0563718287,8.65962330
224.40000000,-1.97150831,4.50515118,0.49082769,-0.67043694,-0.82750800,0.34021289,0.0613031036,0.0564038895,8.40627021
224.60000000,-1.94980774,4.30926325,0.53004768,0.88046821,-0.66270855,0.18866138,0.0532715497,0.0564097345,9.44626527
224.80000000,-1.77938552,4.34156429,0.62329681,0.28655297,0.76574213,0.76257877,0.0529163914,0.0566186033,9.67224331
225.00000000,-1.88150269,4.42362920,0.77165342,-0.95382789,-0.28991936,0.50612164,0.0605165044,0.0563823119,8.98555050
225.20000000,-1.97056460,4.24900916,0.79519770,0.38661676,-1.03866069,-0.14734806,0.0562990258,0.0559476239,9.71048526
225.40000000,-1.78989797,4.18990606,0.81608916,0.79726350,0.55101997,0.55744766,0.0521742604,0.0566211655,10.54333747
225.60000000,-1.81963286,4.29957572,0.96947188,-0.92437706,0.01160440,0.62880234,0.0589824545,0.0562814791,9.77860282
225.80000000,-1.94793677,4.15796473,0.98614710,0.13979596,-1.04633852,-0.36828358,0.0569565790,0.0559109350,10.27300900
226.00000000,-1.77940399,4.08795539,0.95907113,0.88531237,0.53985319,0.41806763,0.0527184391,0.0564188880,11.22116867
226.20000000,-1.80353136,4.20124234,1.10238923,-0.96794213,0.00730936,0.55949496,0.0585568253,0.0561961941,10.37528513
226.40000000,-1.92759688,4.06365629,1.08403398,0.25965543,-0.92022720,-0.57944885,0.0563366747,0.0559465848,10.89843058
226.60000000,-1.75503598,4.04265418,1.04427356,0.67555680,0.75271799,0.47648572,0.0534200693,0.0562287415,11.58951402
226.80000000,-1.83082952,4.14724238,1.17102607,-1.06337404,-0.20419811,0.27845785,0.0587693473,0.0561684654,10.61693501
227.00000000,-1.91582269,4.00432051,1.09532114,0.59392417,-0.63450501,-0.70331890,0.0551753746,0.0560148139,11.32739378
227.20000000,-1.75029613,4.06011822,1.07303219,0.23008658,0.93467242,0.56872457,0.0543810800,0.0560665076,11.47023329
227.40000000,-1.88892788,4.13819149,1.16226306,-1.02442811,-0.43565929,-0.10367270,0.0590029813,0.0562003333,10.51296942
227.60000000,-1.91781352,4.00531713,1.03963075,0.84362866,-0.26822763,-0.68289430,0.0540127100,0.0560890357,11.33227466
227.80000000,-1.78294571,4.12357226,1.03273536,-0.17259127,0.98570436,0.49859719,0.0552570657,0.0559708401,10.95068018
228.00000000,-1.95605484,4.18129572,1.07501176,-0.91998119,-0.52359327,-0.35983981,0.0592929802,0.0562849061,10.09029112
228.20000000,-1.95583235,4.06134142,0.93065385,0.87842592,-0.09769071,-0.68470755,0.0532704469,0.0561430270,10.86553669
228.40000000,-1.83803601,4.20321306,0.90475496,-0.25511852,1.04911653,0.29029132,0.0553084952,0.0559199237,10.31624296
228.60000000,-2.01543190,4.27908309,0.91666288,-0.96033476,-0.42045822,-0.38855119,0.0600917176,0.0564008062,9.41446504
228.80000000,-2.04358979,4.15259590,0.77165768,0.72430263,-0.31694568,-0.79052586,0.0535041835,0.0562257960,10.06561439
229.00000000,-1.90415770,4.25881076,0.69051692,0.08906290,1.11404071,-0.03132239,0.0536337598,0.0559361619,9.83627452
229.20000000,-2.04242062,4.40036274,0.67971049,-1.08379892,-0.01120635,-0.27432520,0.0608616936,0.0563761645,8.74916411
229.40000000,-2.15696490,4.28414409,0.56296241,0.20988826,-0.76437853,-0.78846204,0.0564567245,0.0564089516,9.05713772
229.60000000,-2.01244984,4.26285771,0.42771058,0.72884251,0.71244809,-0.45957188,0.0506701487,0.0562876720,9.54425387
229.80000000,-2.02346837,4.45310432,0.36457170,-0.82227368,0.69951262,-0.29077152,0.0585692067,0.0560772523,8.54465472
230.00000000,-2.20875600,4.44180478,0.27978098,-0.61601468,-0.74072978,-0.56731412,0.0614043950,0.0567076213,8.19155433
230.20000000,-2.17831393,4.28490485,0.15401313,0.83496205,-0.39465162,-0.63014956,0.0521714185,0.0565292958,9.00381723
230.40000000,-2.03268107,4.36379153,0.03847990,0.17189500,0.96326494,-0.54089996,0.0522368936,0.0563085450,8.96365869
230.60000000,-2.14271443,4.49781920,-0.06869767,-0.98657225,0.04556106,-0.52402232,0.0615633273,0.0564783464,8.08640006
230.80000000,-2.27379333,4.37257260,-0.16432416,-0.01933589,-1.03325020,-0.42663820,0.0589398751,0.0563736685,8.35352553
231.00000000,-2.14268160,4.24542055,-0.25150321,0.99173938,0.09043252,-0.50820759,0.0503806019,0.0568717161,9.29831446
231.20000000,-2.05969224,4.37559646,-0.38030010,-0.38395386,0.75426142,-0.73052662,0.0557578327,0.0563959646,8.84008909
231.40000000,-2.22010905,4.39291907,-0.50301474,-0.79091521,-0.67571657,-0.40970752,0.0616779977,0.0564711370,8.38346154
231.60000000,-2.23509150,4.19672879,-0.54573190,0.73510690,-0.83210798,-0.13120275,0.0546339285,0.0562049692,9.29791178
231.80000000,-2.05259568,4.19348326,-0.61951019,0.52278381,0.70995470,-0.68750375,0.0519309756,0.0567258244,9.81703041
232.00000000,-2.11961760,4.29734713,-0.77317182,-0.92719898,-0.10025794,-0.61664447,0.0599144526,0.0563833943,9.07257631
232.20000000,-2.23392187,4.14171327,-0.81481246,0.17895833,-1.09520642,0.13600298,0.0574143327,0.0559256854,9.57295327
232.40000000,-2.06527208,4.05087366,-0.81553235,0.95425830,0.41649313,-0.40733840,0.0519618945,0.0566356710,10.60759833
232.60000000,-2.05485878,4.17013884,-0.96307816,-0.82002288,0.18659080,-0.73671320,0.0582064762,0.0562784906,9.90479083
232.80000000,-2.19895815,4.05065826,-1.00466860,-0.06771155,-1.07056420,0.31513083,0.0577822559,0.0559411525,10.15389280
233.00000000,-2.04863056,3.95323534,-0.95837232,1.01165641,0.41106716,-0.23994811,0.0526195416,0.0564164059,11.26580266
233.20000000,-2.03470389,4.07612303,-1.09363467,-0.86930588,0.17351600,-0.68132187,0.0579541857,0.0561843305,10.48816158
233.40000000,-2.17676532,3.95595166,-1.10181700,0.04809824,-0.97638417,0.54255000,0.0570808613,0.0559594483,10.76702096
233.60000000,-2.01674400,3.90782379,-1.03802628,0.83877954,0.67405006,-0.30348872,0.0531076459,0.0562508869,11.66717542
233.80000000,-2.05848356,4.02909341,-1.16427557,-1.02925919,-0.04854607,-0.43389952,0.0584324438,0.0561484681,10.68130647
234.00000000,-2.17059150,3.89408841,-1.11168773,0.39256203,-0.74966560,0.73068224,0.0559119291,0.0560008906,11.17796523
234.20000000,-2.00468149,3.92423317,-1.05982305,0.43629429,0.92912812,-0.44313456,0.0538049995,0.0560970863,11.58866835
234.40000000,-2.11764300,4.02572687,-1.15948124,-1.07370596,-0.30448707,-0.06665691,0.0589424158,0.0561857239,10.51527071
234.60000000,-2.18097919,3.89031203,-1.05231305,0.68322324,-0.43133636,0.77275802,0.0547105695,0.0560683913,11.18429269
234.80000000,-2.03356234,3.98596792,-1.01529480,0.04185709,1.03265357,-0.42646758,0.0544882748,0.0559849113,11.08544393
235.00000000,-2.18951064,4.07067117,-1.07368938,-1.02141909,-0.40785136,0.20089877,0.0594278277,0.0562693735,10.05209020
235.20000000,-2.22666793,3.94286251,-0.94009872,0.74295011,-0.28509339,0.78533235,0.0540191635,0.0561372873,10.71818028
235.40000000,-2.09237760,4.06024624,-0.88634160,-0.04125324,1.09416125,-0.22607370,0.0543573384,0.0559335732,10.45381565
235.60000000,-2.25258369,4.16477750,-0.91124753,-1.05281559,-0.28028228,0.25104017,0.0601536701,0.0563497117,9.38580076
235.80000000,-2.31870217,4.03645530,-0.77987591,0.55124388,-0.49206110,0.83905069,0.0546429461,0.0562398958,9.89220222
236.00000000,-2.17198808,4.10771803,-0.67585904,0.30078366,1.06918783,0.12793189,0.0526097065,0.0560052139,9.95519783
236.20000000,-2.28139992,4.27208610,-0.66617147,-1.08799954,0.17684695,0.18703518,0.0602918362,0.0562522443,8.79415615
236.40000000,-2.42555629,4.17430378,-0.56587457,-0.01498778,-0.82546133,0.75391575,0.0579921889,0.0564910839,8.88185318
236.60000000,-2.30002139,4.11502079,-0.42247650,0.83658243,0.50143604,0.54652698,0.0504954698,0.0563786466,9.54332311
236.80000000,-2.27220774,4.29944030,-0.34912441,-0.66772654,0.84869242,0.28959013,0.0569895321,0.0560035456,8.69503196
237.00000000,-2.45894437,4.32409643,-0.27094442,-0.77535195,-0.61309773,0.52243710,0.0620792579,0.0567036410,8.12415240
237.20000000,-2.46753424,4.16010640,-0.15015966,0.70270276,-0.59822021,0.63114294,0.0537769416,0.0564566789,8.83707127
237.40000000,-2.30814863,4.19798569,-0.03193060,0.40235327,0.88190392,0.55709722,0.0509470804,0.0564576489,9.09511026
237.60000000,-2.38316730,4.35136786,0.07859925,-0.94463076,0.25056707,0.54303671,0.0604140673,0.0563679784,8.18897550
237.80000000,-2.53548028,4.25588961,0.17715327,-0.22869050,-1.00678722,0.42904562,0.0603863581,0.0564706337,8.22531773
238.00000000,-2.43310887,4.10123521,0.25919818,1.01025852,-0.15076739,0.45458433,0.0511944589,0.0567568954,9.22144074
238.20000000,-2.31401364,4.20874221,0.37986371,-0.15562989,0.83089308,0.73170761,0.0540516340,0.0564723181,9.02464953
238.40000000,-2.45748618,4.26040195,0.51271590,-0.87310414,-0.50059073,0.48692719,0.0616286991,0.0564967773,8.40215405
238.60000000,-2.50734032,4.07161250,0.56304962,0.55782929,-0.96376019,0.09996384,0.0560776872,0.0560712035,9.14134229
238.80000000,-2.32254397,4.03141701,0.61817318,0.73357957,0.60645086,0.58658194,0.0513254691,0.0568079192,9.92051129
239.00000000,-2.35041456,4.15128377,0.77134093,-0.85618644,0.09209486,0.71306614,0.0590148171,0.0563762646,9.19372171
239.20000000,-2.48378815,4.01963297,0.83362389,-0.02669417,-1.11414610,-0.08925177,0.0584217843,0.0559674742,9.45413139
239.40000000,-2.33474298,3.89942186,0.81912497,1.06088311,0.25140454,0.24763438,0.0520750810,0.0565954656,10.62122978
239.60000000,-2.28451076,4.02219452,0.95400115,-0.67763363,0.35675714,0.81457781,0.0572668992,0.0562791025,10.05558067
239.80000000,-2.43741123,3.92854874,1.02128466,-0.26198844,-1.06320526,-0.22573577,0.0584897547,0.0560000819,10.05754973
240.00000000,-2.31126655,3.80586292,0.96204393,1.08694932,0.25545902,0.05728753,0.0527640700,0.0563699892,11.26355730
240.20000000,-2.26026715,3.93322218,1.08217505,-0.73499856,0.33955589,0.77102459,0.0572174733,0.0561747886,10.62482973
240.40000000,-2.41381524,3.83435396,1.11813371,-0.15513021,-1.00512448,-0.46439142,0.0577532151,0.0559992329,10.65238382
240.60000000,-2.27287615,3.75938101,1.03588702,0.95955632,0.56250895,0.11329318,0.0529931042,0.0562530126,11.70330264
240.80000000,-2.27954809,3.89359344,1.15408963,-0.95682072,0.11659721,0.56647966,0.0579422982,0.0561239460,10.77407186
241.00000000,-2.41353604,3.77097184,1.12802768,0.18341479,-0.84291501,-0.71123365,0.0566501658,0.0560121659,11.03201587
241.20000000,-2.25478289,3.77332391,1.04979501,0.61800629,0.88764066,0.28312947,0.0533673606,0.0561276303,11.67793925
241.40000000,-2.33838178,3.89620149,1.15271454,-1.08338131,-0.15583640,0.22803499,0.0587000349,0.0561544565,10.54963788
241.60000000,-2.43289243,3.76311453,1.06645292,0.49683926,-0.57929986,-0.81704494,0.0555016821,0.0560649456,11.02414476
241.80000000,-2.28055491,3.83209295,1.00001971,0.24920795,1.04409496,0.31266775,0.0538034436,0.0560149851,11.20379825
242.00000000,-2.41388139,3.94272798,1.06827227,-1.08401583,-0.27027894,-0.04311577,0.0593398306,0.0562300370,10.04814528
242.20000000,-2.48642700,3.81257612,0.95142192,0.57307334,-0.45745526,-0.84399148,0.0549314213,0.0561410846,10.55134657
242.40000000,-2.34339208,3.90061385,0.87012470,0.16971146,1.09813650,0.12366991,0.0534968998,0.0559725308,10.57536966
242.60000000,-2.48047574,4.03180103,0.90196053,-1.10509884,-0.12007046,-0.11974826,0.0599311404,0.0562713934,9.39419130
242.80000000,-2.58155170,3.90821799,0.78863395,0.35224341,-0.63724874,-0.84843304,0.0559064227,0.0562795974,9.71026465
243.00000000,-2.43642283,3.94175936,0.66446509,0.49155720,0.97353765,-0.24616246,0.0518278347,0.0560904538,10.03752594
243.20000000,-2.51261518,4.12307985,0.65023314,-1.04893351,0.36836188,-0.11852435,0.0594142478,0.0561266567,8.87560773
243.40000000,-2.68029646,4.04941971,0.56687998,-0.23631340,-0.84153601,-0.69711772,0.0593623351,0.0565743199,8.72777351
243.60000000,-2.58113259,3.95656979,0.41986529,0.88810747,0.26539942,-0.62516259,0.0508321622,0.0564239423,9.48366315
243.80000000,-2.51664785,4.12568155,0.33431671,-0.47870726,0.96282375,-0.30628385,0.0553163733,0.0559866747,8.85946273
244.00000000,-2.69652404,4.18623998,0.26041696,-0.90078037,-0.45560034,-0.48064859,0.0622817122,0.0566378293,8.09882319
244.20000000,-2.74359913,4.02396735,0.14563078,0.53212635,-0.76156367,-0.62198258,0.0555857678,0.0564274260,8.65638498
244.40000000,-2.58047140,4.01885572,0.02618633,0.60987919,0.74421618,-0.56937655,0.0501298735,0.0566063388,9.17933249
244.60000000,-2.61597708,4.18327138,-0.08738170,-0.85624472,0.44615923,-0.56372592,0.0589060535,0.0562776868,8.32599542
244.80000000,-2.78225879,4.12165564,-0.19006583,-0.42264489,-0.93628587,-0.44129362,0.0614840635,0.0565602070,8.13180880
245.00000000,-2.71352722,3.94738371,-0.26889048,0.96864189,-0.38422989,-0.40509293,0.0524323633,0.0565790424,9.09815161
245.20000000,-2.56500630,4.02480487,-0.37925431,0.08856952,0.85813521,-0.71116763,0.0525310782,0.0565927671,9.19743714
245.40000000,-2.68371632,4.10772910,-0.51966656,-0.91354695,-0.30788739,-0.56624846,0.0611525289,0.0564822810,8.46197373
245.60000000,-2.76498862,3.93352442,-0.58113806,0.36108071,-1.05369313,-0.09670325,0.0574949984,0.0560289940,8.99116154
245.80000000,-2.58738719,3.85698259,-0.62002045,0.90526597,0.45959882,-0.46825467,0.0511450296,0.0568348416,9.97257851
246.00000000,-2.57399360,3.98599552,-0.76666826,-0.74245500,0.28053786,-0.78743831,0.0578792974,0.0563733169,9.34363448
246.20000000,-2.71950025,3.88261958,-0.85065536,-0.22076451,-1.09596322,0.01129820,0.0592596919,0.0560500291,9.36189777
246.40000000,-2.59611472,3.73666309,-0.82696975,1.11242298,0.06409540,-0.09168909,0.0524861941,0.0564928763,10.58490767
246.60000000,-2.50840579,3.85636082,-0.94313075,-0.50254283,0.51541833,-0.85544997,0.0562319813,0.0562928747,10.22347291
246.80000000,-2.66287348,3.79166905,-1.03514381,-0.43546783,-1.02419902,0.10669642,0.0590372682,0.0560745689,9.98951119
247.00000000,-2.56527429,3.64686322,-0.97002420,1.10916685,0.07952646,0.11586388,0.0531299625,0.0562919779,11.21630079
247.20000000,-2.47993873,3.77299320,-1.06887446,-0.57041126,0.49968445,-0.82155125,0.0563954283,0.0561734904,10.77887595
247.40000000,-2.63822328,3.69898676,-1.13208082,-0.34192878,-1.00493029,0.35099834,0.0583148637,0.0560515509,10.56081241
247.60000000,-2.52158819,3.59844098,-1.03809355,1.03265816,0.42091059,0.08032057,0.0530805443,0.0562333651,11.69513574
247.80000000,-2.49380697,3.74098117,-1.14109367,-0.84954207,0.28724479,-0.66765912,0.0573278180,0.0561003275,10.89132643
248.00000000,-2.64382158,3.63518995,-1.14329922,-0.02348127,-0.91086344,0.64790156,0.0573434657,0.0560441042,10.89821921
248.20000000,-2.49905356,3.60853789,-1.04362108,0.76596091,0.80834298,-0.09942590,0.0530994820,0.0561521577,11.72972956
248.40000000,-2.55099505,3.74970065,-1.14228141,-1.05468909,0.00779946,-0.37090443,0.0582911969,0.0561142287,10.61447665
248.60000000,-2.67232430,3.62403693,-1.08095103,0.29548947,-0.70654060,0.81454672,0.0563283381,0.0560823039,10.86267353
248.80000000,-2.52267547,3.66310675,-0.98784259,0.43864911,1.01519646,-0.16420445,0.0532504020,0.0560541260,11.29452014
249.00000000,-2.62904141,3.79745322,-1.05891312,-1.10741098,-0.11337686,-0.10385861,0.0590380592,0.0561719416,10.07810308
249.20000000,-2.73363107,3.67074569,-0.96349559,0.37991638,-0.60761575,0.85817635,0.0559328319,0.0561665514,10.37735494
249.40000000,-2.58989018,3.72569667,-0.85703523,0.36606462,1.05635895,0.01012221,0.0527918691,0.0560272344,10.66809411
249.60000000,-2.69902348,3.88014244,-0.88912142,-1.11663467,0.05582313,0.00328580,0.0594434176,0.0561766712,9.43865652
249.80000000,-2.83077634,3.76774766,-0.79680466,0.13917037,-0.74700943,0.82012714,0.0571834229,0.0563429976,9.53297544
250.00000000,-2.69582518,3.76269986,-0.65679425,0.64869879,0.82931609,0.37606477,0.0513695217,0.0561743462,10.07191993
250.20000000,-2.73606756,3.95374803,-0.63262059,-0.96747634,0.55545856,0.07386014,0.0582876939,0.0560180368,8.98876841
250.40000000,-2.92043337,3.90891902,-0.56539572,-0.44488466,-0.81401608,0.62406366,0.0604596500,0.0566294532,8.60349659
250.60000000,-2.85329291,3.78859699,-0.41936458,0.88089423,0.02001845,0.68820390,0.0516618690,0.0564226301,9.37131861
250.80000000,-2.75661175,3.93341155,-0.32074529,-0.26318363,1.03217720,0.33962422,0.0536804436,0.0560294747,9.02371054
251.00000000,-2.92140832,4.02807405,-0.24850004,-0.98812835,-0.27462677,0.44517692,0.0620016200,0.0565220950,8.11644436
251.20000000,-3.00465745,3.87586267,-0.14006915,0.33564134,-0.87846639,0.60468313,0.0574295693,0.0564627846,8.47849929
251.40000000,-2.84782409,3.82848896,-0.02093156,0.77888153,0.55786834,0.57630416,0.0498740721,0.0567088358,9.20511016
251.60000000,-2.84140933,3.99452025,0.09494172,-0.72248658,0.62250715,0.58352206,0.0571533389,0.0562333962,8.48935333
251.80000000,-3.01368574,3.96942373,0.20260719,-0.59367852,-0.82662278,0.46286132,0.0621554305,0.0566154228,8.07802320
252.00000000,-2.98140224,3.78402473,0.28045916,0.87324138,-0.59554013,0.36439189,0.0539671059,0.0563903877,8.94416465
252.20000000,-2.81194075,3.82575328,0.37926413,0.33443871,0.83080465,0.66926406,0.0513444467,0.0567328556,9.34155054
252.40000000,-2.89898527,3.93521545,0.52380375,-0.90974278,-0.10389683,0.64153996,0.0602765517,0.0564488974,8.56070018
252.60000000,-3.00684031,3.78209968,0.59909175,0.15659437,-1.10038567,0.12095277,0.0587875068,0.0560685622,8.85943562
252.80000000,-2.84501324,3.67171160,0.62549475,1.02723201,0.27764500,0.34308548,0.0513874125,0.0567759086,9.96902681
253.00000000,-2.79040932,3.80223140,0.75989455,-0.58945500,0.45729056,0.83272333,0.0565936065,0.0563896828,9.51463148
253.20000000,-2.94063886,3.73059450,0.86507185,-0.39542035,-1.04172333,0.09195240,0.0598755552,0.0561463814,9.30178544
253.40000000,-2.84720588,3.56359365,0.83880509,1.10876846,-0.13548895,-0.04769956,0.0531455024,0.0563444135,10.50475207
253.60000000,-2.72623090,3.67344823,0.93151487,-0.30186644,0.65479113,0.85447365,0.0551819445,0.0563256821,10.39889458
253.80000000,-2.87509485,3.64008091,1.04558305,-0.58237735,-0.95377106,0.03402049,0.0593907278,0.0561443045,9.95347113
254.00000000,-2.80868931,3.47720691,0.98191509,1.08033254,-0.10879345,-0.26654376,0.0536812055,0.0561861674,11.13028366
254.20000000,-2.69331695,3.59605628,1.05474100,-0.38233736,0.64685255,0.82788883,0.0555452777,0.0561857358,10.94210064
254.40000000,-2.84964146,3.54997041,1.14291837,-0.50602977,-0.97458977,-0.21002060,0.0587329524,0.0561039119,10.49688225
254.60000000,-2.76103011,3.42614203,1.04455896,1.05642831,0.25426927,-0.26326102,0.0533598551,0.0561861197,11.64411267
254.80000000,-2.70096648,3.57161531,1.12609396,-0.71208924,0.45793259,0.73022370,0.0566262071,0.0560832153,11.02758715
255.00000000,-2.86083629,3.48693236,1.15655577,-0.21963917,-0.95057710,-0.54604195,0.0579492523,0.0560867761,10.78364254
255.20000000,-2.73583404,3.43114104,1.04170087,0.87316174,0.69178643,-0.09497432,0.0530221395,0.0561589289,11.73877987
255.40000000,-2.75529974,3.58638967,1.12871603,-0.98997526,0.18262754,0.48641152,0.0577404187,0.0560718463,10.70681053
255.60000000,-2.89831122,3.47332960,1.09471591,0.08952020,-0.80821644,-0.76731501,0.0571315530,0.0561173474,10.70966162
255.80000000,-2.75850150,3.48035480,0.97948758,0.60016694,0.94325194,-0.00868492,0.0528725283,0.0560949938,11.34795356
256.00000000,-2.83486364,3.63491432,1.04600198,-1.09233291,0.05922842,0.23086968,0.0585435468,0.0561057326,10.14020482
256.20000000,-2.96709039,3.51753655,0.97517168,0.17449751,-0.72966778,-0.82893639,0.0569425584,0.0562120224,10.20775592
256.40000000,-2.83046831,3.53706437,0.84777677,0.53642761,0.96690814,-0.16533019,0.0523039368,0.0560875002,10.72083529
256.60000000,-2.90815243,3.70993174,0.87328098,-1.08779881,0.24187483,0.09050041,0.0587243934,0.0560811180,9.51656256
256.80000000,-3.06531753,3.61483374,0.80335242,-0.07711698,-0.81782993,-0.75842414,0.0583669036,0.0564149965,9.37155686
257.00000000,-2.94831862,3.57230216,0.65297301,0.76174405,0.64307987,-0.50615638,0.0512958567,0.0562403988,10.05211231
257.20000000,-2.95175799,3.76476759,0.61418625,-0.84574386,0.72903826,-0.05674981,0.0569858139,0.0559420136,9.12640463
257.40000000,-3.14543754,3.75231966,0.56106301,-0.63330319,-0.74555687,-0.54136127,0.0612055531,0.0566338757,8.51496260
257.60000000,-3.11405723,3.61182330,0.42026341,0.81769111,-0.21887652,-0.73039326,0.0529098318,0.0564020994,9.21855104
257.80000000,-2.99172847,3.72455143,0.30890184,-0.03220601,1.04845994,-0.38690376,0.0522207991,0.0561276489,9.17120418
258.00000000,-3.13364141,3.84966924,0.23559635,-1.03387108,-0.07710999,-0.41852675,0.0612610049,0.0563828206,8.17600830
258.20000000,-3.24923314,3.71511644,0.13324748,0.12529801,-0.94636113,-0.58198026,0.0591482475,0.0565468634,8.31752119
258.40000000,-3.10801077,3.62873956,0.01579580,0.89682705,0.33560672,-0.57712163,0.0502089772,0.0567280850,9.16881040
258.60000000,-3.05972887,3.78643931,-0.10130887,-0.54676843,0.76902341,-0.59970599,0.0552980040,0.0562491444,8.66768225
258.80000000,-3.22953609,3.79895188,-0.21433727,-0.73547308,-0.68308039,-0.49242311,0.0623528816,0.0566136002,8.06664774
259.00000000,-3.23448672,3.61104593,-0.29360377,0.73384634,-0.77362726,-0.33611071,0.0556561899,0.0562577985,8.77683082
259.20000000,-3.05370451,3.61370203,-0.38065962,0.56601187,0.74760973,-0.60885981,0.0506072329,0.0568537652,9.44150790
259.40000000,-3.10356412,3.74337367,-0.52528404,-0.86028318,0.10419536,-0.70643909,0.0590592864,0.0564147636,8.69403634
259.60000000,-3.23203641,3.61703984,-0.61603126,-0.04523805,-1.10405273,-0.17035577,0.0598690865,0.0561618474,8.75532348
259.80000000,-3.09315508,3.47696495,-0.63469771,1.09333046,0.07187659,-0.22240115,0.0520085611,0.0566367487,9.91245812
260.00000000,-2.99962497,3.60096778,-0.75195640,-0.40271496,0.61346740,-0.84349179,0.0552627821,0.0564329488,9.69653665
260.20000000,-3.14698191,3.56354499,-0.87622381,-0.54449061,-0.95290303,-0.21332086,0.0602282407,0.0562321183,9.27726847
260.40000000,-3.08596527,3.38106618,-0.85404078,1.05405218,-0.33685742,0.15969055,0.0539903668,0.0561804659,10.39110158
260.60000000,-2.93751028,3.47449071,-0.92029328,-0.08444030,0.76642608,-0.80960540,0.0542021123,0.0563753500,10.57046449
260.80000000,-3.07395345,3.47387132,-1.05215684,-0.69860161,-0.85252485,-0.18750246,0.0595259070,0.0561949029,9.95150427
261.00000000,-3.03970981,3.29777946,-0.99702681,1.00595114,-0.30084026,0.38413207,0.0543729086,0.0560782967,11.01503367
261.20000000,-2.89986074,3.40323376,-1.04086934,-0.17883916,0.77300781,-0.78770266,0.0547286445,0.0562119284,11.10468277
261.40000000,-3.04785325,3.38741950,-1.15010158,-0.64294295,-0.91329046,0.05024828,0.0589822368,0.0561468676,10.46360594
261.60000000,-2.98942955,3.24359779,-1.05488165,1.03278529,0.06942956,0.42253293,0.0538084967,0.0561244778,11.55561440
261.80000000,-2.90063819,3.38601445,-1.11004086,-0.55022499,0.62170064,-0.74882626,0.0558811719,0.0560778050,11.17570573
262.00000000,-3.06415058,3.32635676,-1.16699501,-0.39835485,-0.95961253,0.41286462,0.0584312056,0.0561302870,10.69369033
262.20000000,-2.96341758,3.24246386,-1.04412088,0.93558191,0.54120203,0.28598402,0.0531435999,0.0561497475,11.70375010
262.40000000,-2.95106103,3.40655067,-1.11274761,-0.89258443,0.36332924,-0.56681999,0.0570799131,0.0560345931,10.82212417
262.60000000,-3.11012767,3.31118242,-1.10673537,-0.11206036,-0.88027381,0.68011800,0.0578561380,0.0561617115,10.57332213
262.80000000,-2.98647464,3.28531742,-0.97539916,0.72550824,0.82842064,0.19327969,0.0527049098,0.0561247540,11.35747318
263.00000000,-3.03120162,3.45529362,-1.03015013,-1.04045197,0.24251579,-0.32961460,0.0578872757,0.0560416363,10.23114388
263.20000000,-3.18588496,3.35303027,-0.98536814,-0.03317963,-0.81901573,0.76033699,0.0578822326,0.0562673369,10.05249466
263.40000000,-3.06353810,3.33640192,-0.84274884,0.67091869,0.83141092,0.32958152,0.0520854549,0.0561368480,10.72594087
263.60000000,-3.10778593,3.52147937,-0.85519439,-1.01985862,0.43116577,-0.15486919,0.0578197861,0.0559973396,9.62338862
263.80000000,-3.28438083,3.44922790,-0.80740558,-0.28734930,-0.84790889,0.66968716,0.0593643206,0.0564728693,9.23484407
264.00000000,-3.19186446,3.37220820,-0.65277172,0.82386756,0.42528065,0.62480286,0.0516348313,0.0562753620,9.97828573
264.20000000,-3.15966426,3.55712863,-0.59585780,-0.68751865,0.87893790,0.06918286,0.0555949173,0.0559098128,9.27849290
264.40000000,-3.35495853,3.57925668,-0.55375529,-0.79566458,-0.63972047,0.45571439,0.0615523499,0.0565816179,8.46581785
264.60000000,-3.36115873,3.42661162,-0.42173851,0.70552726,-0.43718973,0.74906370,0.0544548889,0.0563965043,9.04122548
264.80000000,-3.22134926,3.50130115,-0.29912333,0.20033049,1.00635694,0.44397456,0.0510743536,0.0562587272,9.28484380
265.00000000,-3.33339605,3.65134459,-0.22217338,-1.03507230,0.12921322,0.40240437,0.0601123635,0.0562445152,8.27447407
265.20000000,-3.47619870,3.54109290,-0.12508379,-0.08803488,-0.96545809,0.55690262,0.0606031660,0.0566372299,8.18427452
265.40000000,-3.35858548,3.42109789,-0.01039652,0.95615264,0.09360579,0.57184796,0.0510988273,0.0566658357,9.07530810
265.60000000,-3.27112524,3.56070434,0.10665063,-0.33561781,0.87496673,0.60974906,0.0535018667,0.0563282810,8.84635284
265.80000000,-3.42978057,3.61019952,0.22486857,-0.84258275,-0.51127610,0.52787408,0.0620603856,0.0565640064,8.09836980
266.00000000,-3.47089293,3.42816902,0.30787999,0.56190812,-0.91113446,0.32263486,0.0573566730,0.0562162817,8.61250490
266.20000000,-3.28878150,3.39079135,0.38409075,0.76737056,0.61215437,0.53517236,0.0503846995,0.0569123801,9.48617822
266.40000000,-3.29777847,3.53293931,0.52448944,-0.76517519,0.30799936,0.75474719,0.0575906946,0.0564037945,8.85524215
266.60000000,-3.44001184,3.43813370,0.63116174,-0.23557215,-1.06602747,0.24102115,0.0606680552,0.0562706435,8.68522428
266.80000000,-3.32952940,3.27387553,0.64738507,1.10244414,-0.14479920,0.11683370,0.0529345283,0.0564392190,9.81166343
267.00000000,-3.20146231,3.38343937,0.74392638,-0.19005125,0.73951693,0.81669776,0.0540024933,0.0565039068,9.87685856
267.20000000,-3.33846147,3.38152080,0.88367953,-0.66327848,-0.83140604,0.34471098,0.0602907141,0.0562905822,9.29004133
267.40000000,-3.31056586,3.18978255,0.87182635,0.95566231,-0.52994403,-0.23636599,0.0549529774,0.0560360091,10.25667447
267.60000000,-3.14157937,3.26076320,0.91061417,0.13945383,0.84198229,0.72223157,0.0533737682,0.0564335269,10.72571376
267.80000000,-3.25941571,3.29315558,1.05465591,-0.78148466,-0.72164507,0.34425298,0.0594305996,0.0562250782,9.98423138
268.00000000,-3.25676390,3.10936235,1.01444761,0.89401090,-0.48792073,-0.46117011,0.0551555836,0.0559903000,10.88186320
268.20000000,-3.09887683,3.19557594,1.02836896,0.03101826,0.86969602,0.70190220,0.0540061358,0.0562492099,11.25567607
268.40000000,-3.23273242,3.21144631,1.15330213,-0.74978589,-0.82079663,0.11880238,0.0590466328,0.0561720099,10.46259521
268.60000000,-3.20516618,3.05185528,1.06838574,0.96672502,-0.12551575,-0.54743816,0.0543938206,0.0560576468,11.43807736
268.80000000,-3.09232673,3.18489578,1.09397927,-0.37069222,0.77030602,0.72056639,0.0551405442,0.0560868382,11.32693472
269.00000000,-3.25347381,3.15359063,1.17399519,-0.55471683,-0.93610500,-0.25689817,0.0587609887,0.0561638340,10.63219590
269.20000000,-3.18012407,3.04384099,1.05064496,0.95249164,0.36237374,-0.45983144,0.0534582784,0.0561232150,11.62745416
269.40000000,-3.13797921,3.21062429,1.09526932,-0.76678274,0.54296783,0.60599518,0.0563480264,0.0560095768,10.95421339
269.60000000,-3.30724711,3.13772985,1.11613432,-0.30193207,-0.91948045,-0.55981491,0.0584546010,0.0562038493,10.46011756
269.80000000,-3.20495781,3.07954077,0.97569408,0.80904107,0.67409313,-0.37556758,0.0527698317,0.0561367857,11.32062399
270.00000000,-3.21787688,3.25892980,1.01216426,-0.95431094,0.42988254,0.39305423,0.0571081270,0.0559884123,10.34586243
270.20000000,-3.38932786,3.17724221,0.99313949,-0.23465625,-0.87233258,-0.65876575,0.0586830516,0.0563176691,9.91953802
270.40000000,-3.28738144,3.12541694,0.84199756,0.76229623,0.65530622,-0.48936511,0.0521712388,0.0561688148,10.68071268
270.60000000,-3.29783456,3.31532087,0.83578373,-0.91507492,0.61527536,0.18459177,0.0567847439,0.0559360263,9.75244188
270.80000000,-3.48738831,3.27067663,0.80830654,-0.48400304,-0.83686580,-0.56160191,0.0601040728,0.0564956840,9.12929132
271.00000000,-3.42436732,3.16383837,0.65562600,0.83269548,0.18906584,-0.72171486,0.0523716320,0.0562822250,9.85706728
271.20000000,-3.35970497,3.33216591,0.57857481,-0.49874286,0.99444713,-0.11104267,0.0542119357,0.0559256454,9.43222083
271.40000000,-3.54879494,3.38950341,0.54357089,-0.92715855,-0.50083800,-0.37354829,0.0614826099,0.0564834859,8.45774156
271.60000000,-3.59260304,3.23302696,0.42294947,0.55413505,-0.62377138,-0.74420670,0.0561477277,0.0564328312,8.85598508
271.80000000,-3.44447759,3.26603168,0.29155103,0.41873251,0.90505604,-0.50550633,0.0503611688,0.0563893959,9.34974453
272.00000000,-3.52096981,3.43369273,0.20872485,-0.98958741,0.33551924,-0.39767273,0.0586368290,0.0561325075,8.40639941
272.20000000,-3.68473569,3.35325868,0.11563918,-0.29493278,-0.93785542,-0.53239259,0.0616849844,0.0566986553,8.08638501
272.40000000,-3.59701580,3.20662336,0.00438392,0.95508171,-0.15091625,-0.56128710,0.0524489101,0.0565523005,8.93675509
272.60000000,-3.47561456,3.31933455,-0.11126115,-0.09922272,0.93058199,-0.61169601,0.0519328725,0.0564606341,9.00827196
272.80000000,-3.61457192,3.40332646,-0.23390274,-0.91022253,-0.31732343,-0.56639279,0.0612948511,0.0564840792,8.17198218
273.00000000,-3.68911523,3.23504867,-0.32274365,0.36907383,-1.00404990,-0.32506664,0.0589357398,0.0562617736,8.46493269
273.20000000,-3.51529235,3.15904960,-0.39001141,0.92482626,0.43305193,-0.45515099,0.0506836379,0.0568780017,9.47125027
273.40000000,-3.48196630,3.30490583,-0.52201681,-0.62632555,0.49779913,-0.78096884,0.0559891894,0.0564294138,9.03477893
273.60000000,-3.63045099,3.24526398,-0.64382131,-0.40703849,-0.98835377,-0.32783607,0.0611295917,0.0563590670,8.65314481
273.80000000,-3.55197338,3.06332831,-0.66300413,1.05810219,-0.35942652,-0.03510457,0.0540749247,0.0562330203,9.67974208
274.00000000,-3.39555154,3.15115493,-0.73693064,0.03844757,0.82608226,-0.75240274,0.0529263567,0.0565922335,10.04153164
274.20000000,-3.51512617,3.18463626,-0.88724772,-0.74834920,-0.67973801,-0.47741986,0.0600529305,0.0563188203,9.34019703
274.40000000,-3.51946548,2.99030298,-0.89113836,0.82294519,-0.70579196,0.27316463,0.0559655906,0.0559410905,10.11468899
274.60000000,-3.33757163,3.03377689,-0.90353841,0.35864311,0.87427916,-0.59750403,0.0527641500,0.0564870918,10.85231907
274.80000000,-3.43150227,3.09808916,-1.05311701,-0.82962044,-0.56318265,-0.49452524,0.0591064940,0.0562331157,10.05088759
275.00000000,-3.45854807,2.91262538,-1.03312714,0.75381137,-0.66184830,0.49368538,0.0559783705,0.0559380063,10.74239629
275.20000000,-3.28951694,2.97436970,-1.01828188,0.23760743,0.92893739,-0.57499395,0.0534312128,0.0562866680,11.38390259
275.40000000,-3.40420727,3.02217175,-1.15242024,-0.82505467,-0.69769127,-0.28724847,0.0589205200,0.0561782643,10.49417234
275.60000000,-3.40682717,2.85186320,-1.08418456,0.86545121,-0.32188072,0.63038639,0.0550757407,0.0560060372,11.30174092
275.80000000,-3.27542325,2.96920641,-1.07898616,-0.18103266,0.89471345,-0.64553468,0.0544532383,0.0561087030,11.47125229
276.00000000,-3.42861302,2.96873853,-1.17714002,-0.68545817,-0.87891214,0.08752454,0.0589195632,0.0561793207,10.60156631
276.20000000,-3.38437246,2.83655293,-1.06073664,0.92631803,0.16315900,0.60441216,0.0539463291,0.0560884478,11.51639184
276.40000000,-3.31568064,2.99925217,-1.07729497,-0.61770415,0.71309436,-0.59994834,0.0555876417,0.0560002164,11.09512810
276.60000000,-3.48929823,2.95306000,-1.12221809,-0.47453623,-0.92347119,0.41474851,0.0588898075,0.0562322929,10.37479669
276.80000000,-3.41230530,2.86455964,-0.98014579,0.84829983,0.48676873,0.54170436,0.0530722968,0.0561327750,11.23958348
277.00000000,-3.39466970,3.04636310,-0.99300899,-0.83733509,0.61310558,-0.41589840,0.0562511040,0.0559532518,10.47735932
277.20000000,-3.57692069,2.99014099,-0.99772933,-0.42319594,-0.88748884,0.53222997,0.0592905038,0.0563463313,9.81484084
277.40000000,-3.50022653,2.90574264,-0.84520452,0.80677489,0.44746353,0.63157792,0.0525703130,0.0561812033,10.58797391
277.60000000,-3.47818380,3.09226237,-0.81608770,-0.77692534,0.78438456,-0.17643096,0.0556820911,0.0559059064,9.89464421
277.80000000,-3.67393306,3.07895014,-0.80564107,-0.66115448,-0.78551671,0.44253617,0.0605384907,0.0564780822,9.05920269
278.00000000,-3.64378879,2.94832648,-0.66070066,0.79026378,-0.05135450,0.78920585,0.0534463610,0.0562853435,9.70013502
278.20000000,-3.55168910,3.09156969,-0.56321470,-0.28790484,1.06526756,0.17976602,0.0529416426,0.0559856208,9.57258911
278.40000000,-3.72687860,3.18299188,-0.53081442,-1.02370249,-0.33404586,0.30074338,0.0610070822,0.0563529436,8.49061612
278.60000000,-3.80671507,3.03092177,-0.42312616,0.37433392,-0.77083605,0.71811274,0.0578316682,0.0565090831,8.67804200
278.80000000,-3.65973773,3.02113563,-0.28610705,0.60734056,0.74922044,0.56551408,0.0501669257,0.0564877654,9.35627981
279.00000000,-3.69677111,3.19761341,-0.19573149,-0.89655221,0.53171015,0.40432469,0.0569418530,0.0560684633,8.56346084
279.20000000,-3.87429656,3.15121932,-0.10510156,-0.48729460,-0.86683773,0.51101499,0.0623173650,0.0567015765,8.02870952
279.40000000,-3.82085134,2.98595156,0.00251845,0.89716975,-0.38203989,0.54692957,0.0541212548,0.0564408982,8.76976070
279.60000000,-3.67293044,3.06464442,0.11553263,0.14861039,0.92869455,0.60451748,0.0507463727,0.0566147627,9.13577495
279.80000000,-3.78423458,3.17870061,0.24126358,-0.93424372,-0.10814873,0.60455978,0.0601072474,0.0563995441,8.28423284
280.00000000,-3.88801742,3.03134930,0.33759747,0.16624934,-1.05095842,0.34328931,0.0602775015,0.0563560970,8.34464830
280.20000000,-3.73109662,2.92026787,0.39862586,1.02885103,0.22295233,0.37650739,0.0514556725,0.0567440021,9.40024950
280.40000000,-3.65642158,3.06056188,0.51864611,-0.44810653,0.66277255,0.78098213,0.0543942085,0.0564983647,9.22020042
280.60000000,-3.80324785,3.03840733,0.65352035,-0.55353137,-0.87361926,0.42472628,0.0612185749,0.0564156196,8.66106735
280.80000000,-3.75855550,2.84597479,0.68076263,0.96736579,-0.56028883,-0.01672869,0.0553340926,0.0560657561,9.53167878
281.00000000,-3.58128934,2.90588638,0.73204828,0.27081184,0.86522393,0.65425415,0.0521309702,0.0566757791,10.17634720
281.20000000,-3.67710957,2.97308165,0.88699096,-0.79734635,-0.50129777,0.60244448,0.0595243880,0.0563282656,9.42626201
281.40000000,-3.71143185,2.78306444,0.91087245,0.66592613,-0.85689330,-0.26884243,0.0569634968,0.0559076034,9.97738453
281.60000000,-3.52442357,2.79524653,0.89994166,0.56190896,0.85844488,0.44421922,0.0524179771,0.0565158222,10.93972789
281.80000000,-3.59026008,2.88888951,1.04782388,-0.84266429,-0.38038247,0.62867007,0.0585704058,0.0562302156,10.14928162
282.00000000,-3.64403660,2.70812734,1.05196173,0.59486262,-0.81528630,-0.48108909,0.0567913366,0.0559276006,10.60741483
282.20000000,-3.47078807,2.74112435,1.01149649,0.43136212,0.94426822,0.41507138,0.0530445227,0.0563149122,11.47919743
282.40000000,-3.56223155,2.81974466,1.14758859,-0.86837534,-0.54565788,0.44517608,0.0586095753,0.0561708062,10.55740162
282.60000000,-3.59323862,2.64445177,1.10125731,0.73734021,-0.51098901,-0.66724782,0.0558096458,0.0559779550,11.15735833
282.80000000,-3.44920587,2.74014054,1.06609740,0.01069489,0.98586827,0.52720904,0.0538656525,0.0561386728,11.59802755
283.00000000,-3.58943682,2.77189580,1.17623386,-0.78871226,-0.78780507,0.08541747,0.0588980708,0.0561775521,10.60291072
283.20000000,-3.57474164,2.62177723,1.07360973,0.86206943,-0.04722028,-0.71035663,0.0545746340,0.0560552449,11.37972385
283.40000000,-3.48371253,2.77331461,1.05990263,-0.45129424,0.86411398,0.54739431,0.0548444645,0.0560087616,11.23531880
283.60000000,-3.65602266,2.75722822,1.12450231,-0.62594451,-0.89082607,-0.25420934,0.0591365726,0.0562409872,10.32053519
283.80000000,-3.60693633,2.64182372,0.98820494,0.84406048,0.27546602,-0.67947066,0.0535968893,0.0561178485,11.12078982
284.00000000,-3.56131158,2.81837948,0.97375619,-0.69390557,0.78252813,0.39515159,0.0553659424,0.0559404148,10.61662272
284.20000000,-3.74830918,2.79166999,0.99860565,-0.59369238,-0.86350372,-0.38973155,0.0596669158,0.0563478439,9.74249679
284.40000000,-3.70033363,2.67885258,0.85171805,0.80427249,0.21923157,-0.74503911,0.0532604691,0.0561805437,10.45553841
284.60000000,-3.64867644,2.85341999,0.79719708,-0.61039601,0.92768813,0.12965896,0.0545811204,0.0559100121,10.03857319
284.80000000,-3.84374247,2.87386941,0.79925047,-0.81416207,-0.69575564,-0.32103616,0.0606442575,0.0564177090,9.02700568
285.00000000,-3.84824716,2.72649862,0.66698461,0.70219220,-0.28231928,-0.82293496,0.0547609871,0.0563032845,9.52198068
285.20000000,-3.73525550,2.83736287,0.55051189,-0.06608105,1.08288262,-0.27018240,0.0518917710,0.0560786750,9.68384660
285.40000000,-3.88927047,2.95983661,0.51596983,-1.08169750,-0.14545557,-0.24243183,0.0601619327,0.0562137979,8.56248821
285.60000000,-4.00214492,2.82002503,0.42163696,0.17677853,-0.87375189,-0.67476439,0.0593607401,0.0565999769,8.51992994
285.80000000,-3.86540205,2.76886047,0.28249614,0.75274303,0.54891826,-0.61811542,0.0505264989,0.0565267450,9.30235710
286.00000000,-3.86128521,2.94435065,0.18362231,-0.75713262,0.70647714,-0.42147390,0.0551576377,0.0560655315,8.73407456
286.20000000,-4.04457612,2.93473751,0.09375919,-0.65802984,-0.75644569,-0.49475918,0.0624581305,0.0566444095,8.01380231
286.40000000,-4.02786216,2.75936227,-0.01048270,0.78992624,-0.58678253,-0.53075682,0.0559548821,0.0563873057,8.59215312
286.60000000,-3.86242733,2.79914504,-0.11991142,0.39139302,0.86641049,-0.58834034,0.0500638841,0.0567525950,9.21351841
286.80000000,-3.93925118,2.93691860,-0.24692372,-0.91134681,0.10813119,-0.63855669,0.0585828837,0.0563372335,8.42946016
287.00000000,-4.06680119,2.81679480,-0.35183741,-0.03682129,-1.05224199,-0.37607310,0.0612872516,0.0564587705,8.25906626
287.20000000,-3.93393849,2.67591517,-0.40987038,1.07515254,-0.00326770,-0.30665346,0.0526098453,0.0565413887,9.28365742
287.40000000,-3.82132386,2.80151857,-0.51528406,-0.23784619,0.79169153,-0.75276405,0.0529533346,0.0566054400,9.39659510
287.60000000,-3.95847280,2.81763530,-0.65997288,-0.66996645,-0.72501085,-0.52488495,0.0609226683,0.0564342897,8.70918715
287.80000000,-3.94764677,2.62227040,-0.69971378,0.83939486,-0.73766815,0.03552428,0.0566185267,0.0559735729,9.38214366
288.00000000,-3.75781563,2.64962305,-0.73020320,0.49404811,0.85178522,-0.52950770,0.0516822078,0.0567294124,10.26896279
288.20000000,-3.82460359,2.74714580,-0.88322947,-0.80887268,-0.30073160,-0.71083437,0.0587358622,0.0563270596,9.54508703
288.40000000,-3.88553666,2.56840192,-0.92992951,0.49428150,-0.97724635,0.22511190,0.0578865554,0.0559324370,9.85512782
288.60000000,-3.70090262,2.54702977,-0.90042768,0.73903194,0.79289282,-0.27414005,0.0523529256,0.0565078330,10.98083906
288.80000000,-3.73574062,2.66586781,-1.03929858,-0.82118743,-0.17800505,-0.73754010,0.0578546244,0.0562232085,10.27566253
289.00000000,-3.81246690,2.49632229,-1.06987289,0.42602332,-0.94191940,0.42578395,0.0575471340,0.0559535929,10.48614559
289.20000000,-3.64157796,2.49753179,-1.00866790,0.60353556,0.91175676,-0.23333332,0.0528700381,0.0563217797,11.53380565
289.40000000,-3.70676272,2.60436952,-1.13916827,-0.88026586,-0.36777115,-0.58298919,0.0581309914,0.0561544740,10.65003569
289.60000000,-3.76347208,2.43032357,-1.11852871,0.59094863,-0.68465024,0.65729276,0.0565493352,0.0559781854,11.01513371
289.80000000,-3.61284828,2.49913608,-1.05622854,0.19632061,1.03568875,-0.37256815,0.0534179281,0.0561687132,11.69703363
290.00000000,-3.73584670,2.56316917,-1.17130823,-0.86372286,-0.66369297,-0.25198108,0.0586981964,0.0561584101,10.63610912
290.20000000,-3.75001197,2.40055354,-1.08829880,0.76646795,-0.25895695,0.77166585,0.0552994300,0.0560358458,11.22798628
290.40000000,-3.64154110,2.53395652,-1.04416569,-0.27421171,0.98595046,-0.45023287,0.0541650324,0.0560311062,11.36409938
290.60000000,-3.80723843,2.55027581,-1.12273111,-0.75359843,-0.82118693,0.08798538,0.0591823591,0.0562243443,10.29908782
290.80000000,-3.78740067,2.41263742,-0.99905272,0.79992247,0.05081683,0.77944960,0.0543074219,0.0561042343,10.97385811
291.00000000,-3.71747753,2.57604698,-0.95551992,-0.52945408,0.92754552,-0.33066250,0.0545059545,0.0559516453,10.75283427
291.20000000,-3.90324511,2.58177131,-0.99548126,-0.74240504,-0.80054591,0.24075090,0.0597922688,0.0563168677,9.70493914
291.40000000,-3.88607562,2.44600027,-0.86062160,0.75802545,-0.01683047,0.82165330,0.0541882279,0.0561828619,10.29477300
291.60000000,-3.80908788,2.60024352,-0.78017612,-0.42223709,1.03419114,-0.04652456,0.0535563725,0.0559466600,10.17097225
291.80000000,-3.99665388,2.65533336,-0.78923011,-0.93929054,-0.57054942,0.20544255,0.0604210838,0.0563246111,9.03344587
292.00000000,-4.03608680,2.49889170,-0.67339893,0.57640669,-0.49193422,0.82204383,0.0561935527,0.0563530990,9.33759556
292.20000000,-3.90981391,2.57183420,-0.54097865,0.15359655,1.04212062,0.37469015,0.0511646194,0.0561834736,9.75173955
292.40000000,-4.03616352,2.72036442,-0.49966673,-1.09797537,0.05759780,0.20281168,0.0590058347,0.0560868237,8.66932279
292.60000000,-4.17784733,2.60002046,-0.41803311,-0.02877002,-0.93048514,0.61916855,0.0606123265,0.0566706315,8.39112295
292.80000000,-4.05947980,2.51115980,-0.28023716,0.84569370,0.31836489,0.65836613,0.0514141241,0.0565081939,9.19395933
293.00000000,-4.01501275,2.67552370,-0.17273811,-0.57541747,0.84779153,0.44737485,0.0534311731,0.0561282774,8.90344870
293.20000000,-4.19549548,2.70374187,-0.08196782,-0.80071056,-0.61132102,0.48492186,0.0620991675,0.0565406099,8.04222999
293.40000000,-4.21612833,2.52688065,0.01955885,0.64311825,-0.75577335,0.51498112,0.0577853476,0.0564099571,8.42037263
293.60000000,-4.04302633,2.52539932,0.12484472,0.61182646,0.74634451,0.56448051,0.0499543008,0.0568266837,9.23167943
293.80000000,-4.08023825,2.67883977,0.25102147,-0.83956050,0.32189737,0.66446990,0.0568397742,0.0563178454,8.59913059
294.00000000,-4.22496921,2.59119470,0.36489671,-0.23159491,-1.00943852,0.42118604,0.0618943758,0.0565280006,8.21289749
294.20000000,-4.12160442,2.42710907,0.42342978,1.06462791,-0.23056134,0.25181119,0.0540292376,0.0563342814,9.13652891
294.40000000,-3.97665980,2.52971137,0.51288377,-0.00600955,0.87414448,0.69701888,0.0518045118,0.0567293421,9.54785276
294.60000000,-4.09634607,2.58312211,0.66312007,-0.75208374,-0.54654989,0.62100988,0.0602552368,0.0564269976,8.79596142
294.80000000,-4.11795016,2.39252067,0.71884371,0.68409387,-0.88406913,-0.02091272,0.0578410113,0.0559653804,9.24398407
295.00000000,-3.92401941,2.38449108,0.73206419,0.69541100,0.78454239,0.38845435,0.0516069251,0.0567267307,10.31105738
295.20000000,-3.95783615,2.50725058,0.87653320,-0.78246006,-0.08428149,0.79413657,0.0577398457,0.0563259782,9.69163159
295.40000000,-4.04112751,2.34656871,0.94728930,0.31666323,-1.06224814,-0.14612764,0.0586802261,0.0559977086,9.75606018
295.60000000,-3.86565837,2.29104524,0.90526691,0.88183919,0.67985190,0.10080191,0.0525601576,0.0564479191,10.97326536
295.80000000,-3.86798362,2.42946927,1.02828150,-0.76658921,0.03742074,0.81298257,0.0570061653,0.0562200308,10.42454052
296.00000000,-3.96330781,2.27756941,1.08587382,0.25494660,-1.03651300,-0.33263048,0.0582023580,0.0560065351,10.38595598
296.20000000,-3.80069585,2.24540388,1.01015599,0.74697666,0.83076260,0.04312029,0.0529138269,0.0563000872,11.54360288
296.40000000,-3.83774759,2.37634186,1.12773603,-0.86193069,-0.16875707,0.69180672,0.0575130354,0.0561357058,10.76839345
296.60000000,-3.91683020,2.21005372,1.13494342,0.43421716,-0.83549170,-0.60283421,0.0572497091,0.0560045916,10.88401357
296.80000000,-3.76543815,2.24784662,1.05009769,0.36808647,1.03813487,0.19180286,0.0531406776,0.0561885483,11.75969484
297.00000000,-3.86775665,2.34270445,1.16262075,-0.91054776,-0.50886207,0.40244523,0.0583319533,0.0561287743,10.69980218
297.20000000,-3.90918399,2.17376416,1.10373919,0.64698943,-0.46237020,-0.78588706,0.0560702605,0.0560378908,11.07185990
297.40000000,-3.78855384,2.28259445,1.03107457,-0.09364008,1.06899232,0.31382632,0.0535943435,0.0560633117,11.47049502
297.60000000,-3.94281189,2.33225420,1.11688545,-0.85598474,-0.71541001,0.07401783,0.0590271803,0.0561894876,10.31089043
297.80000000,-3.95242707,2.17811984,1.01167830,0.72151732,-0.17594170,-0.83573756,0.0551500700,0.0561037934,10.81012267
298.00000000,-3.86277765,2.32073617,0.93937821,-0.35050851,1.03743042,0.22557019,0.0537267047,0.0559837291,10.87398967
298.20000000,-4.04155799,2.36041292,0.98832172,-0.86661193,-0.69999341,-0.09483132,0.0596636926,0.0562585926,9.70309666
298.40000000,-4.05599994,2.20818953,0.87082731,0.67371857,-0.24822339,-0.85702301,0.0552749128,0.0562039528,10.11874094
298.60000000,-3.95909538,2.33451362,0.76597308,-0.22103167,1.09388848,-0.06747588,0.0526854264,0.0560089893,10.27789680
298.80000000,-4.13260294,2.42334839,0.77591738,-1.03336607,-0.41403484,-0.10358437,0.0598892793,0.0562134025,9.07763631
299.00000000,-4.20591167,2.26579973,0.67890066,0.42182028,-0.67073586,-0.78878454,0.0576151294,0.0564280650,9.16068085
299.20000000,-4.07450445,2.29742646,0.53484033,0.35713499,0.94250170,-0.48388547,0.0508446450,0.0562754835,9.76613997
299.40000000,-4.16788551,2.46515161,0.48264004,-1.06998938,0.26630646,-0.18494214,0.0576172248,0.0559918940,8.80460981
299.60000000,-4.33305021,2.37060700,0.41206947,-0.23368939,-0.94096168,-0.55675882,0.0614941990,0.0566893463,8.29820886
299.80000000,-4.23985005,2.24959554,0.27872126,0.88211144,0.07382517,-0.68295626,0.0527445032,0.0564601957,9.04370160
300.00000000,-4.15837850,2.39313669,0.16329982,-0.35920446,0.94395831,-0.47949439,0.0519166087,0.0562439945,9.05445879
