t,x,y,z,vx,vy,vz,mu,mu_avg,Bmag
0.00000000,5.00000000,0.00000000,0.00000000,0.00000000,1.00000000,0.50000000,0.0625000000,0.0625000000,8.00000000
0.20000000,4.87010143,0.12418828,0.09783349,-1.00943197,-0.05524595,0.47748821,0.0555651120,0.0599612012,8.64892839
0.40000000,4.76393928,-0.01268626,0.20171440,0.23526538,-0.91296744,0.60094979,0.0502526470,0.0558317328,9.24895282
0.60000000,4.90603562,-0.06652616,0.33507990,0.73437625,0.52117626,0.66262119,0.0589671824,0.0552615622,8.46564843
0.80000000,4.91887321,0.10977861,0.43622717,-0.68745325,0.82332167,0.31551459,0.0607812848,0.0563494740,8.39460504
1.00000000,4.72375352,0.12545415,0.48226907,-0.79768502,-0.73197968,0.27911351,0.0522327217,0.0566061731,9.47419656
1.20000000,4.72667941,-0.03917616,0.59183964,0.70339536,-0.36095580,0.79053519,0.0537937890,0.0565452537,9.46199130
1.40000000,4.83114056,0.05495795,0.73277351,-0.05608064,1.02698453,0.43835800,0.0608762401,0.0563866975,8.85373614
1.60000000,4.68275406,0.18470234,0.75205298,-1.10617262,-0.12872577,-0.09905453,0.0555986830,0.0560099381,9.69812581
1.80000000,4.57931517,0.02751596,0.79083095,0.32240694,-0.86120471,0.63590897,0.0523149785,0.0566236147,10.38774799
2.00000000,4.69370740,0.03687138,0.94511448,0.27850834,0.91500849,0.57895818,0.0593677321,0.0562988696,9.62779761
2.20000000,4.59579565,0.20246838,0.95638084,-1.05019172,0.16893347,-0.34432375,0.0566526959,0.0559101160,10.22185230
2.40000000,4.47381461,0.06356066,0.94213453,0.21731307,-0.98467088,0.48290608,0.0527136382,0.0564421850,11.10722363
2.60000000,4.58765755,0.05513104,1.08831798,0.32693010,0.92423332,0.53750300,0.0587400990,0.0562108759,10.27224655
2.80000000,4.49883369,0.21838516,1.06877662,-0.96909885,0.06291727,-0.55397549,0.0562112935,0.0559414334,10.85663503
3.00000000,4.41472339,0.06353795,1.03759628,0.44601924,-0.88718601,0.51377798,0.0534358316,0.0562454697,11.52933196
3.20000000,4.53709188,0.09879324,1.16693246,0.18428110,1.06739345,0.27696877,0.0588183566,0.0561733009,10.58527948
3.40000000,4.43219540,0.22892800,1.09284567,-0.82440224,-0.33100810,-0.67881852,0.0551179704,0.0560126566,11.33524643
3.60000000,4.42012009,0.05402400,1.07742172,0.76815677,-0.54767552,0.59998891,0.0544379432,0.0560773687,11.47545352
3.80000000,4.54002381,0.15608002,1.16905508,-0.04808051,1.11179857,-0.10766706,0.0589648662,0.0561921321,10.55324783
4.00000000,4.42429404,0.22778705,1.04758520,-0.56079884,-0.71489247,-0.65148554,0.0539553623,0.0560876743,11.41079230
4.20000000,4.48510658,0.05976885,1.05035420,0.96719615,-0.16201424,0.53691991,0.0554238216,0.0559805117,10.99662702
4.40000000,4.59515274,0.20445116,1.09242089,-0.19444129,1.02985078,-0.38935839,0.0591370996,0.0562673371,10.19362821
4.60000000,4.48176371,0.23593974,0.94779118,-0.36857222,-0.84531304,-0.63213953,0.0531428842,0.0561388328,11.00516656
4.80000000,4.57947706,0.07905289,0.93678096,1.06399758,-0.05060537,0.33962957,0.0557134143,0.0559293295,10.35998801
5.00000000,4.70177279,0.22745525,0.94598768,-0.13050858,1.01704367,-0.44563403,0.0598341041,0.0563909605,9.54599338
5.20000000,4.59043680,0.27765735,0.79636822,-0.47389342,-0.68657935,-0.74433448,0.0530353065,0.0562067101,10.25638727
5.40000000,4.66195037,0.11080066,0.73352858,1.06249500,-0.34417688,0.05144553,0.0544158880,0.0559099892,9.84447535
5.60000000,4.83102969,0.21291227,0.72484197,0.23718982,1.04215531,-0.32810562,0.0609129153,0.0564345049,8.83090259
5.80000000,4.74551161,0.34009112,0.59686674,-0.76333252,-0.12217775,-0.80771038,0.0552527253,0.0563497249,9.27912550
6.00000000,4.70581214,0.19189026,0.47152509,0.61075603,-0.86205590,-0.36583700,0.0512752440,0.0561673868,9.56945649
6.20000000,4.89868064,0.16943685,0.42099933,0.83749104,0.68675962,-0.27743464,0.0596940522,0.0561635634,8.49013373
6.40000000,4.92101938,0.35069528,0.33059060,-0.61380062,0.70035998,-0.61866364,0.0603714387,0.0566639281,8.32738818
6.60000000,4.76806817,0.33735828,0.19827145,-0.45878051,-0.80148996,-0.63018592,0.0510356620,0.0565734337,9.15621037
6.80000000,4.83598846,0.18233172,0.08832481,0.96106749,-0.28075025,-0.49752245,0.0537730930,0.0561687171,8.82304933
7.00000000,4.98788165,0.27548082,-0.01151495,0.20254013,0.97768131,-0.50310709,0.0622481545,0.0565749650,8.02171955
7.20000000,4.88593888,0.42443239,-0.10848327,-1.00407875,0.16830354,-0.46206037,0.0573841028,0.0563490098,8.47731316
7.40000000,4.74755082,0.31389904,-0.20614525,-0.00844513,-0.96644367,-0.56206344,0.0500244542,0.0568623575,9.28420954
7.60000000,4.86992148,0.22226548,-0.33775276,0.81731051,0.31237037,-0.69600883,0.0573145033,0.0563564817,8.63075924
7.80000000,4.91636239,0.38537271,-0.45007390,-0.51532606,0.92110313,-0.36879272,0.0615079664,0.0564489105,8.33661919
8.00000000,4.72729151,0.43810271,-0.49574124,-0.94470599,-0.56062271,-0.20792493,0.0534844297,0.0563815968,9.34205131
8.20000000,4.69183208,0.26670991,-0.58746019,0.59868705,-0.58418936,-0.74181979,0.0525448831,0.0566530903,9.62872018
8.40000000,4.80934505,0.32286353,-0.73717056,0.12066980,0.96660531,-0.54873761,0.0604826099,0.0564019881,8.91562735
8.60000000,4.68587152,0.47412243,-0.77151538,-1.10895505,0.08943764,0.11054233,0.0567881578,0.0559397529,9.55284601
8.80000000,4.55397188,0.33517337,-0.78854115,0.14680495,-0.98898844,-0.50035006,0.0519158278,0.0566655787,10.47746686
9.00000000,4.66564450,0.30297307,-0.94065046,0.41326468,0.77193033,-0.69522361,0.0586584051,0.0562949338,9.74192436
9.20000000,4.59401410,0.47845402,-0.97550787,-1.00654829,0.37726477,0.30746030,0.0575381148,0.0559211947,10.09580344
9.40000000,4.45143667,0.36450219,-0.94039766,0.05131183,-1.07248749,-0.31166920,0.0525381416,0.0564484091,11.16651333
9.60000000,4.56118179,0.31644658,-1.08068896,0.44882089,0.77909324,-0.66450999,0.0581581839,0.0561986851,10.38048292
9.80000000,4.49528551,0.49132193,-1.08696491,-0.94568600,0.28156321,0.52573771,0.0569769067,0.0559470792,10.72388156
10.00000000,4.39012585,0.35709919,-1.03107758,0.31254617,-1.01642445,-0.34524808,0.0530971341,0.0562703006,11.61369782
10.20000000,4.51548370,0.35432887,-1.16091457,0.31648099,0.98053576,-0.43403848,0.0584955017,0.0561566237,10.64844817
10.40000000,4.42805533,0.50700514,-1.10943155,-0.85660604,-0.10255482,0.71113192,0.0558499452,0.0559925018,11.18765517
10.60000000,4.39211296,0.34046841,-1.06418680,0.68759641,-0.74049060,-0.47841911,0.0538548697,0.0561066386,11.59763088
10.80000000,4.52422988,0.41013867,-1.16711201,0.09084751,1.11249832,-0.06398616,0.0589275014,0.0561826222,10.55340660
11.00000000,4.41857616,0.51506128,-1.06021640,-0.65423273,-0.51015382,0.74948156,0.0546200916,0.0560629984,11.26763240
11.20000000,4.45441324,0.34212759,-1.03279081,0.93781318,-0.38182854,-0.47403946,0.0546616684,0.0559912756,11.13379624
11.40000000,4.58349574,0.46212560,-1.09259412,-0.05349684,1.09289948,0.22958400,0.0593269106,0.0562623179,10.14741005
11.60000000,4.47502297,0.53190827,-0.95666555,-0.49958769,-0.66348250,0.74846718,0.0537992593,0.0561287463,10.86869114
11.80000000,4.54551679,0.36518906,-0.91781891,1.04480448,-0.27019622,-0.29219446,0.0547764644,0.0559313828,10.49970301
12.00000000,4.68955726,0.48989561,-0.94294563,0.02723364,1.07542958,0.30448244,0.0600312102,0.0563597408,9.49941012
12.20000000,4.58682279,0.57828200,-0.80424390,-0.59495021,-0.47692391,0.81766609,0.0540197578,0.0562139292,10.09503237
12.40000000,4.62431265,0.41108822,-0.71696339,0.97635016,-0.54392542,0.02975742,0.0533229857,0.0559532166,9.97801702
12.60000000,4.80884944,0.48073273,-0.71355615,0.41730078,1.01239293,0.22565595,0.0605969683,0.0563281517,8.84751707
12.80000000,4.74726917,0.63471134,-0.60152366,-0.77829121,0.11812642,0.79391999,0.0567853583,0.0564117474,9.09532762
13.00000000,4.67442376,0.51158020,-0.46381064,0.39357187,-0.93978043,0.46034110,0.0507140927,0.0562834713,9.61479321
13.20000000,4.85634109,0.45207869,-0.40503652,0.95787070,0.51601915,0.25730905,0.0583213442,0.0560511899,8.61769112
13.40000000,4.91396217,0.62997065,-0.32407867,-0.46272629,0.84400672,0.56880315,0.0614206519,0.0567062785,8.22359018
13.60000000,4.75921888,0.65749455,-0.19529484,-0.64772955,-0.64142400,0.64731884,0.0522969283,0.0565078986,9.01723171
13.80000000,4.78514175,0.49387213,-0.08004622,0.85743660,-0.49449330,0.51988350,0.0521683822,0.0562836370,8.98282396
14.00000000,4.95166782,0.55096961,0.02266313,0.39707550,0.91111383,0.51205727,0.0615095484,0.0564625833,8.08592254
14.20000000,4.88214174,0.71748723,0.12006471,-0.94949445,0.37834824,0.45311467,0.0590792816,0.0564118822,8.32239894
14.40000000,4.71924345,0.63957827,0.21199040,-0.25545233,-0.95769918,0.51725852,0.0503657272,0.0568491289,9.25808528
14.60000000,4.81383096,0.51523608,0.33900148,0.85593677,0.08224641,0.71456824,0.0555493101,0.0563834658,8.81203512
14.80000000,4.89085656,0.65724926,0.46198885,-0.32828891,0.97687738,0.43351699,0.0618223065,0.0564999227,8.31933583
15.00000000,4.71538147,0.74404299,0.51139533,-1.04617302,-0.36127031,0.15813218,0.0549146828,0.0561920313,9.18889631
15.20000000,4.64204404,0.57586630,0.58473184,0.45244522,-0.77727589,0.66418033,0.0516238054,0.0567621183,9.76384480
15.40000000,4.76596274,0.59079166,0.73809779,0.28773772,0.86203835,0.65122721,0.0597522640,0.0563950288,9.01447243
15.60000000,4.67061577,0.75647227,0.79085363,-1.07395438,0.29863248,-0.08625910,0.0579070910,0.0559455533,9.42061184
15.80000000,4.51483873,0.64300351,0.79013983,-0.04460140,-1.06135167,0.34863068,0.0518595520,0.0566619763,10.51780816
16.00000000,4.61796358,0.57066115,0.93316695,0.53095426,0.59221962,0.78572482,0.0577520424,0.0562938122,9.88368967
16.20000000,4.57382165,0.74822772,0.99311776,-0.93634453,0.56484129,-0.23283737,0.0583180795,0.0559752604,9.99029977
16.40000000,4.41486904,0.66463719,0.94297493,-0.12289990,-1.10343938,0.13159460,0.0526190509,0.0564173072,11.17873225
16.60000000,4.51595965,0.57923456,1.07016130,0.55749987,0.59926489,0.76162687,0.0574272988,0.0561913107,10.51398060
16.80000000,4.47426606,0.75826899,1.10387529,-0.89908816,0.48384184,-0.45556289,0.0576761633,0.0559809264,10.60682498
17.00000000,4.35080521,0.65088597,1.02861270,0.16405037,-1.09463542,0.15767297,0.0529599750,0.0562751138,11.65692050
17.20000000,4.47528770,0.61033020,1.15139547,0.44305104,0.85410589,0.56939345,0.0580145868,0.0561346428,10.74039927
17.40000000,4.40750559,0.77908312,1.12610525,-0.86543404,0.12592002,-0.69654008,0.0565868130,0.0559995021,11.04274358
17.60000000,4.34855002,0.62877426,1.05404201,0.58322926,-0.89809267,0.32136146,0.0534084250,0.0561397842,11.69157877
17.80000000,4.48969409,0.66324004,1.16116202,0.23121683,1.06982543,0.22806209,0.0587095832,0.0561594971,10.58557075
18.00000000,4.39735735,0.79671780,1.07449188,-0.72457583,-0.28501277,-0.80234505,0.0553824879,0.0560533432,11.11065739
18.20000000,4.40718865,0.62742024,1.01715601,0.87919236,-0.58441349,0.36807835,0.0539729228,0.0560176095,11.25703338
18.40000000,4.55256690,0.71776550,1.08867226,0.09393634,1.11200298,-0.06800977,0.0593012042,0.0562331201,10.13494971
18.60000000,4.45332258,0.82249167,0.96781718,-0.60614142,-0.45079575,-0.82424254,0.0546334975,0.0561242675,10.70880256
18.80000000,4.49452963,0.65474653,0.90059633,0.99013524,-0.47753221,0.20394903,0.0539015487,0.0559582018,10.62889831
19.00000000,4.65686829,0.75037572,0.93591976,0.19126808,1.08915108,-0.16482248,0.0599519408,0.0562994915,9.48935035
19.20000000,4.56791360,0.87260758,0.81337683,-0.68148911,-0.24567826,-0.85159543,0.0551825816,0.0562356879,9.91725355
19.40000000,4.57082202,0.71453199,0.70324871,0.84857186,-0.71458188,-0.13891919,0.0524063163,0.0560263635,10.08424151
19.60000000,4.76460580,0.74846065,0.69932384,0.59070496,0.93915122,-0.13806753,0.0599545890,0.0562065054,8.90227206
19.80000000,4.73096766,0.92205803,0.60487374,-0.75033095,0.34767477,-0.75241326,0.0582549178,0.0564941683,8.92393160
20.00000000,4.63034626,0.83101610,0.45913817,0.15920498,-0.95812045,-0.55376799,0.0506224659,0.0563644526,9.60268908
20.20000000,4.79269758,0.73782004,0.38903672,1.04081097,0.31749393,-0.25672969,0.0567589450,0.0559826603,8.76896402
20.40000000,4.88420158,0.90419659,0.31552424,-0.28837442,0.94808617,-0.51766090,0.0620414572,0.0566920958,8.15917453
20.60000000,4.73639021,0.97079784,0.19223200,-0.79183408,-0.44561111,-0.65148257,0.0539093239,0.0564487208,8.84801606
20.80000000,4.71918327,0.80878211,0.07295613,0.70118949,-0.68151933,-0.54209290,0.0509060260,0.0564284828,9.11047558
21.00000000,4.89178646,0.82646528,-0.03311474,0.57534708,0.80159057,-0.52576448,0.0603348783,0.0563454239,8.18961029
21.20000000,4.85759538,1.00271485,-0.13226847,-0.85186946,0.56572619,-0.45196492,0.0605195106,0.0565103771,8.19506610
21.40000000,4.67894452,0.96150370,-0.21953040,-0.48862647,-0.88848250,-0.47100215,0.0512293343,0.0567400949,9.17500045
21.60000000,4.73914179,0.81169791,-0.33938460,0.84482340,-0.15819461,-0.71501600,0.0538280341,0.0564656328,8.99567645
21.80000000,4.84230678,0.92538799,-0.47155533,-0.13321169,0.98850390,-0.50508878,0.0616984154,0.0565124477,8.34391918
22.00000000,4.68699860,1.04163690,-0.52850536,-1.10019296,-0.14763923,-0.13333458,0.0564061426,0.0560774830,9.03079599
22.20000000,4.57832907,0.88622390,-0.58453739,0.27137595,-0.92671819,-0.56351441,0.0511124936,0.0568388621,9.85395686
22.40000000,4.70146873,0.85869777,-0.73587205,0.43954179,0.71584456,-0.73781406,0.0587317589,0.0563849598,9.14627070
22.60000000,4.63647672,1.03103947,-0.80904412,-1.00503344,0.48894462,0.02899901,0.0588857824,0.0560106668,9.31092828
22.80000000,4.46223758,0.94855322,-0.79593083,-0.24216855,-1.07419577,-0.19354030,0.0521329062,0.0565852152,10.50642986
23.00000000,4.55115408,0.83962426,-0.92345963,0.62728397,0.38229090,-0.84283361,0.0567129712,0.0563005628,10.04640437
23.20000000,4.53503604,1.01132061,-1.00829379,-0.84261634,0.72390750,0.12631562,0.0589467500,0.0560492360,9.91168371
23.40000000,4.36431999,0.96166428,-0.94991453,-0.29823705,-1.07665301,0.04327760,0.0529377036,0.0563396913,11.14438493
23.60000000,4.45230710,0.84310756,-1.05756042,0.64969481,0.39144929,-0.82137939,0.0565957584,0.0561883045,10.66664551
23.80000000,4.43567232,1.01866347,-1.11857388,-0.83112730,0.66133934,0.34908120,0.0582687722,0.0560365138,10.51211996
24.00000000,4.29709582,0.94276769,-1.03048600,0.00515787,-1.11746419,0.03531558,0.0530292214,0.0562539628,11.65571387
24.20000000,4.41664665,0.86652101,-1.13897868,0.56168882,0.69264891,-0.67434646,0.0574039701,0.0561127056,10.85735152
24.40000000,4.37042950,1.04428474,-1.14181904,-0.85161009,0.34372182,0.63766415,0.0572825727,0.0560288866,10.90931454
24.60000000,4.28989290,0.91709635,-1.04768586,0.45669308,-1.01096322,-0.13922926,0.0531299262,0.0561604702,11.74880044
24.80000000,4.43643983,0.91521698,-1.15149085,0.37135059,0.98566489,-0.37491793,0.0583247782,0.0561212359,10.64829854
25.00000000,4.36047552,1.07146077,-1.08932620,-0.77076278,-0.05175795,0.80823626,0.0561877831,0.0560649393,10.95068098
25.20000000,4.34399475,0.91411738,-1.00441418,0.79052824,-0.75783793,-0.22527042,0.0534043679,0.0560549353,11.35514892
25.40000000,4.50229863,0.97125546,-1.08073255,0.24571341,1.08733674,-0.08557880,0.0590650064,0.0561846852,10.15626128
25.60000000,4.41639700,1.10612292,-0.98015569,-0.68530545,-0.22002527,0.85553803,0.0555790837,0.0561396243,10.53756786
25.80000000,4.42727877,0.94624605,-0.88611918,0.89890098,-0.65995294,-0.08024423,0.0531501983,0.0560056891,10.73486099
26.00000000,4.60361000,1.00882391,-0.92509526,0.35786249,1.05861209,0.03570562,0.0596068127,0.0562164333,9.51560964
26.20000000,4.53314083,1.15922256,-0.82261976,-0.73148320,-0.00635637,0.84551282,0.0564211537,0.0562841220,9.73664595
26.40000000,4.50252665,1.01918390,-0.69305572,0.68309859,-0.84371263,0.26744216,0.0517498453,0.0561094110,10.14995499
26.60000000,4.69849662,1.01600109,-0.68275437,0.75107091,0.82509177,0.07152672,0.0590307199,0.0560875608,8.99199724
26.80000000,4.69573850,1.20144080,-0.60613566,-0.68298505,0.55646482,0.68838820,0.0595389354,0.0565719267,8.77562046
27.00000000,4.57405238,1.14748330,-0.45722089,-0.07729208,-0.91536815,0.63728101,0.0510293388,0.0564002055,9.53290066
27.20000000,4.70889187,1.02615566,-0.37370084,1.07884251,0.09979834,0.27593320,0.0551204452,0.0559716017,8.93251462
27.40000000,4.83132300,1.17329422,-0.30507922,-0.09795152,1.00994482,0.46948585,0.0621945340,0.0566174638,8.13680344
27.60000000,4.69842561,1.27536414,-0.18856543,-0.88541186,-0.22821819,0.64339902,0.0557145300,0.0564329480,8.66615140
27.80000000,4.63967680,1.12499919,-0.06688523,0.50000942,-0.82732307,0.56171801,0.0501170123,0.0565740987,9.19009276
28.00000000,4.80896389,1.10194016,0.04261144,0.72869410,0.65167803,0.54251327,0.0588080624,0.0562538544,8.32737785
28.20000000,4.81145663,1.27969082,0.14471397,-0.71815949,0.72341879,0.45925179,0.0615993719,0.0565912764,8.10296770
28.40000000,4.62620376,1.27697154,0.22887030,-0.69294132,-0.76600231,0.42787006,0.0525173000,0.0565635367,9.04657159
28.60000000,4.64741035,1.11064211,0.33958424,0.78085580,-0.39539358,0.69564944,0.0523130276,0.0565893426,9.16542988
28.80000000,4.77089106,1.18982630,0.47852382,0.06310644,0.95482100,0.57821660,0.0611389421,0.0564867591,8.40970420
29.00000000,4.64122412,1.32961359,0.54623917,-1.10781833,0.06745565,0.13486394,0.0578476220,0.0560555303,8.88207521
29.20000000,4.50156130,1.19540644,0.58753773,0.06547736,-1.02202919,0.44851872,0.0510457193,0.0568537788,9.89021651
29.40000000,4.61650240,1.12646343,0.73105675,0.57006033,0.53245257,0.80095286,0.0574940375,0.0563850577,9.30483319
29.60000000,4.58311427,1.29734328,0.82516759,-0.90623622,0.65233804,0.05648885,0.0596633952,0.0561060689,9.23078063
29.80000000,4.39636940,1.24935543,0.80585085,-0.43589189,-1.02843547,0.04815330,0.0526942829,0.0564554520,10.44683363
30.00000000,4.46583423,1.10938039,0.91250933,0.69753367,0.15067237,0.86066522,0.0556205671,0.0563284606,10.22124020
30.20000000,4.47758014,1.26743096,1.02029358,-0.72802418,0.84850381,0.00469901,0.0593856187,0.0561242177,9.86433761
30.40000000,4.29996474,1.25333947,0.96091750,-0.46764614,-0.99573260,-0.19955872,0.0534592407,0.0562322803,11.06866465
30.60000000,4.37064644,1.10751247,1.04387001,0.72145184,0.16419633,0.83818066,0.0557217043,0.0561996211,10.83055988
30.80000000,4.37947184,1.27211498,1.13028378,-0.74322517,0.80744767,-0.21364597,0.0587201604,0.0560938750,10.44465393
31.00000000,4.22934932,1.23058670,1.03665581,-0.15878874,-1.08469877,-0.21957848,0.0532948605,0.0562066354,11.61102330
31.20000000,4.33978176,1.12251126,1.12445312,0.66919964,0.50238185,0.74147442,0.0567008537,0.0560964318,10.99395172
31.40000000,4.31677122,1.30195352,1.15561442,-0.81569863,0.54172096,-0.53960555,0.0578949163,0.0560711837,10.79457438
31.60000000,4.21667225,1.20343414,1.04554994,0.31096347,-1.07250065,-0.05517308,0.0530399054,0.0561706899,11.76373966
31.80000000,4.36454631,1.16584518,1.13860095,0.50883549,0.86343177,0.49555224,0.0577960839,0.0560814660,10.73879513
32.00000000,4.30781383,1.33826334,1.10362770,-0.79215001,0.17806084,-0.76863041,0.0569792303,0.0560957368,10.79758826
32.20000000,4.26550707,1.20045404,0.99534169,0.67250217,-0.89145752,0.05517535,0.0529986800,0.0560926991,11.41818988
32.40000000,4.43268667,1.22245813,1.06909060,0.39914813,1.02053693,0.22177723,0.0586353807,0.0561226851,10.20999987
32.60000000,4.36399493,1.38153652,0.99253527,-0.73526342,0.01619311,-0.84209589,0.0565603133,0.0561755464,10.36671196
32.80000000,4.34464810,1.23793345,0.87520700,0.77209120,-0.80557261,-0.07019937,0.0525827628,0.0560626939,10.80575459
33.00000000,4.52980020,1.26514055,0.91089944,0.52266686,0.98553724,0.07440227,0.0590216181,0.0561253662,9.57643367
33.20000000,4.48195760,1.43704172,0.83086025,-0.74456536,0.22865720,-0.80208373,0.0576293986,0.0563517491,9.56543521
33.40000000,4.42046069,1.32282496,0.68675739,0.48722335,-0.92144457,-0.40441725,0.0514262137,0.0561853821,10.16555078
33.60000000,4.61094242,1.28318244,0.66462416,0.89129811,0.67425703,-0.03106671,0.0578860626,0.0559890317,9.11134938
33.80000000,4.64085302,1.47239373,0.60473302,-0.58063524,0.73681688,-0.60824633,0.0605388952,0.0566172723,8.65829847
34.00000000,4.50568849,1.45830958,0.45750233,-0.30082530,-0.81541250,-0.70328272,0.0519094295,0.0563943269,9.41254716
34.20000000,4.60635506,1.31634281,0.35967884,1.06572795,-0.12597878,-0.31361325,0.0535331940,0.0560175792,9.09388414
34.40000000,4.75516135,1.43723862,0.29304224,0.10123075,1.02792063,-0.42793869,0.0618736515,0.0564974732,8.15718299
34.60000000,4.64414073,1.56969066,0.18386965,-0.92694806,-0.00293715,-0.62510693,0.0575445608,0.0564780830,8.48815540
34.80000000,4.54797441,1.44009129,0.06155349,0.26652545,-0.92002708,-0.57664059,0.0498886949,0.0566781919,9.21087117
35.00000000,4.70423867,1.37730656,-0.05099584,0.84813087,0.46577790,-0.56011156,0.0570444711,0.0562070482,8.49092763
35.20000000,4.74315764,1.54815630,-0.15698312,-0.55552682,0.84609958,-0.47487414,0.0622425345,0.0566334557,8.05096620
35.40000000,4.56028861,1.58356156,-0.23993334,-0.85713713,-0.60138010,-0.39199223,0.0540980902,0.0563903645,8.88892454
35.60000000,4.54029399,1.41067423,-0.34034106,0.66444067,-0.61405125,-0.65685589,0.0511528760,0.0567363225,9.30423339
35.80000000,4.67700851,1.45063981,-0.48283883,0.25363174,0.87573918,-0.64711037,0.0601774134,0.0564456970,8.51413461
36.00000000,4.57730040,1.60703450,-0.56373037,-1.07205748,0.27284867,-0.16200728,0.0591387039,0.0561157524,8.75432074
36.20000000,4.41241052,1.50084219,-0.59409448,-0.15286922,-1.05733706,-0.32965033,0.0514094230,0.0567683851,9.87022863
36.40000000,4.51188215,1.39384497,-0.72443939,0.67284534,0.31849391,-0.83417071,0.0561358984,0.0564118139,9.48150273
36.60000000,4.51034087,1.55509095,-0.83846122,-0.78148408,0.78256094,-0.16395428,0.0601897886,0.0561987119,9.18486800
36.80000000,4.31732303,1.54305824,-0.81948342,-0.61642241,-0.92967336,0.07570245,0.0534833683,0.0562846689,10.34761617
37.00000000,4.36276906,1.37923024,-0.90142400,0.73684378,-0.09207445,-0.83581310,0.0545632069,0.0563746715,10.39733932
37.20000000,4.40146027,1.51638385,-1.02858319,-0.59491438,0.93437884,-0.15170058,0.0596055730,0.0561867011,9.85091322
37.40000000,4.22195018,1.53757837,-0.97537321,-0.62464130,-0.86811840,0.32587372,0.0541383184,0.0561195230,10.96049703
37.60000000,4.27153162,1.37169572,-1.03017728,0.76832345,-0.07227688,-0.80898401,0.0548690722,0.0562259562,10.99608967
37.80000000,4.30568270,1.51836573,-1.13841946,-0.63647660,0.91736155,0.05783878,0.0590030827,0.0561409916,10.40769924
38.00000000,4.14792229,1.51225531,-1.04676039,-0.32208266,-1.00020939,0.38189520,0.0537341149,0.0561397006,11.52785117
38.20000000,4.24502238,1.37776523,-1.10875752,0.76142713,0.29113394,-0.76515996,0.0559494910,0.0560911080,11.14317884
38.40000000,4.24651765,1.55161786,-1.16667231,-0.75803025,0.71260193,0.40937590,0.0583873595,0.0561163246,10.70406055
38.60000000,4.12946411,1.48571112,-1.04775675,0.15035369,-1.07980623,0.24781498,0.0531463910,0.0561618155,11.73468007
38.80000000,4.27417435,1.41481227,-1.12319249,0.64025311,0.70805206,-0.58201223,0.0571544733,0.0560461709,10.85276349
39.00000000,4.23929132,1.59634522,-1.11637084,-0.78830559,0.39432244,0.68781109,0.0577029407,0.0561367712,10.65977648
39.20000000,4.17248686,1.48447883,-0.99045298,0.52766550,-0.97707762,0.12995556,0.0527909889,0.0561225261,11.43887927
39.40000000,4.34381216,1.47118371,-1.05428763,0.55068523,0.91464839,-0.33190976,0.0580396247,0.0560611612,10.29334882
39.60000000,4.29588470,1.64775498,-1.00384357,-0.75505284,0.24635277,0.78689613,0.0575008838,0.0562277977,10.20663642
39.80000000,4.24759525,1.52782005,-0.86840930,0.61325035,-0.90460326,0.23583245,0.0522534599,0.0561133093,10.83239821
40.00000000,4.43559798,1.51917104,-0.89398102,0.68043218,0.87296279,-0.15794937,0.0582347316,0.0560382931,9.66834669
40.20000000,4.41386021,1.70526734,-0.83710565,-0.72157115,0.44883367,0.72655586,0.0587095495,0.0564158840,9.41371435
40.40000000,4.32555791,1.62305480,-0.68437782,0.27119710,-0.94193608,0.53778114,0.0514849858,0.0562399706,10.12695137
40.60000000,4.50261997,1.54972708,-0.64583246,1.00358289,0.49235366,0.02023027,0.0565945558,0.0559250994,9.25245232
40.80000000,4.56573573,1.73461622,-0.60032048,-0.44813363,0.88310230,0.51894757,0.0611850847,0.0566108354,8.57733307
41.00000000,4.42508749,1.76101354,-0.45922300,-0.49812046,-0.66688888,0.74641492,0.0531831128,0.0563816419,9.25448891
41.20000000,4.48676425,1.60733714,-0.34751281,0.99771477,-0.34644578,0.36679771,0.0521318713,0.0561165404,9.23648164
41.40000000,4.65580937,1.69604678,-0.27982683,0.30151795,1.00115277,0.39595461,0.0611039557,0.0563548394,8.21914128
41.60000000,4.57242890,1.85264055,-0.17785121,-0.91813606,0.21815438,0.59952885,0.0592404114,0.0565638406,8.32786086
41.80000000,4.44508185,1.75136452,-0.05660068,0.01704629,-0.95242247,0.58532116,0.0502494839,0.0567019836,9.16968440
42.00000000,4.57896953,1.65236211,0.05823258,0.92477121,0.25077062,0.57611832,0.0551866791,0.0562223644,8.66867466
42.20000000,4.65239824,1.80798636,0.16865705,-0.37112952,0.92967779,0.49795793,0.0624036585,0.0566209129,8.04160891
42.40000000,4.48031050,1.87922184,0.25247513,-0.97434914,-0.40767649,0.36666556,0.0558248585,0.0562739397,8.71954947
42.60000000,4.41944178,1.70998523,0.34237274,0.50045068,-0.79870198,0.60135203,0.0504611059,0.0568537271,9.39681271
42.80000000,4.56128457,1.70791566,0.48465717,0.43081855,0.75252911,0.70575868,0.0588796620,0.0564084818,8.65249496
43.00000000,4.49465639,1.87324629,0.58014301,-0.99699336,0.45926339,0.21232375,0.0601926318,0.0562162887,8.65615271
43.20000000,4.31130841,1.79990958,0.60423093,-0.37036881,-1.03218864,0.21774652,0.0521484370,0.0566136531,9.79855599
43.40000000,4.38861986,1.66041504,0.71698823,0.74131881,0.08303002,0.83279796,0.0547718039,0.0564670419,9.66507228
43.60000000,4.41810139,1.80413692,0.84835834,-0.63451928,0.87496978,0.28603003,0.0604280138,0.0562773309,9.17591556
43.80000000,4.22510067,1.82753392,0.83611162,-0.77585385,-0.78715036,-0.16865683,0.0544305247,0.0561148870,10.22080866
44.00000000,4.24288079,1.64821847,0.89136152,0.74076389,-0.33372979,0.76804511,0.0536294691,0.0564344110,10.56233745
44.20000000,4.30675082,1.75809232,1.03286018,-0.44553156,0.97887488,0.30545966,0.0595892003,0.0562228381,9.87253093
44.40000000,4.13040424,1.81253543,0.99242394,-0.76366173,-0.70396715,-0.41382486,0.0549240742,0.0560155816,10.83106501
44.60000000,4.15566836,1.63467765,1.01760304,0.78578987,-0.30649851,0.73388892,0.0541020439,0.0562639162,11.15231028
44.80000000,4.21435947,1.75725082,1.14261012,-0.51185409,0.98799510,0.10895443,0.0590992687,0.0561709549,10.40308448
45.00000000,4.05316621,1.78584345,1.06015516,-0.47902139,-0.87132262,-0.51120974,0.0543140777,0.0560707807,11.41441693
45.20000000,4.13283703,1.63157435,1.09293191,0.83338277,0.06817290,0.74217626,0.0551987310,0.0561002767,11.29639254
45.40000000,4.15968280,1.79295070,1.17435048,-0.67876530,0.85092213,-0.25536089,0.0587309596,0.0561506184,10.64172620
45.60000000,4.02886307,1.76186525,1.05410693,-0.01969954,-1.03398978,-0.42482593,0.0534438929,0.0561287304,11.66403991
45.80000000,4.16559897,1.66168948,1.10613400,0.76103908,0.52592614,0.62787038,0.0564373705,0.0560211613,10.98425429
46.00000000,4.15485184,1.84513690,1.12665561,-0.75889687,0.58872070,-0.57226172,0.0583117135,0.0561819009,10.54393064
46.20000000,4.06574247,1.76412721,0.98994703,0.36054984,-1.00993865,-0.31627160,0.0528048882,0.0561380504,11.41382359
46.40000000,4.23587280,1.71716208,1.03706829,0.69565910,0.77411080,0.40842487,0.0573133001,0.0560074064,10.40183584
46.60000000,4.21185581,1.90405474,1.01307724,-0.74432850,0.46069099,-0.69551340,0.0583312468,0.0562780267,10.06590405
46.80000000,4.13709168,1.81375409,0.86594281,0.42855918,-0.95060891,-0.40333576,0.0522034403,0.0561524975,10.80989492
47.00000000,4.32133916,1.77068004,0.87517925,0.82484788,0.72531345,0.20867768,0.0572945471,0.0559670546,9.78589289
47.20000000,4.32840253,1.96333680,0.84054696,-0.66416194,0.64577553,-0.62598952,0.0595805095,0.0564614130,9.28921650
47.40000000,4.21857777,1.91741244,0.68558168,0.04720015,-0.90426722,-0.65579946,0.0519408644,0.0562608157,10.03652222
47.60000000,4.37449107,1.81521454,0.62734597,1.07978627,0.28706659,-0.04067408,0.0552413804,0.0559045069,9.40465974
47.80000000,4.46997347,1.98792563,0.59279063,-0.29066648,0.99133648,-0.42751021,0.0614378654,0.0565476103,8.53591038
48.00000000,4.33182736,2.05341541,0.46151162,-0.65899571,-0.48153590,-0.76409936,0.0547273092,0.0563878974,9.07467684
48.20000000,4.35195716,1.89773879,0.33758157,0.87488023,-0.54673860,-0.43088455,0.0510483843,0.0562456253,9.34348965
48.40000000,4.53363450,1.94976938,0.26592528,0.49465091,0.92962630,-0.37565332,0.0599400273,0.0562168110,8.31945903
48.60000000,4.48233496,2.12338655,0.17036890,-0.86281037,0.42503903,-0.57000008,0.0606652841,0.0566577189,8.19583035
48.80000000,4.33157752,2.05602170,0.05162784,-0.23066286,-0.92315040,-0.58701617,0.0511628612,0.0566390128,9.07188434
49.00000000,4.43482491,1.92671360,-0.06441775,0.95069289,0.01653920,-0.58814070,0.0533962337,0.0563033516,8.84577852
49.20000000,4.53913669,2.05917126,-0.17935388,-0.17217658,0.97096454,-0.52686154,0.0620696982,0.0565610972,8.07545318
49.40000000,4.38535035,2.16229656,-0.26611249,-1.04179082,-0.19811795,-0.35414851,0.0575508088,0.0562477949,8.55472100
49.60000000,4.28636793,2.00637849,-0.34628810,0.29845130,-0.93581955,-0.53401178,0.0502989976,0.0569128316,9.43267287
49.80000000,4.42458535,1.96171368,-0.48435389,0.58646715,0.58826938,-0.74832842,0.0573433725,0.0564001179,8.81752050
50.00000000,4.39291063,2.12783315,-0.59472680,-0.88716548,0.61922102,-0.28196229,0.0609386842,0.0563193352,8.59345556
50.20000000,4.19845398,2.09008906,-0.61763752,-0.57442330,-0.95131334,-0.12264092,0.0531797164,0.0563992155,9.68565909
50.40000000,4.24792632,1.92550268,-0.70978560,0.76940228,-0.16248230,-0.79474501,0.0535233124,0.0565503024,9.84213895
50.60000000,4.30645679,2.04444578,-0.85451762,-0.46904669,0.92635867,-0.41455377,0.0603572388,0.0563255127,9.20492927
50.80000000,4.11965190,2.10095354,-0.85479757,-0.90811712,-0.61230904,0.22450152,0.0554638504,0.0559884959,10.07987655
51.00000000,4.10724466,1.91511109,-0.88343690,0.70600728,-0.56116105,-0.66079649,0.0528975572,0.0564963659,10.70341492
51.20000000,4.19358831,1.99252059,-1.03306730,-0.28233331,0.98082826,-0.45635932,0.0593329485,0.0562449306,9.92888882
51.40000000,4.02544611,2.07665250,-1.01104675,-0.88020149,-0.51484304,0.45845608,0.0557638437,0.0559455535,10.69224535
51.60000000,4.02392322,1.89524153,-1.00721979,0.76988561,-0.52642682,-0.61656382,0.0534785073,0.0563026870,11.28783543
51.80000000,4.10558779,1.98866040,-1.14271365,-0.37050467,1.01786432,-0.27690885,0.0590008962,0.0561818820,10.43132036
52.00000000,3.94541999,2.04964590,-1.07597435,-0.62420263,-0.70779345,0.59949939,0.0549945506,0.0560089528,11.28090921
52.20000000,4.00386047,1.88303785,-1.07805612,0.87960699,-0.15613269,-0.67224559,0.0544988091,0.0561219886,11.44363281
52.40000000,4.05629764,2.02572854,-1.17820963,-0.57807269,0.95304185,0.08685163,0.0589056915,0.0561727238,10.61008504
52.60000000,3.91545624,2.02993851,-1.06409835,-0.19300439,-0.93991283,0.57385815,0.0539132419,0.0560896409,11.55796873
52.80000000,4.03924504,1.90590671,-1.08842120,0.86552521,0.32484139,-0.62876402,0.0556870258,0.0560109298,11.12559570
53.00000000,4.05445465,2.08423696,-1.13375296,-0.70369332,0.75489349,0.43005992,0.0587677410,0.0562141826,10.45503096
53.20000000,3.94608583,2.03731151,-0.99368388,0.17745442,-0.98928066,0.48972820,0.0530483629,0.0561314226,11.34412873
53.40000000,4.10922027,1.96001710,-1.01834765,0.82819720,0.60476660,-0.44536138,0.0564984111,0.0559683002,10.52913712
53.60000000,4.11171903,2.14992056,-1.01940059,-0.70321327,0.65144909,0.57541739,0.0589938744,0.0563159022,9.95109966
53.80000000,4.01405982,2.09351725,-0.86766193,0.22644212,-0.94136425,0.55906825,0.0524528984,0.0561694111,10.73859843
54.00000000,4.18757537,2.01932515,-0.85548142,0.94857180,0.54853780,-0.22207616,0.0562574287,0.0559217131,9.92137989
54.20000000,4.22520616,2.21086781,-0.84060126,-0.57459671,0.81315401,0.50854613,0.0601826202,0.0564717974,9.19742685
54.40000000,4.10005916,2.20350828,-0.68970884,-0.17206084,-0.81244501,0.74855071,0.0527661604,0.0562672287,9.90259003
54.60000000,4.22781642,2.07903682,-0.61013134,1.11216935,0.06826523,0.09175621,0.0539210659,0.0559286917,9.55469213
54.80000000,4.35332595,2.23222389,-0.58226607,-0.11381149,1.05877570,0.34064786,0.0612866470,0.0564427971,8.53532578
55.00000000,4.22531618,2.33369508,-0.46348367,-0.77683273,-0.27232916,0.75654989,0.0563939431,0.0564339076,8.88944451
55.20000000,4.20380667,2.18577001,-0.33005432,0.70214381,-0.71208023,0.49993582,0.0503975541,0.0563719960,9.40064061
55.40000000,4.38930331,2.19847827,-0.25186977,0.67158030,0.81446655,0.36827182,0.0584638304,0.0561065363,8.45249011
55.60000000,4.37309904,2.38135287,-0.16143522,-0.76605762,0.60968603,0.53985059,0.0617123124,0.0567098331,8.09947162
55.80000000,4.20760591,2.35133792,-0.04624434,-0.45988895,-0.83660035,0.58189519,0.0525330759,0.0565347662,8.92995787
56.00000000,4.27374045,2.19968686,0.06977338,0.92022854,-0.22391843,0.59417167,0.0518402670,0.0564340994,9.00500273
56.20000000,4.40358564,2.30180524,0.18876547,0.03384404,0.96753466,0.55922381,0.0612610074,0.0564727439,8.15115200
56.40000000,4.27456012,2.43151030,0.28036133,-1.05986859,0.01510714,0.35559858,0.0591402501,0.0563025317,8.40797310
56.60000000,4.14233348,2.29736134,0.35251220,0.07190766,-1.01590834,0.46125864,0.0506679602,0.0568681252,9.40848088
56.80000000,4.26803598,2.21201219,0.48251138,0.71183908,0.38837564,0.76970740,0.0556943934,0.0564303711,8.99905063
57.00000000,4.27186139,2.37057462,0.60686342,-0.74725376,0.74679449,0.36593688,0.0613247136,0.0563995704,8.56977500
57.20000000,4.07385407,2.36909295,0.63371686,-0.75441854,-0.82349209,0.05209078,0.0544061049,0.0561976973,9.54570571
57.40000000,4.09119841,2.18814188,0.70393880,0.75244508,-0.40464762,0.72117037,0.0525046502,0.0566459581,9.99811020
57.60000000,4.17557649,2.27605818,0.85684300,-0.28901506,0.93484671,0.54086219,0.0599756470,0.0563439662,9.27131955
57.80000000,4.00090725,2.36182268,0.87447403,-1.00898073,-0.41734724,-0.24037295,0.0565135105,0.0559193945,9.93794168
58.00000000,3.95706568,2.17839776,0.87862187,0.63126562,-0.76143331,0.52127059,0.0524251610,0.0565426735,10.80883901
58.20000000,4.06217686,2.21964937,1.02939732,-0.10835808,0.94050656,0.59473183,0.0588487538,0.0562447111,10.01825857
58.40000000,3.90719381,2.32867570,1.03014046,-0.97074693,-0.31249267,-0.45825619,0.0566057091,0.0559207649,10.55531240
58.60000000,3.87731659,2.15194289,0.99996400,0.71793634,-0.72039190,0.46433061,0.0530437159,0.0563347778,11.39203077
58.80000000,3.97948906,2.21250469,1.13882220,-0.21410002,1.00696558,0.43609803,0.0587116393,0.0561807475,10.49164627
59.00000000,3.82500407,2.30222272,1.09320722,-0.75270295,-0.52061359,-0.64218358,0.0557309520,0.0559735212,11.13816634
59.20000000,3.85891083,2.13105500,1.06517692,0.89475702,-0.37085237,0.55846074,0.0538975047,0.0561514477,11.57425675
59.40000000,3.93640780,2.24979262,1.17802944,-0.45639321,1.01697987,0.08635501,0.0589014484,0.0561754456,10.61034412
59.60000000,3.78980107,2.28815317,1.07697363,-0.36303864,-0.80543230,-0.68518738,0.0545226206,0.0560533904,11.42537195
59.80000000,3.89572086,2.14673282,1.07112287,0.94721387,0.11378936,0.58295614,0.0549487197,0.0560169138,11.26750891
60.00000000,3.93806932,2.31336804,1.13713674,-0.62267772,0.88836443,-0.27033516,0.0590443285,0.0562263302,10.39647950
60.20000000,3.81429094,2.30201574,1.00119616,-0.01404065,-0.91832794,-0.63755521,0.0535106477,0.0561173755,11.23522147
60.40000000,3.96439904,2.19924306,0.99916552,0.94133223,0.41385539,0.43888193,0.0556419048,0.0559498470,10.66696697
60.60000000,3.99530773,2.38499675,1.02218711,-0.63226238,0.81285853,-0.43532206,0.0594464153,0.0563326131,9.86692304
60.80000000,3.87931841,2.36493277,0.87306999,0.01677722,-0.87905949,-0.69063227,0.0529944832,0.0561720598,10.62407397
61.00000000,4.03511031,2.26462886,0.83596660,1.04353008,0.35024203,0.19589664,0.0551862948,0.0559077436,10.06477053
61.20000000,4.10397058,2.44760881,0.83693503,-0.45566450,0.94644476,-0.38289969,0.0604794878,0.0564387099,9.14183552
61.40000000,3.97030864,2.47914276,0.69584907,-0.37473831,-0.67452594,-0.80906486,0.0538911712,0.0562712838,9.73775382
61.60000000,4.06414307,2.34035009,0.59507675,1.09448589,-0.15208964,-0.17020395,0.0527347105,0.0559946561,9.68742730
61.80000000,4.21574175,2.46747684,0.56908080,0.07627407,1.08361378,-0.26450603,0.0607475638,0.0563128871,8.57510831
62.00000000,4.10488196,2.60039959,0.46433086,-0.84835649,-0.05190838,-0.72635858,0.0580302419,0.0565145472,8.71348179
62.20000000,4.04407158,2.46930377,0.32486300,0.48946683,-0.82982855,-0.56728018,0.0502599626,0.0564652199,9.39917644
62.40000000,4.22380971,2.44224143,0.23819176,0.82247759,0.65846425,-0.37410619,0.0567822682,0.0560445138,8.60968620
62.60000000,4.24417798,2.62616738,0.15120267,-0.63362984,0.76569186,-0.51208320,0.0623080741,0.0567013826,8.04347092
62.80000000,4.07294189,2.63481396,0.04011429,-0.65698457,-0.70164826,-0.57101751,0.0542207055,0.0564416966,8.76065629
63.00000000,4.09783338,2.47024035,-0.07462595,0.83147043,-0.45509865,-0.59290990,0.0506730951,0.0565927305,9.12868318
63.20000000,4.24621764,2.53607534,-0.19669129,0.23886097,0.91782335,-0.59206902,0.0600321753,0.0563806307,8.26528222
63.40000000,4.14723066,2.68592829,-0.29467849,-1.03114514,0.22142122,-0.37109615,0.0604757332,0.0564023988,8.28957807
63.60000000,3.98826568,2.58028990,-0.36123658,-0.16354184,-1.03490699,-0.39015586,0.0515135638,0.0567248974,9.32885880
63.80000000,4.09303365,2.45863866,-0.47988688,0.79814861,0.16106800,-0.76616962,0.0540783148,0.0565081141,9.18398507
64.00000000,4.13147355,2.60141046,-0.61610456,-0.58203402,0.83734413,-0.45835707,0.0613200294,0.0564452697,8.58667508
64.20000000,3.93738457,2.63495416,-0.65165608,-0.90240209,-0.65995864,-0.01118328,0.0557271898,0.0560455005,9.39406457
64.40000000,3.91998089,2.44704156,-0.70047531,0.68828720,-0.62911191,-0.61682974,0.0518069206,0.0567262383,10.11892547
64.60000000,4.02574230,2.49905823,-0.85549451,-0.09897554,0.89985024,-0.65610471,0.0593028011,0.0563411202,9.37286974
64.80000000,3.86880442,2.60898228,-0.89403495,-1.07577916,-0.21403960,0.21653232,0.0575139949,0.0559171707,9.80655827
65.00000000,3.79363584,2.43632561,-0.87764973,0.51786611,-0.92315422,-0.36000137,0.0522425513,0.0565499279,10.86973723
65.20000000,3.91280539,2.43944294,-1.02228840,0.07240700,0.85958960,-0.71124043,0.0581648318,0.0562404871,10.13737545
65.40000000,3.77576756,2.56764538,-1.04860772,-1.03260744,-0.10788444,0.41482868,0.0574002151,0.0559368209,10.43008568
65.60000000,3.71699754,2.40314276,-0.99655251,0.62924996,-0.87819376,-0.28778499,0.0528256640,0.0563523113,11.45643910
65.80000000,3.83623589,2.42868251,-1.13125965,-0.04519951,0.95666761,-0.57683974,0.0582471098,0.0561671079,10.58198855
66.00000000,3.69221533,2.54241211,-1.11077842,-0.86014595,-0.32088615,0.63810737,0.0564771391,0.0559673551,10.99656518
66.20000000,3.69899136,2.37433262,-1.05522874,0.87435982,-0.56523621,-0.40743458,0.0534361205,0.0561826635,11.67792841
66.40000000,3.80008031,2.46501390,-1.17381615,-0.31475560,1.04223645,-0.25430706,0.0587185642,0.0561605141,10.64247981
66.60000000,3.65240829,2.53496583,-1.09178842,-0.52333779,-0.64032776,0.75239479,0.0552300080,0.0560293993,11.27664729
66.80000000,3.73584339,2.38326345,-1.05531412,0.99930973,-0.09736184,-0.49183405,0.0542686616,0.0560391788,11.39952049
67.00000000,3.80567734,2.53233539,-1.13650397,-0.51624478,0.98636792,0.10280884,0.0591267848,0.0562202853,10.37025202
67.20000000,3.67106021,2.55638112,-1.01173416,-0.20570836,-0.80369026,0.74951053,0.0541613206,0.0560991341,11.09593354
67.40000000,3.80218078,2.43418416,-0.98062674,1.02738133,0.20993846,-0.38783173,0.0547944246,0.0559548592,10.80518576
67.60000000,3.86248334,2.60904093,-1.02104558,-0.53253801,0.94095016,0.28463321,0.0596630996,0.0563157204,9.81637526
67.80000000,3.73354474,2.62596781,-0.88137012,-0.19008430,-0.76978195,0.78822821,0.0537907049,0.0561664359,10.47606359
68.00000000,3.86502478,2.50594921,-0.81773481,1.10154520,0.13972366,-0.13067313,0.0541495547,0.0559251360,10.20391724
68.20000000,3.96448660,2.67339914,-0.82947211,-0.31075635,1.04258354,0.25777909,0.0604576887,0.0563706612,9.12417984
68.40000000,3.82942037,2.74239171,-0.70294267,-0.55087155,-0.50116182,0.83389290,0.0552131675,0.0562987108,9.55661933
68.60000000,3.88525588,2.59803247,-0.58290762,1.02328495,-0.36053083,0.27001005,0.0517849005,0.0560895483,9.78752117
68.80000000,4.05738191,2.69370265,-0.55375319,0.27260103,1.06484207,0.20445059,0.0598605670,0.0561762714,8.65293938
69.00000000,3.96985173,2.85241391,-0.46339037,-0.87301342,0.16842741,0.67784938,0.0594959317,0.0566026566,8.55875066
69.20000000,3.87425331,2.74595155,-0.32170267,0.25095501,-0.89145062,0.62636841,0.0506658954,0.0564965653,9.33792951
69.40000000,4.03849892,2.68107827,-0.22538067,0.93707900,0.46675123,0.39246178,0.0550236438,0.0560431856,8.77924547
69.60000000,4.09525395,2.85762933,-0.13993903,-0.47166844,0.88783884,0.48915343,0.0624135036,0.0566334880,8.03024811
69.80000000,3.92710121,2.90428019,-0.03299495,-0.81240204,-0.52979693,0.55616377,0.0560631282,0.0564021046,8.58177538
70.00000000,3.90927293,2.73690847,0.07936992,0.68754248,-0.66048737,0.58398781,0.0500152423,0.0567263563,9.20168079
70.20000000,4.06778131,2.76224239,0.20306641,0.43394620,0.82147372,0.62199005,0.0584720307,0.0563154293,8.41196107
70.40000000,4.00282769,2.92490962,0.30850463,-0.95944873,0.41193733,0.39970711,0.0614624600,0.0565012847,8.20669267
70.60000000,3.82473445,2.85253804,0.37240252,-0.39224208,-0.99445020,0.32743694,0.0527387370,0.0565239979,9.20523564
70.80000000,3.90124346,2.70119048,0.47735528,0.83749264,-0.08243689,0.73607760,0.0526464181,0.0566214898,9.35686334
71.00000000,3.97186936,2.82041163,0.62220271,-0.39654561,0.88732275,0.55263904,0.0609184352,0.0564501018,8.64393971
71.20000000,3.78885536,2.88606833,0.67051145,-1.01313580,-0.47281175,0.00221094,0.0570462551,0.0559794200,9.24521892
71.40000000,3.73590170,2.70059025,0.70023489,0.57816482,-0.82201987,0.48990690,0.0514851405,0.0567700882,10.19325980
71.60000000,3.85736518,2.71354090,0.85088849,0.09555128,0.82214780,0.75162687,0.0583809694,0.0563390708,9.50556552
71.80000000,3.72330425,2.84158382,0.91241627,-1.10703366,-0.01294968,-0.15591271,0.0584053287,0.0559660184,9.69510035
72.00000000,3.61827693,2.68696577,0.88094008,0.37005284,-1.03779427,0.18985243,0.0523508912,0.0565120118,10.88164372
72.20000000,3.74587584,2.65181788,1.01240864,0.25472029,0.74118828,0.79734403,0.0573253836,0.0562356851,10.28126000
72.40000000,3.63128912,2.79286661,1.06542605,-1.06373237,0.08941932,-0.33238176,0.0581016759,0.0559880911,10.32452221
72.60000000,3.54420237,2.64706527,0.99741473,0.50558386,-0.99217007,0.09991752,0.0528332766,0.0563283959,11.47609699
72.80000000,3.67607779,2.63705349,1.12057047,0.13241878,0.86962350,0.69008712,0.0576346064,0.0561484990,10.69884473
73.00000000,3.54732220,2.76931942,1.12762377,-0.94270155,-0.11892624,-0.58921162,0.0571879507,0.0559891391,10.86526449
73.20000000,3.52527335,2.61141102,1.04895542,0.81560503,-0.72960455,0.22905378,0.0531459819,0.0562040571,11.74585849
73.40000000,3.64742011,2.67126301,1.16580233,-0.15511239,1.02961305,0.40723103,0.0583677702,0.0561360893,10.70523571
73.60000000,3.50373022,2.76909478,1.10749017,-0.66779158,-0.45514589,-0.77259085,0.0559868150,0.0560257988,11.12244816
73.80000000,3.56064880,2.61441935,1.04199974,1.01548510,-0.29837750,0.36022336,0.0536915106,0.0560693076,11.51074674
74.00000000,3.65728179,2.74099056,1.13178512,-0.38546069,1.04761736,0.06259334,0.0590125659,0.0561897760,10.37700990
74.20000000,3.51700148,2.79877074,1.02433667,-0.38930669,-0.65433640,-0.81870885,0.0549524906,0.0560913909,10.93713659
74.40000000,3.62358657,2.66401860,0.96382783,1.07861973,0.00268154,0.29423167,0.0540090151,0.0559782435,10.93227007
74.60000000,3.71314688,2.82188454,1.01583314,-0.40577420,1.03327559,-0.13299944,0.0596347798,0.0562718752,9.80093266
74.80000000,3.57725729,2.87481364,0.89154717,-0.38424454,-0.62243174,-0.84553821,0.0547769688,0.0561753429,10.30681582
75.00000000,3.67868094,2.74245210,0.80182287,1.11529207,-0.07222138,0.03012763,0.0532196848,0.0559709576,10.32533370
75.20000000,3.80665568,2.88814027,0.81838930,-0.14404094,1.09963534,-0.14161328,0.0601250364,0.0562723879,9.14458129
75.40000000,3.67731772,2.99164889,0.70988917,-0.69290269,-0.30401568,-0.82307978,0.0566112033,0.0563554599,9.37367205
75.60000000,3.69308930,2.85066215,0.57410632,0.89911240,-0.54325374,-0.38271695,0.0511670123,0.0561917010,9.84174538
75.80000000,3.87865151,2.91096367,0.53695192,0.46710632,1.00231338,-0.16486225,0.0586864437,0.0560563554,8.76437764
76.00000000,3.81961247,3.08891345,0.46018956,-0.85224528,0.37913579,-0.61638789,0.0606749561,0.0566653140,8.43420658
76.20000000,3.69549160,3.01319901,0.32006418,0.00300032,-0.89375991,-0.67170248,0.0515859015,0.0564824322,9.22363471
76.40000000,3.83507532,2.91489160,0.21384329,1.00548403,0.24745117,-0.42162755,0.0533319297,0.0561073325,8.94622006
76.60000000,3.92623882,3.07569195,0.12799550,-0.28668996,0.97171755,-0.47283598,0.0620235102,0.0565250549,8.06025387
76.80000000,3.76946505,3.15794360,0.02476233,-0.92072691,-0.33337022,-0.53956116,0.0578944921,0.0564358163,8.40960950
77.00000000,3.71012224,2.99780121,-0.08442123,0.49707476,-0.82476664,-0.56804635,0.0499346882,0.0567992911,9.21458292
77.20000000,3.86932597,2.98060658,-0.20798024,0.60920532,0.67991811,-0.64543028,0.0567017422,0.0562956253,8.58237568
77.40000000,3.84100387,3.14806472,-0.32130631,-0.84927074,0.57924910,-0.43955623,0.0620311782,0.0565617804,8.16379701
77.60000000,3.65198711,3.11165460,-0.38571666,-0.60043511,-0.90099723,-0.27871432,0.0542208150,0.0563262413,9.05327280
77.80000000,3.69456429,2.93895826,-0.47582861,0.82414700,-0.32825654,-0.68046260,0.0515368857,0.0567532310,9.50132823
78.00000000,3.79332893,3.02775447,-0.62513432,-0.19640082,0.89420266,-0.64173851,0.0601410020,0.0564327368,8.73957305
78.20000000,3.62806525,3.12119569,-0.68929252,-1.08371097,-0.27377222,-0.02488561,0.0582741199,0.0559976037,9.11146662
78.40000000,3.54058809,2.94690413,-0.70377607,0.42712582,-0.97169840,-0.35123462,0.0515521982,0.0567411164,10.21464576
78.60000000,3.67101392,2.91957776,-0.84368500,0.28778262,0.70402902,-0.81946587,0.0572748618,0.0563429453,9.66334344
78.80000000,3.56439750,3.05904914,-0.92866285,-1.10210527,0.17697634,0.06358732,0.0591341589,0.0560481485,9.61063190
79.00000000,3.43227867,2.92830634,-0.88855661,0.19477058,-1.10066323,-0.02459428,0.0527257596,0.0564192196,10.84532703
79.20000000,3.56193945,2.85661341,-1.00062723,0.43191679,0.58988175,-0.84586488,0.0563889303,0.0562436242,10.44304349
79.40000000,3.47387902,3.00386819,-1.07970506,-1.06258367,0.27157653,0.21716844,0.0586694694,0.0560481215,10.24464606
79.60000000,3.36020232,2.88187453,-1.00265149,0.35125322,-1.05800162,0.08516891,0.0530574887,0.0562789592,11.45037235
79.80000000,3.49937528,2.83741433,-1.10749854,0.31351313,0.74970045,-0.76789241,0.0569121430,0.0561371171,10.83713248
80.00000000,3.39056058,2.98228847,-1.14275604,-0.99706805,0.07634229,0.50002715,0.0578213691,0.0560300321,10.75181397
80.20000000,3.33905990,2.84070891,-1.04684300,0.71801068,-0.85625976,-0.03577551,0.0530460554,0.0562076737,11.77205826
80.40000000,3.47859595,2.86838557,-1.15443887,0.01934023,0.98104780,-0.53588353,0.0578695957,0.0561044725,10.79604320
80.60000000,3.34415387,2.98952155,-1.12299762,-0.79083968,-0.26016934,0.74624696,0.0567420572,0.0560457407,10.97270553
80.80000000,3.37138282,2.83895848,-1.03203357,0.99078647,-0.47935075,-0.19637982,0.0532575944,0.0561035074,11.59103190
81.00000000,3.49292593,2.93920171,-1.12314574,-0.23235537,1.07206246,-0.21608579,0.0587107146,0.0561476317,10.41613474
81.20000000,3.35261636,3.02780629,-1.03791656,-0.55709472,-0.48039137,0.84194394,0.0558238618,0.0561020376,10.77030755
81.40000000,3.42988938,2.88775072,-0.94977307,1.08821391,-0.19757401,-0.16356952,0.0533393375,0.0560206939,11.03624515
81.60000000,3.54725820,3.02340174,-1.00665775,-0.25460478,1.08861161,-0.01005821,0.0593679040,0.0562076118,9.82064141
81.80000000,3.41081728,3.10993356,-0.90246626,-0.55695052,-0.44737977,0.86003340,0.0558697150,0.0562063949,10.12929717
82.00000000,3.47769702,2.97309135,-0.78911248,1.07947748,-0.27383665,0.09870090,0.0524704218,0.0560391989,10.41559994
82.20000000,3.63051663,3.09177733,-0.80410218,0.03929822,1.11654469,0.04223265,0.0595079591,0.0561642056,9.20153103
82.40000000,3.51380435,3.22562837,-0.71564772,-0.79572667,-0.09443346,0.77968031,0.0579622297,0.0564331496,9.20176248
82.60000000,3.48960675,3.09653068,-0.56884967,0.72720029,-0.68774426,0.49818426,0.0509566838,0.0562740597,9.84151574
82.80000000,3.68023767,3.11935528,-0.51945460,0.65051456,0.89702794,0.14890156,0.0573040787,0.0559698220,8.90246189
83.00000000,3.65365396,3.30931412,-0.45446727,-0.78886495,0.57239493,0.54777380,0.0614817603,0.0566765966,8.34601262
83.20000000,3.50852209,3.26856131,-0.31929590,-0.23798653,-0.83900529,0.69959455,0.0529322846,0.0564406843,9.06932699
83.40000000,3.61557904,3.14337990,-0.20386627,1.01944083,0.01202169,0.45890725,0.0518575777,0.0562217748,9.09346712
83.60000000,3.73728135,3.28045589,-0.11577089,-0.08576303,1.01350999,0.46415751,0.0611661171,0.0563905231,8.13202436
83.80000000,3.59939158,3.39438816,-0.01542131,-0.98002747,-0.12419552,0.52356627,0.0595615759,0.0565217432,8.25752045
84.00000000,3.50218314,3.25067517,0.09016747,0.27348392,-0.93615825,0.54663907,0.0504359040,0.0567855698,9.16597960
84.20000000,3.65222775,3.19145109,0.21168170,0.75398858,0.49711632,0.65907252,0.0548695034,0.0563350003,8.76445698
84.40000000,3.66159763,3.35522211,0.33261622,-0.70547798,0.71711351,0.48790270,0.0621404473,0.0565722392,8.16314373
84.60000000,3.47002455,3.35548085,0.40069125,-0.77743785,-0.76425574,0.24799908,0.0558274299,0.0561851938,8.88989524
84.80000000,3.47505677,3.17086995,0.47615915,0.75595822,-0.56087574,0.60327901,0.0508548172,0.0568609559,9.60246698
85.00000000,3.59630344,3.22369456,0.62511368,0.01184346,0.85655330,0.71845401,0.0590379948,0.0564092475,8.86960666
85.20000000,3.45484026,3.33943494,0.70703769,-1.11297985,-0.07340955,0.07672604,0.0593312987,0.0560736090,9.00239626
85.40000000,3.33557850,3.18391736,0.71131390,0.24373742,-1.07015105,0.21299952,0.0519813689,0.0566364551,10.18280082
85.60000000,3.46745227,3.11718025,0.83475867,0.46955581,0.54949697,0.85297738,0.0560690769,0.0563677396,9.83786701
85.80000000,3.39210577,3.26102380,0.94198070,-1.06096566,0.34851685,0.05373892,0.0596553010,0.0561308482,9.55806310
86.00000000,3.23684306,3.15835860,0.90020524,0.00099303,-1.11128474,-0.12265903,0.0533239697,0.0562828663,10.76660998
86.20000000,3.36173666,3.05356405,0.98797022,0.59596021,0.41173754,0.85164760,0.0554249024,0.0562657876,10.61390708
86.40000000,3.30365425,3.20035717,1.09072989,-1.02810179,0.43253196,-0.07695984,0.0590695799,0.0561109968,10.19467346
86.60000000,3.16624876,3.10576159,1.01202747,0.17284609,-1.07505676,-0.25372662,0.0534743206,0.0562028173,11.38305862
86.80000000,3.30663962,3.02947911,1.09295425,0.49128368,0.60191539,0.80395162,0.0561266824,0.0561347607,10.99006983
87.00000000,3.22213164,3.18086239,1.15531810,-1.02047904,0.25769866,-0.37711262,0.0583403557,0.0560793556,10.66205165
87.20000000,3.14173432,3.06058484,1.04907354,0.58380027,-0.94024391,-0.15848863,0.0531418712,0.0561892370,11.75429247
87.40000000,3.29387438,3.05618294,1.14037829,0.20390126,0.89947770,0.63195264,0.0572533094,0.0560752021,10.91088616
87.60000000,3.17399837,3.19547136,1.13727334,-0.88759033,-0.06464150,-0.67676058,0.0574463239,0.0560819776,10.83600584
87.80000000,3.16946834,3.05550415,1.02604255,0.92252096,-0.63152332,0.01154889,0.0529999797,0.0561307544,11.63228411
88.00000000,3.31272047,3.12683091,1.11097997,-0.06021601,1.06066892,0.34836112,0.0582407005,0.0560973238,10.48567338
88.20000000,3.17829823,3.24237620,1.05134910,-0.70218439,-0.29200900,-0.81955343,0.0567094225,0.0561333772,10.60633746
88.40000000,3.22259070,3.10421536,0.93928707,1.05128907,-0.38048507,0.00473412,0.0528369350,0.0560650452,11.10605694
88.60000000,3.36486322,3.21348727,0.99387128,-0.08282318,1.10670047,0.13547841,0.0588826925,0.0561303947,9.87410021
88.80000000,3.23444441,3.33007678,0.91297328,-0.70098566,-0.25519403,-0.83276354,0.0569772643,0.0562582457,9.95572026
89.00000000,3.26388814,3.19660468,0.78024045,0.99201160,-0.45333242,-0.24576961,0.0519715487,0.0561101923,10.46327525
89.20000000,3.43628017,3.28428849,0.78724177,0.23281344,1.09301453,0.03342366,0.0586485038,0.0560592647,9.29171948
89.40000000,3.33861544,3.44333764,0.71931860,-0.85643782,0.11742306,-0.70903180,0.0591546715,0.0565043166,9.05132784
89.60000000,3.27666652,3.33369980,0.56697883,0.51730434,-0.78448561,-0.60578755,0.0511954414,0.0563200068,9.78478144
89.80000000,3.46314909,3.31898440,0.50209832,0.81242106,0.75162199,-0.15822895,0.0558079902,0.0559300091,9.05734322
90.00000000,3.47159739,3.51323103,0.44617551,-0.68663322,0.74180227,-0.47777003,0.0618634460,0.0566260674,8.29793752
90.20000000,3.31369913,3.50972400,0.31868372,-0.45756403,-0.73387935,-0.70855928,0.0545718587,0.0564210464,8.89152513
90.40000000,3.38231759,3.36594339,0.19558549,0.97396005,-0.22504988,-0.50075380,0.0507439954,0.0563633408,9.20368805
90.60000000,3.52878205,3.47216675,0.10367405,0.12320429,1.01000001,-0.46337964,0.0599014229,0.0562614912,8.24197778
90.80000000,3.41629998,3.61254684,0.00510072,-0.99092927,0.08709768,-0.51036572,0.0609344071,0.0566121824,8.13551655
91.00000000,3.28688097,3.49306844,-0.09692258,0.03312440,-0.98813853,-0.52200097,0.0514602510,0.0566767547,9.06281699
91.20000000,3.41820543,3.39496144,-0.21456674,0.85757385,0.28027761,-0.66031171,0.0531402316,0.0564323385,8.94304138
91.40000000,3.46462833,3.54640490,-0.34207090,-0.53330369,0.82015971,-0.54122567,0.0617787371,0.0565378492,8.20504999
91.60000000,3.27869343,3.58221657,-0.41669886,-0.91596230,-0.59547508,-0.23753421,0.0574285773,0.0561391935,8.73086298
91.80000000,3.24483571,3.39547632,-0.47904044,0.63538613,-0.76485123,-0.51116246,0.0506566158,0.0569045896,9.64957264
92.00000000,3.38144179,3.40853645,-0.62259455,0.22034900,0.77427958,-0.77584628,0.0576891514,0.0564044305,9.02777446
92.20000000,3.26905525,3.54018223,-0.72287776,-1.10101485,0.11920004,-0.15348498,0.0601497632,0.0561766296,8.92491142
92.40000000,3.12224813,3.40950174,-0.72270067,0.03911609,-1.11394111,-0.08720738,0.0527155462,0.0564673862,10.10365376
92.60000000,3.24767815,3.30626043,-0.82515000,0.63149700,0.36446442,-0.84757137,0.0548624765,0.0564147778,10.01849348
92.80000000,3.20648101,3.44733044,-0.95177600,-0.98411992,0.49608529,-0.18816846,0.0599339090,0.0562103695,9.54041221
93.00000000,3.03304373,3.37525940,-0.91527136,-0.20121246,-1.07308608,0.24083149,0.0540910892,0.0561420496,10.65525091
93.20000000,3.14623358,3.24227567,-0.97555922,0.73779393,0.21426166,-0.81225123,0.0545081777,0.0563038919,10.78327390
93.40000000,3.12072930,3.38217397,-1.09799224,-0.95977439,0.56791449,-0.07941187,0.0592764218,0.0561609565,10.17720739
93.60000000,2.96352379,3.31702894,-1.02499798,-0.02137333,-1.04618941,0.39373963,0.0540487356,0.0561124544,11.28169667
93.80000000,3.09857324,3.21286429,-1.07796827,0.65749768,0.43235411,-0.79420823,0.0553314277,0.0561457129,11.14918141
94.00000000,3.04220291,3.36474012,-1.16462316,-1.01076008,0.41969509,0.22851715,0.0587144872,0.0561272662,10.60017939
94.20000000,2.93469991,3.26940846,-1.05550756,0.41789468,-0.97976567,0.33974001,0.0534255472,0.0561558161,11.69445293
94.40000000,3.09365983,3.23439830,-1.12444828,0.39221541,0.78873056,-0.68852827,0.0565555157,0.0560539469,11.04415614
94.60000000,2.99351644,3.38637927,-1.14938485,-0.95389870,0.12370615,0.56988951,0.0580550673,0.0561243825,10.71930455
94.80000000,2.95645183,3.26258954,-1.02436610,0.81092549,-0.74810587,0.18093494,0.0529415252,0.0561441064,11.62971899
95.00000000,3.11687891,3.30371828,-1.09589556,0.12615576,1.01524400,-0.45095935,0.0576308640,0.0560487081,10.58220396
95.20000000,2.99433801,3.44161963,-1.06355345,-0.81873905,-0.09849778,0.75495996,0.0575441682,0.0561798240,10.45474112
95.40000000,3.00336920,3.31209846,-0.93293411,0.96591830,-0.53658381,0.17052758,0.0525471931,0.0561104105,11.13317476
95.60000000,3.16612924,3.39204233,-0.97805368,0.10436354,1.08806436,-0.23499829,0.0582108526,0.0560550563,9.95832898
95.80000000,3.04824107,3.53426357,-0.92198532,-0.81079790,-0.05566542,0.76779432,0.0580104851,0.0563186860,9.79660134
96.00000000,3.03917577,3.41153363,-0.77552509,0.85485159,-0.60010414,0.39887816,0.0517808153,0.0561633171,10.46090580
96.20000000,3.22437043,3.46567828,-0.76862187,0.42859489,1.02954551,-0.07963962,0.0576014731,0.0559733092,9.40974811
96.40000000,3.15146319,3.64403546,-0.72020109,-0.87395464,0.32296033,0.61798051,0.0600976521,0.0565512617,8.93021410
96.60000000,3.05590030,3.56009757,-0.56801139,0.28262024,-0.82822773,0.69581940,0.0518788303,0.0563343022,9.67652940
96.80000000,3.22874904,3.50993158,-0.48572132,0.94172988,0.57097546,0.19269625,0.0543057404,0.0559436045,9.21619456
97.00000000,3.27321578,3.70045072,-0.43546663,-0.55005829,0.88197658,0.41176837,0.0617993143,0.0565270210,8.29171454
97.20000000,3.11106804,3.73464399,-0.31753407,-0.64448773,-0.58791452,0.69927968,0.0563459361,0.0564503678,8.70728491
97.40000000,3.13774714,3.58160761,-0.18896721,0.86884816,-0.44743504,0.54305134,0.0501101582,0.0565021310,9.26238153
97.60000000,3.30141787,3.65120840,-0.09208692,0.33116523,0.95885730,0.47002369,0.0583201972,0.0561664225,8.38400181
97.80000000,3.21972404,3.81166343,0.00596413,-0.95573688,0.29125747,0.50173310,0.0619123082,0.0566713222,8.05047140
98.00000000,3.06521615,3.72247042,0.10489193,-0.20712117,-0.97997043,0.49674821,0.0528972840,0.0565272678,8.91866439
98.20000000,3.16931003,3.59112525,0.21714557,0.91038900,0.04028108,0.64774169,0.0516795119,0.0565760199,9.10090010
98.40000000,3.25029617,3.72181421,0.34944462,-0.33855517,0.88371369,0.59534067,0.0609664186,0.0564752889,8.28795661
98.60000000,3.07777201,3.79043906,0.43303188,-1.01177587,-0.40605040,0.24785613,0.0589045877,0.0561817403,8.58932641
98.80000000,3.00594299,3.61099210,0.48492356,0.46974510,-0.92685283,0.41265405,0.0509437948,0.0568552485,9.63845517
99.00000000,3.14962804,3.58259570,0.61825524,0.41981844,0.64900503,0.80780254,0.0562012190,0.0564282887,9.20518240
99.20000000,3.07064329,3.72308557,0.73608711,-1.04872197,0.29650178,0.24953743,0.0606750653,0.0562722092,8.88352911
99.40000000,2.90176173,3.62159441,0.73745107,-0.17443537,-1.10423036,-0.01573561,0.0536791301,0.0562736644,9.98806494
99.60000000,3.01295576,3.48659113,0.81599521,0.76357026,0.15684977,0.80147277,0.0537590237,0.0564837737,10.19263148
99.80000000,3.00760792,3.61792617,0.95768281,-0.87267895,0.61553565,0.33097933,0.0599480670,0.0562556606,9.55904411
100.00000000,2.82180376,3.57735401,0.93288791,-0.40163357,-0.99252684,-0.32183994,0.0549677477,0.0560203432,10.52327377
100.20000000,2.91664692,3.42220740,0.96453382,0.84803273,0.00621311,0.72856152,0.0537117010,0.0563538146,10.93939044
100.40000000,2.92522283,3.54925185,1.10121090,-0.85779908,0.67483522,0.24244208,0.0592747526,0.0561921678,10.19341128
100.60000000,2.75310210,3.51416040,1.04076477,-0.22221359,-0.97705473,-0.49596891,0.0547384010,0.0560300720,11.15634468
100.80000000,2.87610497,3.38707877,1.06363138,0.80289404,0.24804098,0.73745293,0.0545820470,0.0561700093,11.30454243
101.00000000,2.85091417,3.53373383,1.17018331,-0.96644372,0.55855060,-0.06330694,0.0589214574,0.0561553490,10.56891266
101.20000000,2.71931983,3.46563270,1.06569833,0.22752550,-0.97618513,-0.49527239,0.0538766423,0.0561018789,11.59823609
101.40000000,2.87853681,3.40270756,1.10761352,0.57629748,0.65344167,0.70063914,0.0558184446,0.0560455663,11.18857124
101.60000000,2.80290023,3.56184896,1.15855258,-0.98643857,0.29884385,-0.43316429,0.0585310934,0.0561634982,10.62788692
101.80000000,2.73393462,3.45871556,1.02702072,0.65944790,-0.82492387,-0.36691834,0.0530920723,0.0561400184,11.58267106
102.00000000,2.90575899,3.46967207,1.07868931,0.32027158,0.93832291,0.51669742,0.0569167273,0.0560078515,10.70066011
102.20000000,2.80093556,3.62489379,1.07356139,-0.90206323,0.09222268,-0.65404656,0.0582696810,0.0562284862,10.32327077
102.40000000,2.77400507,3.50997624,0.93095711,0.83378208,-0.65821743,-0.34865061,0.0525039742,0.0561388975,11.11303973
102.60000000,2.95138692,3.55896663,0.95998745,0.30013572,1.03392103,0.30153912,0.0573932407,0.0559897622,10.06855337
102.80000000,2.85222069,3.72175153,0.92856384,-0.88245487,0.14277154,-0.67148320,0.0588912513,0.0563717241,9.66034093
103.00000000,2.80547769,3.61627139,0.77492330,0.67422118,-0.70598290,-0.54498985,0.0519338665,0.0562000166,10.40651933
103.20000000,2.99547059,3.63597015,0.74919538,0.61720947,0.92764718,0.09232101,0.0564320973,0.0559174744,9.54781648
103.40000000,2.95207537,3.82718699,0.71782839,-0.84866206,0.51515033,-0.51419145,0.0607258924,0.0565469161,8.84385640
103.60000000,2.82862882,3.77363653,0.57119654,0.03805988,-0.81841533,-0.76075475,0.0529520351,0.0563309631,9.52768527
103.80000000,2.97876961,3.69219391,0.47109641,1.02755419,0.36276328,-0.25007037,0.0529142914,0.0560089054,9.36371679
104.00000000,3.05845164,3.87091789,0.42267007,-0.38439664,0.98819324,-0.35456077,0.0612990091,0.0563931830,8.32723118
104.20000000,2.90046152,3.94160173,0.31524628,-0.79107485,-0.41184271,-0.67423005,0.0580915635,0.0565232753,8.53197321
104.40000000,2.88431380,3.78899224,0.18380634,0.70958280,-0.63896917,-0.58155882,0.0500320610,0.0565906361,9.26094395
104.60000000,3.05617608,3.81808259,0.08132985,0.52775448,0.85921327,-0.48293660,0.0565414470,0.0561239555,8.54896445
104.80000000,3.00934068,3.99125708,-0.01745838,-0.87778145,0.48025274,-0.49885572,0.0624267936,0.0566804054,8.00659761
105.00000000,2.83778685,3.93648746,-0.11415151,-0.43203489,-0.91601041,-0.47357237,0.0546028418,0.0563932557,8.75067973
105.20000000,2.90787241,3.77962704,-0.21999050,0.90564694,-0.20855076,-0.62153858,0.0506329977,0.0567278734,9.22085385
105.40000000,3.01899252,3.88181499,-0.35467781,-0.12796129,0.90380101,-0.64557698,0.0597573220,0.0564114519,8.40824537
105.60000000,2.86703585,3.97908855,-0.44896054,-1.06303022,-0.20663001,-0.27797624,0.0601510721,0.0562718647,8.47531851
105.80000000,2.76022680,3.81539325,-0.49396500,0.27043322,-1.03747330,-0.31704104,0.0516677567,0.0567181580,9.57239824
106.00000000,2.90202304,3.74615060,-0.61296263,0.59962303,0.48454113,-0.80973582,0.0547014561,0.0564879654,9.39017961
106.20000000,2.85959883,3.88800165,-0.74612407,-0.95765769,0.45230588,-0.35820544,0.0608690396,0.0563497356,8.88073114
106.40000000,2.67505829,3.81831058,-0.75480395,-0.38478479,-1.04603549,0.08803644,0.0547887357,0.0560950541,9.84973753
106.60000000,2.76482937,3.65776951,-0.80843622,0.85603584,-0.06354843,-0.71635482,0.0528556495,0.0565606814,10.34666427
106.80000000,2.79561283,3.77286613,-0.95958108,-0.72855851,0.70393230,-0.47295011,0.0596913839,0.0562860165,9.61381046
107.00000000,2.60389058,3.76324968,-0.95202102,-0.59067396,-0.87793128,0.36102763,0.0558940081,0.0559382723,10.38324826
107.20000000,2.67444860,3.59266262,-0.95596207,0.91796293,-0.20277956,-0.60516486,0.0530981480,0.0563984770,11.07036835
107.40000000,2.71727181,3.70158258,-1.10034302,-0.72331996,0.75164105,-0.40229836,0.0590613624,0.0562040483,10.24310816
107.60000000,2.53592659,3.69586825,-1.05835079,-0.42028932,-0.87512673,0.55453592,0.0554969777,0.0559700263,11.01815558
107.80000000,2.64041264,3.55152027,-1.05102183,0.91789182,0.05671966,-0.63581246,0.0539319635,0.0562032022,11.44535967
108.00000000,2.64838929,3.68773081,-1.17172781,-0.88693911,0.67193233,-0.10883911,0.0589483769,0.0561701685,10.56962607
108.20000000,2.49686464,3.64785654,-1.07893517,0.02157397,-0.93355793,0.61482042,0.0544637671,0.0560502232,11.47422611
108.40000000,2.64930963,3.56071481,-1.09092492,0.74679448,0.49897929,-0.66582105,0.0550878623,0.0560527225,11.33525685
108.60000000,2.60229188,3.72161039,-1.16418481,-0.98279019,0.45640703,0.27534718,0.0588463474,0.0561917784,10.56546870
108.80000000,2.50349846,3.64241560,-1.03369640,0.47456155,-0.86072499,0.53286379,0.0534461695,0.0561147674,11.49472167
109.00000000,2.67990721,3.62446350,-1.06031121,0.51393047,0.83312177,-0.54016996,0.0561393838,0.0559823941,10.83418142
109.20000000,2.59821562,3.79173277,-1.08057045,-0.94863612,0.27384369,0.52449894,0.0588380956,0.0562633041,10.21783892
109.40000000,2.53628987,3.69637087,-0.93324741,0.66029809,-0.74033513,0.51566493,0.0527236015,0.0561455546,11.04592236
109.60000000,2.72117647,3.71415405,-0.94062087,0.49598347,0.94621467,-0.32966376,0.0564778521,0.0559441157,10.19797426
109.80000000,2.64633736,3.89199316,-0.93196819,-0.91352203,0.33324293,0.55174872,0.0595579769,0.0564039826,9.55318829
110.00000000,2.56459650,3.80913488,-0.77802907,0.46007653,-0.76617240,0.67179568,0.0524347859,0.0562132542,10.30406890
110.20000000,2.75056749,3.79519308,-0.72999797,0.78788399,0.79019897,-0.06945787,0.0552143589,0.0558991817,9.69554528
110.40000000,2.74022756,3.99242559,-0.71198294,-0.78215171,0.68828031,0.40559698,0.0610012381,0.0564985933,8.79558779
110.60000000,2.59582752,3.97232904,-0.57560345,-0.20160584,-0.75869423,0.79607672,0.0543156883,0.0563363213,9.35286312
110.80000000,2.71529290,3.86561205,-0.45885939,1.06058150,0.13768522,0.32589823,0.0517539339,0.0561092029,9.48352261
111.00000000,2.82743706,4.02473352,-0.40826198,-0.19581404,1.05614770,0.31017560,0.0604000679,0.0562482011,8.40249348
111.20000000,2.68159671,4.12921137,-0.31136517,-0.89290663,-0.21633236,0.63711700,0.0596591554,0.0566176365,8.37807610
111.40000000,2.62428282,3.98634513,-0.17974588,0.50704817,-0.78599368,0.61246722,0.0505278851,0.0566040529,9.19876462
111.60000000,2.79439147,3.97336546,-0.07163173,0.70139780,0.71248829,0.50040140,0.0547078449,0.0561459713,8.72439394
111.80000000,2.78498179,4.15109639,0.02902065,-0.76105556,0.64696286,0.50222851,0.0624427187,0.0566260809,8.00589565
112.00000000,2.60486488,4.13297252,0.12464191,-0.62946499,-0.80422386,0.45497012,0.0564185395,0.0563328610,8.57647102
112.20000000,2.63640092,3.95976280,0.22366996,0.84099900,-0.44957962,0.58360848,0.0501051885,0.0568451107,9.28875083
112.40000000,2.77132420,4.02691833,0.35789675,0.09043648,0.87737281,0.68705036,0.0582391221,0.0563706656,8.55986636
112.60000000,2.64630015,4.14743548,0.46378594,-1.06955254,-0.00670836,0.32559541,0.0610821963,0.0563769671,8.39587520
112.80000000,2.50925376,4.00655330,0.50601491,0.05134086,-1.09225697,0.23310689,0.0527426698,0.0565080309,9.46135366
113.00000000,2.64009907,3.89938347,0.60771199,0.74837554,0.28732028,0.77934659,0.0533261437,0.0565810369,9.56870148
113.20000000,2.63598135,4.03495842,0.75266180,-0.83004789,0.58155416,0.47203312,0.0607128826,0.0563863603,8.91722659
113.40000000,2.44286287,3.99802460,0.77380647,-0.58099827,-0.94700348,-0.12500165,0.0559607436,0.0559736376,9.70302594
113.60000000,2.50510835,3.81919068,0.80351757,0.90072405,-0.28551180,0.59764471,0.0522292996,0.0566262620,10.46748159
113.80000000,2.57068166,3.91227391,0.95760550,-0.55476912,0.75933371,0.60468467,0.0591751321,0.0562917577,9.70306040
114.00000000,2.37992346,3.93183715,0.97156033,-0.75983638,-0.73831330,-0.35713043,0.0568119967,0.0559091841,10.24691338
114.20000000,2.42134351,3.75279285,0.95074709,0.94071471,-0.40282810,0.45031695,0.0527124437,0.0564303045,11.16561649
114.40000000,2.49705414,3.83918964,1.09558708,-0.55871007,0.79766402,0.54915860,0.0586462390,0.0562049526,10.32478319
114.60000000,2.31279732,3.86111392,1.07668285,-0.60662062,-0.74864731,-0.56704376,0.0562768619,0.0559437592,10.87810180
114.80000000,2.39292623,3.70547941,1.04112429,0.99356237,-0.13348976,0.49498920,0.0534272987,0.0562386825,11.56092567
115.00000000,2.43475476,3.82666220,1.16921277,-0.77274468,0.75867721,0.27798298,0.0587927081,0.0561711918,10.60244487
115.20000000,2.26847298,3.81487040,1.09430854,-0.19020793,-0.85785420,-0.69130826,0.0551469952,0.0560140277,11.33265385
115.40000000,2.40703301,3.70795175,1.07545617,0.89353302,0.33135125,0.58464099,0.0544105081,0.0560715909,11.47409444
115.60000000,2.39179905,3.86548101,1.16590119,-0.94155590,0.59350134,-0.10596529,0.0589831004,0.0561955164,10.53434224
115.80000000,2.26663603,3.81231817,1.04378582,0.26516043,-0.85705989,-0.66718684,0.0539820629,0.0560909940,11.37310076
116.00000000,2.44010194,3.76782463,1.04181579,0.69740980,0.70354936,0.51830288,0.0553440161,0.0559749332,10.97409149
116.20000000,2.38624754,3.94180544,1.08398194,-0.95613183,0.44162892,-0.37520103,0.0592145256,0.0562756496,10.14262255
116.40000000,2.29193544,3.86981630,0.93935232,0.45416143,-0.78090727,-0.65872698,0.0531997511,0.0561437702,10.93689782
116.60000000,2.47629374,3.85748887,0.92101795,0.68183348,0.82775730,0.31610277,0.0555183330,0.0559234960,10.33763787
116.80000000,2.43051563,4.04459407,0.93169035,-0.90293869,0.51034969,-0.41742653,0.0599684638,0.0563985080,9.47941346
117.00000000,2.31812634,3.98844966,0.78411580,0.22493623,-0.77959239,-0.76918099,0.0532508654,0.0562171921,10.16265059
117.20000000,2.49098697,3.94335797,0.71207780,0.92904482,0.62188516,0.01160042,0.0540296269,0.0559191794,9.84016066
117.40000000,2.51577175,4.13952621,0.70269621,-0.67709333,0.83758864,-0.29998315,0.0609118983,0.0564093429,8.78690925
117.60000000,2.35814093,4.15437819,0.58022604,-0.42325333,-0.65576024,-0.80052178,0.0558404131,0.0563765742,9.16780207
117.80000000,2.44068691,4.02979347,0.44943994,1.03471215,-0.09091088,-0.41364959,0.0509384474,0.0562300463,9.56043575
118.00000000,2.58051992,4.16215931,0.39282926,0.00835114,1.08192110,-0.28173923,0.0591653491,0.0561175963,8.51336693
118.20000000,2.45415711,4.29640378,0.30561072,-0.94818711,-0.01125797,-0.59229593,0.0609243845,0.0566885842,8.25489715
118.40000000,2.35959366,4.17164214,0.17631749,0.27605842,-0.87929671,-0.63295264,0.0515521294,0.0565544230,9.08339460
118.60000000,2.51777598,4.11763432,0.06310751,0.83989564,0.52332383,-0.52029557,0.0529776602,0.0562329910,8.89469019
118.80000000,2.54663894,4.29118478,-0.04027943,-0.61012706,0.78485862,-0.51160718,0.0619586834,0.0565296601,8.04841716
119.00000000,2.36649606,4.31010441,-0.13617598,-0.79078421,-0.65451367,-0.44302617,0.0581885242,0.0563566507,8.41177094
119.20000000,2.35743636,4.13040244,-0.22867907,0.71961793,-0.66583586,-0.53741292,0.0501433905,0.0568785979,9.29650168
119.40000000,2.50815148,4.15775338,-0.35942069,0.30698073,0.80277806,-0.71505959,0.0565313518,0.0563700518,8.73390392
119.60000000,2.41544203,4.29504229,-0.47688728,-1.03228647,0.18542052,-0.38730333,0.0616333339,0.0564614697,8.35543839
119.80000000,2.25426913,4.18239022,-0.52064432,-0.17304732,-1.09169517,-0.16809607,0.0540611361,0.0562924951,9.31972751
120.00000000,2.36565338,4.04231529,-0.60354275,0.85501415,0.06660222,-0.71729697,0.0522044831,0.0566926143,9.72534053
120.20000000,2.39992465,4.16412483,-0.75561070,-0.66897872,0.68008913,-0.58304910,0.0602101714,0.0563939134,8.99205466
120.40000000,2.20571544,4.15941274,-0.79340566,-0.75390401,-0.81608351,0.12504578,0.0571156474,0.0559287420,9.56120488
120.60000000,2.23581742,3.97003943,-0.80208219,0.89238199,-0.49724417,-0.45431556,0.0519265657,0.0566537219,10.54441906
120.80000000,2.33308824,4.03631871,-0.95214467,-0.35574935,0.78062531,-0.71698433,0.0584295228,0.0562879171,9.82352647
121.00000000,2.15038826,4.08228418,-0.99040326,-0.90194521,-0.58241007,0.31191882,0.0576674104,0.0559319893,10.12431834
121.20000000,2.15921821,3.90161783,-0.94954175,0.91237235,-0.58458146,-0.27539285,0.0525771264,0.0564337481,11.21740593
121.40000000,2.26481983,3.96210905,-1.08737699,-0.36786301,0.81299613,-0.67358303,0.0580530015,0.0561917419,10.43549344
121.60000000,2.08437146,4.00910444,-1.09467207,-0.77305208,-0.60570363,0.53433472,0.0570314091,0.0559536912,10.74605522
121.80000000,2.13530605,3.84815298,-1.03474811,1.02273962,-0.31456745,-0.32411570,0.0531024474,0.0562587183,11.64186552
122.00000000,2.21016532,3.95047998,-1.16282281,-0.62568566,0.81849516,-0.43426159,0.0584626772,0.0561528142,10.66625826
122.20000000,2.03512755,3.96567968,-1.11078693,-0.39794512,-0.75603640,0.72114399,0.0558809552,0.0559965608,11.18414812
122.40000000,2.15302683,3.84388141,-1.06222993,1.00635721,0.15705590,-0.46106248,0.0538310894,0.0561013980,11.59441769
122.60000000,2.17151608,3.99333389,-1.16354627,-0.86250542,0.70841252,-0.06508531,0.0589345600,0.0561836329,10.53549970
122.80000000,2.02469494,3.96719845,-1.05644155,0.04168625,-0.81776538,0.76126344,0.0546627078,0.0560652693,11.22755024
123.00000000,2.18738890,3.89944779,-1.02429984,0.85993889,0.55425111,-0.45090000,0.0545784091,0.0559866935,11.11012842
123.20000000,2.16506863,4.07487783,-1.08342517,-0.92345531,0.59219496,0.21572069,0.0593782175,0.0562666375,10.10023137
123.40000000,2.04249567,4.02892395,-0.94851980,0.22640822,-0.78085650,0.76746495,0.0539012601,0.0561321798,10.79494398
123.60000000,2.21782969,3.98883935,-0.90229390,0.84646903,0.68244604,-0.26030287,0.0545728937,0.0559305501,10.47656579
123.80000000,2.20468037,4.17927819,-0.92747362,-0.85093823,0.66989663,0.27774564,0.0601006596,0.0563556275,9.44153393
124.00000000,2.06739205,4.15263190,-0.79221526,-0.01760353,-0.74855210,0.83027698,0.0543143174,0.0562240972,9.99478779
124.20000000,2.21840896,4.08042183,-0.69641287,1.02928680,0.42956023,0.07776048,0.0529647353,0.0559783228,9.96727918
124.40000000,2.27866397,4.26839232,-0.69023678,-0.53723973,0.95889518,0.20467904,0.0604702694,0.0562934046,8.81762175
124.60000000,2.11593267,4.31823277,-0.58408577,-0.61629877,-0.51798774,0.77579928,0.0573853965,0.0564492633,8.98724757
124.80000000,2.15749276,4.18405162,-0.44300594,0.94855447,-0.30817115,0.50524742,0.0505611753,0.0563296556,9.58329535
125.00000000,2.31829847,4.28362069,-0.37702891,0.21930415,1.06220716,0.27133307,0.0576805007,0.0560224942,8.65315790
125.20000000,2.21785321,4.44239832,-0.29788667,-0.95704003,0.19454521,0.54426698,0.0617945807,0.0567100759,8.16879807
125.40000000,2.09177295,4.34273130,-0.17299850,0.03311351,-0.91503191,0.64157625,0.0530014644,0.0564814892,8.92870798
125.60000000,2.22842371,4.25136451,-0.05574568,0.93160243,0.30033143,0.54029431,0.0515120706,0.0563665399,9.04226112
125.80000000,2.29446930,4.41175504,0.05089025,-0.43029087,0.88778224,0.52601565,0.0610071900,0.0564141858,8.13227338
126.00000000,2.12259819,4.46641956,0.14845777,-0.91061049,-0.47733228,0.43925213,0.0597716803,0.0564404108,8.26923582
126.20000000,2.07338973,4.29002018,0.23537913,0.55019118,-0.84240375,0.48748908,0.0507319208,0.0568141025,9.24402629
126.40000000,2.23063494,4.27502228,0.35975141,0.51035492,0.68045957,0.72561190,0.0547794714,0.0564226182,8.91831012
126.60000000,2.17441029,4.42172788,0.48776333,-0.95296627,0.36249648,0.45875002,0.0617636777,0.0565016716,8.35627805
126.80000000,1.99620461,4.34099488,0.53720163,-0.38929315,-1.04033706,0.12708122,0.0555080199,0.0561241809,9.16363803
127.00000000,2.08078607,4.17474317,0.60143653,0.91030468,-0.16576590,0.62758828,0.0514405341,0.0567926558,9.84523031
127.20000000,2.15165609,4.27578720,0.75513169,-0.47871248,0.74448374,0.68306538,0.0593892918,0.0563835709,9.10250989
127.40000000,1.96400602,4.30146082,0.81253545,-0.89623941,-0.66239499,-0.08937444,0.0581802411,0.0559548769,9.43543814
127.60000000,1.95911376,4.10930708,0.80468209,0.82974404,-0.68751232,0.29807991,0.0519590739,0.0566319247,10.57113682
127.80000000,2.08323287,4.14519831,0.94382882,-0.13767955,0.76742862,0.80130996,0.0575037476,0.0562847508,9.97012496
128.00000000,1.91565550,4.21400871,1.00752744,-1.01118748,-0.41802870,-0.22967780,0.0584105984,0.0559887706,10.02345520
128.20000000,1.89006479,4.03806289,0.95268435,0.83274949,-0.74008474,0.09382354,0.0526916994,0.0563930537,11.22216645
128.40000000,2.02092987,4.07037759,1.07636639,-0.15644499,0.79831342,0.76695544,0.0573184724,0.0561811835,10.57071514
128.60000000,1.85117139,4.13926979,1.11128543,-0.91250553,-0.45355317,-0.46002519,0.0577167370,0.0559901460,10.63027216
128.80000000,1.86939480,3.97866756,1.03245454,1.00106606,-0.47916932,0.13514253,0.0529772368,0.0562634423,11.68145348
129.00000000,1.97483622,4.05914255,1.15296494,-0.44915129,0.85168635,0.56823717,0.0579770928,0.0561294991,10.75865257
129.20000000,1.79764576,4.09950638,1.12729574,-0.59225577,-0.63518303,-0.70411336,0.0566182161,0.0560054348,11.03872315
129.40000000,1.88886870,3.96790614,1.05213872,1.07619181,-0.01715780,0.30251744,0.0533890951,0.0561310207,11.68605610
129.60000000,1.94155050,4.10507465,1.15719459,-0.74674531,0.80027402,0.22788798,0.0587048729,0.0561582122,10.56869160
129.80000000,1.77884056,4.10601180,1.07065184,-0.18481889,-0.74818562,-0.80997547,0.0554390256,0.0560587916,11.06897528
130.00000000,1.92310166,4.01898547,1.00882793,0.99048913,0.39063736,0.34107731,0.0538912100,0.0560173361,11.23104427
130.20000000,1.93471114,4.19078411,1.07877023,-0.85080885,0.72318820,-0.05588499,0.0593226656,0.0562332999,10.09185395
130.40000000,1.78931143,4.17243751,0.95977287,-0.01075985,-0.74353299,-0.83489096,0.0547742248,0.0561322073,10.63146304
130.60000000,1.94719493,4.10804662,0.88553662,0.97830817,0.51548201,0.16489819,0.0537031635,0.0559626837,10.60231655
130.80000000,1.96878758,4.29586371,0.91931808,-0.75903503,0.80853327,-0.14191466,0.0599518818,0.0562885078,9.44048876
131.00000000,1.81342600,4.30025270,0.80121880,-0.25429219,-0.67790964,-0.85192371,0.0555309988,0.0562559893,9.81437411
131.20000000,1.93485030,4.20624236,0.68382091,1.07873632,0.22234620,-0.19206801,0.0521082291,0.0560585399,10.06243103
131.40000000,2.02899385,4.37905510,0.67508919,-0.36754878,1.04831109,-0.12630022,0.0597100108,0.0561670793,8.88577723
131.60000000,1.86935369,4.46260690,0.58631865,-0.77297362,-0.35422843,-0.72597107,0.0588158202,0.0565346252,8.82365098
131.80000000,1.86827423,4.32738229,0.43943427,0.80624582,-0.49951379,-0.59199126,0.0506789127,0.0563977518,9.54740682
132.00000000,2.04166359,4.38969939,0.36154263,0.42661087,0.99483558,-0.27983090,0.0560512900,0.0559783485,8.81218355
132.20000000,1.97246268,4.56667604,0.28827192,-0.92092589,0.39318591,-0.49729302,0.0622110877,0.0566683404,8.12363908
132.40000000,1.82191833,4.49748653,0.16927557,-0.20587741,-0.89444597,-0.63842063,0.0547307505,0.0564336330,8.75187338
132.60000000,1.92877306,4.37480756,0.04940835,0.96713578,0.05625922,-0.55810687,0.0504578391,0.0565187261,9.14978951
132.80000000,2.02881003,4.51326829,-0.06057145,-0.22789802,0.94991220,-0.54380998,0.0596545371,0.0563064165,8.25338734
133.00000000,1.87303964,4.60080968,-0.16110993,-0.98614020,-0.28278697,-0.44447613,0.0610494234,0.0565360823,8.15818639
133.20000000,1.78639864,4.43679380,-0.24395643,0.34569868,-0.96848027,-0.43879196,0.0517980287,0.0566711145,9.13925709
133.40000000,1.94028047,4.37943298,-0.35954115,0.68799466,0.51376528,-0.71603672,0.0531435230,0.0565250913,9.09813244
133.60000000,1.92323057,4.52753898,-0.49606838,-0.83403826,0.51804043,-0.53480304,0.0614589567,0.0564978913,8.39877496
133.80000000,1.73572012,4.48072167,-0.55488501,-0.58603884,-0.94543370,-0.11275457,0.0569702956,0.0560459285,9.00852822
134.00000000,1.78783383,4.29619452,-0.60221003,0.90845520,-0.39618962,-0.51743881,0.0510979252,0.0568412644,9.91648233
134.20000000,1.89152813,4.37033057,-0.75163866,-0.26506352,0.77197717,-0.76406320,0.0583046769,0.0563790618,9.24391756
134.40000000,1.71800856,4.42344536,-0.83019227,-1.00252783,-0.49444426,0.02151315,0.0590889202,0.0560290035,9.33439424
134.60000000,1.67718212,4.23583628,-0.81151955,0.71599529,-0.84685659,-0.14207277,0.0523057487,0.0565370332,10.54684364
134.80000000,1.82168890,4.23912632,-0.93350336,0.09130750,0.72010584,-0.85035905,0.0564643496,0.0562971415,10.13574920
135.00000000,1.67599965,4.32664043,-1.02204855,-1.08306602,-0.25171374,0.11665410,0.0589977812,0.0560591000,9.95024436
135.20000000,1.61589020,4.16101113,-0.96016628,0.70561671,-0.86351185,0.08032645,0.0530356079,0.0563150248,11.18111512
135.40000000,1.76590051,4.16402735,-1.06340117,0.06795595,0.75476877,-0.82201344,0.0564912507,0.0561809178,10.72418745
135.60000000,1.61359894,4.25122849,-1.12560465,-1.01911262,-0.29823399,0.34995137,0.0582932943,0.0560418800,10.53721865
135.80000000,1.59714691,4.09611291,-1.03450390,0.92774239,-0.62121227,0.05821830,0.0530560899,0.0562430238,11.67667659
136.00000000,1.72908133,4.15260877,-1.14025388,-0.24829688,0.85890006,-0.67129677,0.0573645948,0.0561066362,10.87578383
136.20000000,1.55668297,4.21577253,-1.14279028,-0.76469765,-0.50179583,0.64299180,0.0573124920,0.0560358152,10.90511505
136.40000000,1.61636022,4.07938103,-1.04586855,1.09618090,-0.18463650,-0.11956921,0.0531158207,0.0561570132,11.74060161
136.60000000,1.70205502,4.20062808,-1.14714774,-0.59690015,0.86873489,-0.37284030,0.0583085273,0.0561181487,10.63240326
136.80000000,1.53003872,4.22790663,-1.08532417,-0.40356639,-0.65431861,0.81178896,0.0562548176,0.0560731041,10.90820663
137.00000000,1.64885970,4.12605021,-0.99634968,1.07884847,0.21883168,-0.19544478,0.0533297005,0.0560529118,11.32562482
137.20000000,1.69523308,4.28940784,-1.07013096,-0.73979302,0.83292304,-0.09458065,0.0590548483,0.0561785018,10.11732796
137.40000000,1.53348264,4.29926897,-0.97200100,-0.24512686,-0.67390033,0.85777104,0.0557482060,0.0561521725,10.45866791
137.60000000,1.66611975,4.21490845,-0.87171797,1.06653573,0.33347973,-0.03595549,0.0529722740,0.0560152913,10.70209153
137.80000000,1.72285685,4.39425140,-0.90747558,-0.63008340,0.92338624,0.01878193,0.0595369529,0.0561984136,9.47569835
138.00000000,1.55697899,4.43007665,-0.80998389,-0.47330712,-0.57401309,0.83455937,0.0567934711,0.0563122290,9.63485709
138.20000000,1.64260633,4.32053093,-0.67487222,1.07060305,0.01127127,0.32199700,0.0515435170,0.0561432585,10.11320108
138.40000000,1.76701835,4.47168160,-0.65792432,-0.17438879,1.10209747,0.07049626,0.0586829265,0.0560520582,8.98745204
138.60000000,1.61841331,4.58647365,-0.58623869,-0.88815024,-0.17299749,0.65670466,0.0600158677,0.0566016910,8.68666815
138.80000000,1.57545558,4.45849106,-0.43831813,0.61720469,-0.65258866,0.66572247,0.0512980744,0.0564181380,9.45568269
139.00000000,1.75184412,4.48110560,-0.34702684,0.61828169,0.87957254,0.30672447,0.0544001962,0.0559933385,8.97758499
139.20000000,1.71785491,4.66896152,-0.27699957,-0.84226683,0.57743940,0.45513769,0.0621491733,0.0565757187,8.12117411
139.40000000,1.55074330,4.63393859,-0.16470422,-0.42727315,-0.82272843,0.62494446,0.0565741760,0.0564429596,8.57030296
139.60000000,1.62151332,4.48787465,-0.04384492,0.94125622,-0.19278475,0.57172613,0.0499273908,0.0566476872,9.20335482
139.80000000,1.75020579,4.59641032,0.06913585,-0.01077469,0.96598717,0.56280787,0.0579999156,0.0562367129,8.40505466
140.00000000,1.61769279,4.71250094,0.17370675,-1.01640965,-0.08022993,0.45877508,0.0619302234,0.0566073725,8.08490319
140.20000000,1.49823390,4.56875097,0.25440576,0.12136628,-1.03847250,0.39603673,0.0532266291,0.0564811527,8.99620063
140.40000000,1.63896598,4.47161012,0.35953690,0.82710028,0.30964760,0.68558259,0.0517810082,0.0566617520,9.25658141
140.60000000,1.66201369,4.61272946,0.50164230,-0.67880558,0.64611346,0.60972156,0.0607340731,0.0564685848,8.48149115
140.80000000,1.47326091,4.60023598,0.57281817,-0.75438458,-0.81556312,0.12554159,0.0583430748,0.0560597856,8.86762427
141.00000000,1.48926191,4.40591338,0.60642046,0.84837578,-0.61073197,0.39656650,0.0511922047,0.0568172345,9.93252492
141.20000000,1.62006212,4.44822243,0.74578667,-0.03574399,0.76055392,0.81870636,0.0570361098,0.0563869334,9.40933644
141.40000000,1.46791005,4.52489908,0.84549652,-1.06884505,-0.31970937,0.07318584,0.0597850844,0.0561240695,9.26430286
141.60000000,1.39212556,4.34838938,0.82242941,0.55846824,-0.96856218,-0.00071618,0.0529203410,0.0563946771,10.47642625
141.80000000,1.54925295,4.31832161,0.92218549,0.32112209,0.63986717,0.85874944,0.0553913872,0.0563266332,10.31117951
142.00000000,1.43161912,4.41997861,1.03326418,-1.11434139,-0.08868434,0.01945112,0.0593927138,0.0561330787,9.90870885
142.20000000,1.33862475,4.26936361,0.97163691,0.53831980,-0.95158597,-0.23387159,0.0535732955,0.0562099824,11.10000726
142.40000000,1.50044909,4.24308524,1.04947824,0.29586067,0.68396620,0.83346068,0.0556290731,0.0561925857,10.88784384
142.60000000,1.37195382,4.34474818,1.13687176,-1.08828034,-0.14443734,-0.21162170,0.0587273961,0.0560978601,10.47161890
142.80000000,1.32054392,4.19958272,1.04083111,0.80579688,-0.73634269,-0.24184880,0.0533289094,0.0561973674,11.62873680
143.00000000,1.47335509,4.23083952,1.12548741,-0.03016351,0.84095996,0.73612262,0.0566623861,0.0560898397,11.01223323
143.20000000,1.31274554,4.31407115,1.15631806,-0.90805425,-0.36135742,-0.54300855,0.0579213578,0.0560781098,10.79045896
143.40000000,1.33746746,4.17763285,1.04383534,1.06268625,-0.33925064,-0.07487944,0.0530319127,0.0561627946,11.75264286
143.60000000,1.45326416,4.27993437,1.13392357,-0.41728408,0.91366397,0.49101135,0.0577692560,0.0560770082,10.72375314
143.80000000,1.27905649,4.33221795,1.09936662,-0.60468128,-0.54206092,-0.76845983,0.0570522277,0.0561057652,10.75508253
144.00000000,1.36653821,4.22021565,0.98761686,1.11685300,0.04547947,0.02389538,0.0529369102,0.0560919358,11.38404944
144.20000000,1.44675274,4.37067441,1.05785927,-0.59353600,0.92003455,0.22638782,0.0585937593,0.0561164258,10.17511055
144.40000000,1.27586622,4.40851282,0.98405542,-0.46539327,-0.57765633,-0.83649403,0.0567448469,0.0561935647,10.28821716
144.60000000,1.37662172,4.30916026,0.86160313,1.10246781,0.14434529,-0.11717150,0.0524413776,0.0560715088,10.76433895
144.80000000,1.46700654,4.47442475,0.89243524,-0.46839898,1.01174793,0.08347770,0.0588856607,0.0561041188,9.54498674
145.00000000,1.29855551,4.54107408,0.81743157,-0.66488484,-0.44371761,-0.78169228,0.0579946015,0.0563839757,9.46800376
145.20000000,1.34414988,4.42281622,0.66981963,1.00254439,-0.19162701,-0.45627166,0.0513385025,0.0562153766,10.11151475
145.40000000,1.49320115,4.54658657,0.63956129,0.03423017,1.11673303,-0.04166103,0.0574561075,0.0559636374,9.11639842
145.60000000,1.36304291,4.68904497,0.58337665,-0.95893414,0.01791481,-0.57456450,0.0608964815,0.0566289589,8.58321332
145.80000000,1.28118093,4.57586999,0.43901340,0.39480224,-0.75881419,-0.71995292,0.0523685976,0.0564022337,9.31797396
146.00000000,1.45044526,4.55862147,0.33405911,0.78131012,0.71907692,-0.34997555,0.0528612184,0.0560662520,9.13373130
146.20000000,1.45400678,4.74921630,0.26442766,-0.72430474,0.74042377,-0.42089819,0.0616167358,0.0564423963,8.16126097
146.40000000,1.27865907,4.75036538,0.15895475,-0.62051119,-0.70752943,-0.60362900,0.0583657916,0.0565101266,8.39943794
146.60000000,1.30943875,4.59005732,0.03871930,0.85430208,-0.42913340,-0.57966583,0.0499806343,0.0567173881,9.19552031
146.80000000,1.45945119,4.66207611,-0.07651527,0.21140064,0.93184546,-0.58049445,0.0561726564,0.0562199340,8.57746767
147.00000000,1.35646461,4.80102792,-0.18581064,-1.00168940,0.12178688,-0.48144190,0.0623521652,0.0566274849,8.05311100
147.20000000,1.21026986,4.68392802,-0.26653749,-0.10750701,-1.05192131,-0.36318563,0.0548785221,0.0563198096,8.83191327
147.40000000,1.32893077,4.55199208,-0.36050419,0.91623555,0.07891935,-0.63583343,0.0508259563,0.0568003345,9.37711055
147.60000000,1.39097344,4.67774625,-0.50453322,-0.49174961,0.74116637,-0.67738817,0.0596352032,0.0564304603,8.60101797
147.80000000,1.20911438,4.69852414,-0.59012126,-0.88777542,-0.65954113,-0.16389110,0.0595331280,0.0561367306,8.75127874
148.00000000,1.18753044,4.50288899,-0.61430135,0.73413814,-0.79679474,-0.27596979,0.0516930558,0.0567107997,9.89352048
148.20000000,1.33800150,4.50999521,-0.73844214,0.19944234,0.70918900,-0.84099567,0.0556851299,0.0564207246,9.58932794
148.40000000,1.21383478,4.60557059,-0.85774045,-1.09259859,-0.14453320,-0.18798531,0.0602231458,0.0562175498,9.22922322
148.60000000,1.10587047,4.44572919,-0.83690442,0.36766766,-1.04913247,0.11891820,0.0537409725,0.0562287786,10.36943953
148.80000000,1.26699152,4.38299778,-0.91100196,0.54002846,0.52896420,-0.82375126,0.0543719417,0.0563753596,10.48526983
149.00000000,1.18265786,4.49395245,-1.04068527,-1.10301192,0.06703145,-0.16991612,0.0595687782,0.0561930444,9.90119943
149.20000000,1.06004339,4.36209857,-0.98644389,0.34090451,-1.00358375,0.35581422,0.0542595970,0.0560963551,10.98809819
149.40000000,1.22553582,4.30757527,-1.03568931,0.51619010,0.58801711,-0.79861359,0.0547947397,0.0562182996,11.05194883
149.60000000,1.12645584,4.41970717,-1.14452221,-1.11673359,0.00441083,0.05372735,0.0589928285,0.0561428866,10.43660927
149.80000000,1.04150768,4.28821782,-1.05105379,0.64180882,-0.82216853,0.40264170,0.0537730278,0.0561329796,11.54283436
150.00000000,1.20829530,4.29380515,-1.10961019,0.19634370,0.79877775,-0.75723395,0.0559144377,0.0560843545,11.16091579
150.20000000,1.06621091,4.39413125,-1.16706840,-1.01649707,-0.21814373,0.41127488,0.0584084228,0.0561223453,10.70022467
150.40000000,1.05424074,4.26198449,-1.04614400,0.97591903,-0.47583266,0.26676829,0.0531455311,0.0561552144,11.72064657
150.60000000,1.19553454,4.34295403,-1.11823637,-0.21403022,0.93492288,-0.57455224,0.0571186276,0.0560408413,10.83834005
150.80000000,1.02647690,4.41844640,-1.11175972,-0.77964032,-0.41666353,0.68450893,0.0577767005,0.0561509495,10.61791327
151.00000000,1.07820804,4.30102043,-0.98311059,1.09955409,-0.12260858,0.16108362,0.0527479943,0.0561229296,11.39934456
151.20000000,1.18948681,4.43455388,-1.04253075,-0.41683397,0.98319085,-0.33103655,0.0579684954,0.0560520160,10.26215112
151.40000000,1.01709446,4.49944069,-0.99483681,-0.66179717,-0.46048408,0.77458306,0.0576866634,0.0562456709,10.13030233
151.60000000,1.08093725,4.39045835,-0.85566995,1.08089458,-0.04315501,0.28249698,0.0521640398,0.0561241193,10.78057631
151.80000000,1.20149242,4.53645971,-0.87489978,-0.27991855,1.07087685,-0.15769706,0.0580400037,0.0560179124,9.64437869
152.00000000,1.03846262,4.63241294,-0.82262554,-0.82153983,-0.29367034,0.69916381,0.0590387221,0.0564462159,9.32330175
152.20000000,1.04199813,4.51243153,-0.66856066,0.87740688,-0.37460462,0.58294815,0.0515330802,0.0562557709,10.05534459
152.40000000,1.20825743,4.60424072,-0.62091923,0.24849116,1.08923769,0.04258392,0.0561095874,0.0559144275,9.26369699
152.60000000,1.10314753,4.76974937,-0.57749691,-0.98420636,0.21148139,0.48642929,0.0613986855,0.0566019553,8.51777913
152.80000000,0.98722284,4.67790573,-0.44071692,0.15436668,-0.81404734,0.75066494,0.0537889308,0.0563866485,9.14888062
153.00000000,1.13946419,4.62301327,-0.32308392,0.90280119,0.51975064,0.40596710,0.0515715803,0.0561843193,9.26354902
153.20000000,1.18101660,4.80764299,-0.25100468,-0.57118314,0.87533926,0.39690174,0.0606525655,0.0562980216,8.24182724
153.40000000,1.00586657,4.84533945,-0.15183975,-0.77814689,-0.55762307,0.57753261,0.0599555847,0.0566015245,8.25163658
153.60000000,0.99527308,4.68041373,-0.03364802,0.71256516,-0.63601101,0.58115478,0.0506139382,0.0566979909,9.12718052
153.80000000,1.15764480,4.71133249,0.08277438,0.42695226,0.84528720,0.59430742,0.0543261825,0.0562687737,8.75747475
154.00000000,1.08931136,4.86621077,0.19700997,-0.94311035,0.31533784,0.51098427,0.0622845891,0.0565950022,8.06439996
154.20000000,0.92351099,4.78050782,0.28000323,-0.32722441,-1.01251130,0.34313997,0.0566072765,0.0562374229,8.66353192
154.40000000,1.01271269,4.62073249,0.36313925,0.94722847,-0.16425910,0.57076893,0.0503688889,0.0568961254,9.44626102
154.60000000,1.11045808,4.72321872,0.50501006,-0.27895753,0.79804928,0.73164201,0.0582406063,0.0564032427,8.75164778
154.80000000,0.94345750,4.77487741,0.60597277,-0.98163578,-0.48573484,0.22461715,0.0604613189,0.0562435232,8.66695843
155.00000000,0.88496047,4.58592572,0.62574062,0.57444347,-0.94461528,0.16648325,0.0525345513,0.0565244189,9.80629433
155.20000000,1.04636759,4.55622366,0.73063113,0.42870665,0.61825069,0.82702883,0.0543675606,0.0564850162,9.77199482
155.40000000,0.95586604,4.66538552,0.86642411,-1.07239336,0.02576333,0.31513286,0.0603711624,0.0562863011,9.23134411
155.60000000,0.82009955,4.52669756,0.85415652,0.15592371,-1.08817371,-0.20387684,0.0546987169,0.0560716629,10.23833311
155.80000000,0.97627460,4.43335071,0.90110848,0.73535471,0.39091718,0.74594718,0.0534910912,0.0564355014,10.64557184
156.00000000,0.92922945,4.54858815,1.04405696,-1.04835565,0.21233629,0.32536706,0.0595112350,0.0562261412,9.92857691
156.20000000,0.78170908,4.43832004,1.00370059,0.12498483,-1.02094537,-0.43823435,0.0550443426,0.0560009848,10.85665430
156.40000000,0.94239430,4.35752165,1.02315004,0.71687932,0.46965729,0.71798751,0.0540506241,0.0562551197,11.20556029
156.60000000,0.87727034,4.47606150,1.14820713,-1.10256422,0.14592128,0.11427647,0.0590724486,0.0561704918,10.43390486
156.80000000,0.76182308,4.36124558,1.06451110,0.44516496,-0.87819206,-0.52972337,0.0543556799,0.0560625472,11.42730270
157.00000000,0.93476259,4.34149655,1.09366471,0.42068506,0.73336927,0.73156927,0.0551690708,0.0560935912,11.31313785
157.20000000,0.81735280,4.45578257,1.17440932,-1.08566727,-0.07525482,-0.25624850,0.0587450528,0.0561599578,10.63830469
157.40000000,0.76872404,4.33178288,1.05257722,0.84004655,-0.59052206,-0.44227309,0.0534511717,0.0561296236,11.64722314
157.60000000,0.92938668,4.38967973,1.10096667,0.00486810,0.93223905,0.61717635,0.0563945014,0.0560154817,10.97009300
157.80000000,0.77272385,4.48622883,1.12161518,-0.92151294,-0.28244069,-0.56660494,0.0583808539,0.0561919572,10.50327769
158.00000000,0.78605001,4.36797695,0.98299038,1.02605381,-0.27893986,-0.34555192,0.0527859934,0.0561339153,11.36856161
158.20000000,0.92379141,4.48107246,1.02492070,-0.21627128,1.02090664,0.40121860,0.0572162395,0.0559983764,10.37369742
158.40000000,0.75760720,4.57148217,1.00336857,-0.82643467,-0.32754823,-0.67802499,0.0585043022,0.0562990236,9.99320228
158.60000000,0.78142128,4.45837160,0.85405235,1.00106467,-0.22011159,-0.44656512,0.0521786627,0.0561583801,10.74694800
158.80000000,0.92674963,4.58054064,0.85575144,-0.07235240,1.09796075,0.19810935,0.0570516933,0.0559513662,9.76782491
159.00000000,0.77686283,4.70343923,0.82482929,-0.93799129,-0.12992871,-0.59438277,0.0598490751,0.0564802693,9.20785437
159.20000000,0.73856882,4.58853278,0.67064263,0.70304625,-0.52758668,-0.69092565,0.0521280461,0.0562695238,9.94919084
159.40000000,0.91320081,4.64526714,0.60295788,0.45680511,1.01776481,-0.07405323,0.0547343888,0.0559112914,9.41761705
159.60000000,0.83864519,4.82821552,0.56859682,-0.96423880,0.40124534,-0.39905603,0.0614938235,0.0565204187,8.49279014
159.80000000,0.69495155,4.76299317,0.44256155,-0.08885615,-0.81831827,-0.75661072,0.0554210619,0.0564066923,8.96492752
160.00000000,0.82126523,4.67491940,0.31436340,0.97165111,0.29210416,-0.46964804,0.0506593076,0.0563159855,9.35087728
160.20000000,0.89912290,4.84469637,0.23723189,-0.38822031,0.97536558,-0.38463876,0.0593244743,0.0561710152,8.35859561
160.40000000,0.73243898,4.91774245,0.14332250,-0.89540615,-0.38197325,-0.54985840,0.0612198926,0.0566802459,8.13596499
160.60000000,0.68150255,4.75763034,0.02824505,0.52735813,-0.79989159,-0.57625242,0.0517601727,0.0565994424,9.00733570
160.80000000,0.84624451,4.74534984,-0.08811037,0.62252746,0.70716036,-0.60198321,0.0526272079,0.0563756017,8.92895351
161.00000000,0.81624596,4.90814007,-0.20695657,-0.84255007,0.49286067,-0.54515845,0.0617294159,0.0565229103,8.11844540
161.20000000,0.63865318,4.85691717,-0.29433317,-0.52658384,-0.92667323,-0.33761839,0.0582722143,0.0562497582,8.50616139
161.40000000,0.69303096,4.67763121,-0.36798419,0.91682905,-0.40378616,-0.49636804,0.0504436636,0.0569113837,9.45649400
161.60000000,0.82099711,4.74994663,-0.50356064,-0.04854980,0.81224434,-0.76674771,0.0566590205,0.0564103865,8.92498348
161.80000000,0.67639219,4.82886237,-0.61966141,-1.03295765,-0.30175789,-0.30321720,0.0610649399,0.0563426134,8.61956460
162.00000000,0.58362536,4.65374104,-0.64030269,0.38127603,-1.04815497,-0.07745804,0.0536288615,0.0563136214,9.68281061
162.20000000,0.74650719,4.58749384,-0.72346438,0.63882655,0.48999517,-0.77576116,0.0532017691,0.0565711546,9.94352513
162.40000000,0.69406804,4.70441435,-0.87128119,-1.00801543,0.18663378,-0.44617566,0.0602137715,0.0563242421,9.27120120
162.60000000,0.53621763,4.59027823,-0.87320080,-0.06396657,-1.08779663,0.25021342,0.0557237044,0.0559619915,10.09649697
162.80000000,0.67878560,4.46954359,-0.89359510,0.89460990,0.23068402,-0.62964912,0.0528215602,0.0564920182,10.77948335
163.00000000,0.67144519,4.58398535,-1.04337026,-0.95103782,0.34473772,-0.47611235,0.0592192450,0.0562394298,9.99030020
163.20000000,0.50494166,4.49728929,-1.02236885,-0.09738744,-1.00662338,0.47668129,0.0558758040,0.0559416640,10.71743336
163.40000000,0.65254288,4.39295078,-1.01291779,0.88582489,0.33237721,-0.59568419,0.0534523321,0.0562961880,11.33739262
163.60000000,0.62453692,4.51382032,-1.14780629,-1.04530195,0.27842243,-0.28253281,0.0589595728,0.0561791770,10.46391795
163.80000000,0.48307944,4.41800974,-1.08032638,0.22703577,-0.90546665,0.61529253,0.0550367488,0.0560085638,11.29235772
164.00000000,0.65387075,4.37393698,-1.07872936,0.63118156,0.64597153,-0.65903765,0.0544758305,0.0561155285,11.45890937
164.20000000,0.56636990,4.49892483,-1.17791300,-1.11271507,0.06518984,0.08726660,0.0589117177,0.0561751459,10.60715911
164.40000000,0.48286613,4.38642690,-1.06261607,0.66274576,-0.68092209,0.58916310,0.0539293761,0.0560874898,11.53869193
164.60000000,0.65554547,4.42015219,-1.08311908,0.22966390,0.90520549,-0.61470115,0.0556394155,0.0560060716,11.11120697
164.80000000,0.51809301,4.53530681,-1.12822030,-1.02505554,-0.14271708,0.42295740,0.0588271683,0.0562224329,10.41604509
165.00000000,0.49225375,4.42058592,-0.98707438,0.89978502,-0.41784624,0.51554965,0.0530575511,0.0561341534,11.29332118
165.20000000,0.65020452,4.51032969,-1.00596905,-0.00027062,1.03149711,-0.43129298,0.0563804550,0.0559609198,10.50310039
165.40000000,0.49769136,4.62419892,-1.00885255,-0.95334609,-0.18326567,0.55456734,0.0591415627,0.0563339375,9.88319698
165.60000000,0.48042782,4.51238641,-0.85651962,0.86701141,-0.37832486,0.59595429,0.0525003348,0.0561759089,10.66500832
165.80000000,0.64343692,4.60697707,-0.83600565,0.14474379,1.09028555,-0.20081497,0.0559802457,0.0559129446,9.90696088
166.00000000,0.51382477,4.75365483,-0.82354204,-1.01093367,0.04211805,0.47564606,0.0603716957,0.0564761586,9.12655899
166.20000000,0.43605201,4.65014538,-0.67531239,0.49123407,-0.64321620,0.77133780,0.0530798992,0.0562738057,9.80313586
166.40000000,0.60938529,4.67041738,-0.58660643,0.64620608,0.90240518,0.13447151,0.0534303066,0.0559538880,9.56396149
166.60000000,0.56949633,4.86426634,-0.55689322,-0.90045024,0.58101299,0.31876837,0.0611819315,0.0563998286,8.50884075
166.80000000,0.40535855,4.82963189,-0.44371072,-0.32126493,-0.77491260,0.73912062,0.0571107241,0.0564679668,8.78204939
167.00000000,0.49850119,4.71473361,-0.30794145,0.98045905,0.05027433,0.53495098,0.0502269778,0.0564295601,9.38346719
167.20000000,0.60873381,4.86109471,-0.22362384,-0.18231148,1.03380717,0.38471451,0.0577271953,0.0560812027,8.50463821
167.40000000,0.45838433,4.96676000,-0.13350881,-0.96955156,-0.18924650,0.52359863,0.0620669057,0.0567131885,8.05850791
167.60000000,0.37025423,4.82014460,-0.02216728,0.31308015,-0.91202649,0.56585200,0.0532999611,0.0564878702,8.85089811
167.80000000,0.52710635,4.76529924,0.09283627,0.78408250,0.52241074,0.60191499,0.0512395448,0.0565272424,9.07417269
168.00000000,0.53734661,4.92717015,0.21540109,-0.70276925,0.64691254,0.58105038,0.0607223017,0.0564330315,8.21297342
168.20000000,0.35615625,4.91187970,0.30897924,-0.69704799,-0.80224851,0.34716196,0.0597471731,0.0563304564,8.37183915
168.40000000,0.37263084,4.72211776,0.37536110,0.82752093,-0.62367800,0.41980337,0.0510253845,0.0568159382,9.40795519
168.60000000,0.52336106,4.75887995,0.50087071,0.18904714,0.78036381,0.77800611,0.0550241999,0.0564612425,9.10968760
168.80000000,0.40797069,4.86028784,0.63062898,-1.03997722,-0.11445949,0.39414008,0.0613003921,0.0564133832,8.61182721
169.00000000,0.28528366,4.70507043,0.65728651,0.16819332,-1.10519684,0.01584129,0.0548788838,0.0561243886,9.53780769
169.20000000,0.44011808,4.60436240,0.71804184,0.81622056,0.32901309,0.68959001,0.0522937644,0.0566613878,10.08941924
169.40000000,0.42851143,4.72284967,0.87229568,-0.90053591,0.33399761,0.57225926,0.0597549388,0.0563346558,9.34775522
169.60000000,0.25534744,4.63563606,0.89294778,-0.27983678,-1.05176542,-0.25589229,0.0567487035,0.0559112959,9.95663076
169.80000000,0.37649876,4.49169087,0.88938674,1.00689222,0.05465657,0.48288789,0.0524143836,0.0565280825,10.87584148
170.00000000,0.40944685,4.60030425,1.03886491,-0.81327195,0.46200771,0.61248478,0.0587072992,0.0562377813,10.08440276
170.20000000,0.23081083,4.53843672,1.04134523,-0.31466163,-0.96435177,-0.47012096,0.0567031001,0.0559238532,10.58146136
170.40000000,0.35776997,4.41389127,1.00590471,1.01208918,0.18049608,0.43942763,0.0530427034,0.0563281870,11.43704801
170.60000000,0.36840139,4.53303143,1.14343285,-0.94600946,0.40059928,0.44111940,0.0586589168,0.0561760660,10.52579671
170.80000000,0.20663509,4.45798658,1.09748362,-0.00070755,-0.90607638,-0.65500008,0.0557716691,0.0559750519,11.14879399
171.00000000,0.36700175,4.39119203,1.06584535,0.81580207,0.53823487,0.54292745,0.0538817667,0.0561454111,11.58759511
171.20000000,0.31341710,4.52350481,1.17737138,-1.09632455,0.20174707,0.08585221,0.0588989331,0.0561757511,10.60794618
171.40000000,0.19844550,4.42539112,1.07548911,0.45431683,-0.74602389,-0.69788579,0.0545477326,0.0560539778,11.40408193
171.60000000,0.37497479,4.43447708,1.06576703,0.44917593,0.85342192,0.56560765,0.0548988313,0.0560134187,11.25227303
171.80000000,0.26278624,4.56549850,1.13106891,-1.08671436,0.00003398,-0.26277729,0.0590896493,0.0562363121,10.35950881
172.00000000,0.19891559,4.45835541,0.99485521,0.72814845,-0.53487883,-0.65856243,0.0535497483,0.0561169625,11.17954210
172.20000000,0.36948701,4.52251734,0.98673218,0.22099580,1.01320403,0.41782587,0.0555094372,0.0559455406,10.64172269
172.40000000,0.23752296,4.65725920,1.01070759,-1.03845325,-0.03131894,-0.41307865,0.0595582641,0.0563412358,9.80469076
172.60000000,0.18018986,4.55192576,0.86249737,0.68709463,-0.51106672,-0.71882667,0.0531146887,0.0561752852,10.54144423
172.80000000,0.35247985,4.61621507,0.81675071,0.36008019,1.04563254,0.16430104,0.0548916850,0.0559075045,10.05106333
173.00000000,0.24936822,4.78270001,0.81851642,-1.03876495,0.21760211,-0.35159165,0.0605765233,0.0564324267,9.08237655
173.20000000,0.13631975,4.69622874,0.68160201,0.25597758,-0.71730413,-0.81850489,0.0543044332,0.0562859838,9.63084550
173.40000000,0.29853053,4.68052147,0.57268325,0.80324455,0.74603929,-0.21959865,0.0523022312,0.0560330507,9.68716382
173.60000000,0.29572739,4.87792486,0.54279936,-0.79533272,0.74453412,-0.25122660,0.0604891376,0.0562646633,8.56474154
173.80000000,0.11911610,4.87649360,0.44343817,-0.53175721,-0.68922558,-0.70157136,0.0587070043,0.0565558849,8.61394041
174.00000000,0.17398097,4.74251200,0.30363048,0.92709599,-0.18943015,-0.59549076,0.0503342881,0.0564975264,9.35571565
174.20000000,0.31047025,4.85782225,0.21066829,0.03765049,1.04456799,-0.39681250,0.0559795304,0.0560471244,8.66992009
174.40000000,0.18368650,4.99186941,0.12262623,-0.99928439,0.01230797,-0.50127758,0.0624388031,0.0566780188,8.02284511
174.60000000,0.06324014,4.86629579,0.01515435,0.08497365,-0.96879509,-0.55155738,0.0550803880,0.0564093028,8.67549935
174.80000000,0.20248496,4.77222190,-0.09734774,0.89856273,0.30067861,-0.59344535,0.0503037778,0.0566753642,9.17626937
175.00000000,0.25277453,4.92391905,-0.22222378,-0.52776300,0.77004244,-0.61522423,0.0593333006,0.0563539886,8.34348332
175.20000000,0.07630992,4.94443216,-0.32335991,-0.83244310,-0.64749204,-0.37120417,0.0609259930,0.0564321343,8.26936372
175.40000000,0.05412141,4.75329691,-0.38533706,0.68714680,-0.81020209,-0.34842770,0.0520392576,0.0566412111,9.30841360
175.60000000,0.21862634,4.75108339,-0.49777964,0.42118135,0.70089918,-0.76246088,0.0534842504,0.0565553965,9.29165915
175.80000000,0.13821551,4.86917569,-0.63850509,-1.00200791,0.06989503,-0.49101409,0.0611461931,0.0564411863,8.64460679
176.00000000,-0.00864386,4.73875847,-0.67580542,-0.05125993,-1.11676745,0.01424320,0.0561873473,0.0560043794,9.38641004
176.20000000,0.12923844,4.60730937,-0.71534520,0.94847695,0.14242758,-0.57454840,0.0517222265,0.0567333889,10.19637883
176.40000000,0.15930463,4.72099419,-0.86970913,-0.75251660,0.46393323,-0.68445943,0.0590200237,0.0563327780,9.45831900
176.60000000,-0.02165259,4.66213125,-0.91229200,-0.48086977,-0.98463904,0.22192393,0.0577109624,0.0559225697,9.82969117
176.80000000,0.07161980,4.49984452,-0.88915204,1.06433408,-0.12960739,-0.31685153,0.0522932180,0.0565289936,10.92665893
177.00000000,0.14344449,4.59776347,-1.03102269,-0.63900865,0.56187432,-0.72523457,0.0580057827,0.0562329355,10.20736990
177.20000000,-0.03985195,4.56135584,-1.05954130,-0.51644911,-0.89799739,0.42057223,0.0574778727,0.0559464737,10.45825314
177.40000000,0.06008949,4.42037229,-1.00279606,1.08718278,0.01910994,-0.26013151,0.0528475884,0.0563334007,11.49642876
177.60000000,0.10905075,4.53377765,-1.13543001,-0.80739327,0.51113259,-0.58039606,0.0581869228,0.0561610080,10.61737717
177.80000000,-0.06639506,4.48078649,-1.11490742,-0.22645290,-0.88257132,0.64790968,0.0565143006,0.0559728886,11.00689861
178.00000000,0.07579923,4.39337511,-1.05593753,0.96320660,0.41243642,-0.39003749,0.0534275572,0.0561730264,11.68891599
178.20000000,0.05863847,4.52950318,-1.17280325,-1.03674072,0.33328646,-0.25315768,0.0587077035,0.0561588634,10.64059458
178.40000000,-0.08298297,4.44824124,-1.09024165,0.22656454,-0.78592592,0.76222632,0.0552634021,0.0560327340,11.25385760
178.60000000,0.08890092,4.43283854,-1.04998499,0.65137541,0.77676812,-0.47153086,0.0542190892,0.0560347669,11.38271460
178.80000000,0.00694710,4.57667775,-1.12988065,-1.10458391,0.14391873,0.09582159,0.0591546272,0.0562228880,10.33553853
179.00000000,-0.09204982,4.48082121,-1.00554910,0.52159568,-0.62698514,0.76474020,0.0542294360,0.0561018124,11.03644310
179.20000000,0.08265813,4.51793506,-0.96832066,0.43591604,0.96450609,-0.36014608,0.0546551135,0.0559522839,10.77909087
179.40000000,-0.02279149,4.67041796,-1.00859278,-1.07942647,0.12514961,0.26301342,0.0597313674,0.0563184676,9.76040750
179.60000000,-0.11728184,4.57637864,-0.87112730,0.47287357,-0.61354531,0.80619646,0.0539764687,0.0561741762,10.38683517
179.80000000,0.05510711,4.60883624,-0.79907302,0.56104603,0.96288015,-0.08993977,0.0538574423,0.0559341355,10.18741081
180.00000000,-0.01649751,4.79034515,-0.80976163,-1.02135243,0.39189350,0.23077846,0.0604565735,0.0563490003,9.07655486
180.20000000,-0.15911578,4.72574328,-0.68843432,0.01173636,-0.74865646,0.83028655,0.0556885045,0.0563234281,9.44723797
180.40000000,-0.01728403,4.67641226,-0.56181323,0.91540144,0.55496222,0.32257888,0.0514535369,0.0561354737,9.77223313
180.60000000,0.01745325,4.86943060,-0.52689451,-0.65255239,0.88525774,0.20123150,0.0594647140,0.0561308839,8.65735473
180.80000000,-0.16334846,4.90245983,-0.44118488,-0.71192761,-0.56774262,0.64871210,0.0600774152,0.0566412394,8.47133811
181.00000000,-0.14949727,4.75793100,-0.30102769,0.81532830,-0.41067260,0.64543611,0.0509844070,0.0565076030,9.27005255
181.20000000,0.00522212,4.83611127,-0.19878663,0.26051404,1.00299787,0.41967572,0.0542198065,0.0560771555,8.84110782
181.40000000,-0.09167161,4.99282931,-0.11099467,-0.98431275,0.21473376,0.48478636,0.0623120190,0.0565891033,8.03045132
181.60000000,-0.23823541,4.89446899,-0.00705724,-0.14274120,-0.97103835,0.53545259,0.0569356513,0.0563998858,8.49848841
181.80000000,-0.12502369,4.76689215,0.10207724,0.95599165,0.05599873,0.57701309,0.0499166064,0.0567897735,9.22243889
182.00000000,-0.03719309,4.89927019,0.22745753,-0.32326105,0.85487706,0.64396234,0.0576662159,0.0563101534,8.50280607
182.20000000,-0.20071555,4.95391667,0.33690411,-0.92846212,-0.47049133,0.40816173,0.0617260041,0.0565179886,8.20461162
182.40000000,-0.26015954,4.77004688,0.39772415,0.50748348,-0.95343807,0.28881890,0.0533761844,0.0564292981,9.17140663
182.60000000,-0.09176861,4.72768006,0.49521118,0.63360744,0.57510314,0.71958182,0.0521854909,0.0566756930,9.45494849
182.80000000,-0.13286088,4.85574003,0.64313445,-0.91945156,0.24534547,0.58686832,0.0606059959,0.0564392081,8.71701940
183.00000000,-0.29706131,4.75382278,0.69487401,-0.26469581,-1.08618803,-0.01147586,0.0574622316,0.0559680702,9.24232584
183.20000000,-0.18380877,4.59669197,0.71613304,1.02606857,-0.06034826,0.43993337,0.0515277606,0.0567492051,10.25451972
183.40000000,-0.11336727,4.69925891,0.86401689,-0.56827938,0.57243268,0.77419595,0.0580566709,0.0563332000,9.59836064
183.60000000,-0.29415709,4.66931265,0.93018932,-0.65795624,-0.89108200,-0.15187647,0.0585532955,0.0559810925,9.72441884
183.80000000,-0.23350639,4.49398745,0.89323494,1.06324377,-0.31392869,0.14478074,0.0524538443,0.0564776514,10.92853286
184.00000000,-0.12624142,4.57664756,1.02054956,-0.43411000,0.64179319,0.80600869,0.0571604442,0.0562285615,10.35395869
184.20000000,-0.30642838,4.56578428,1.07595234,-0.69390998,-0.81109619,-0.33258368,0.0581556153,0.0559974418,10.35545984
184.40000000,-0.23833213,4.41242188,1.00398542,1.10616922,-0.14612375,0.07097529,0.0528743559,0.0563153119,11.51100559
184.60000000,-0.15324947,4.51618366,1.12435907,-0.63391026,0.60837928,0.69139890,0.0575714098,0.0561416092,10.73506410
184.80000000,-0.33513215,4.48614288,1.13153810,-0.43957951,-0.83747876,-0.59615365,0.0572195416,0.0559975347,10.87571976
185.00000000,-0.21786374,4.38064745,1.04973669,1.06392596,0.27164209,0.21040940,0.0531441289,0.0561944228,11.75419230
185.20000000,-0.19779850,4.51693229,1.16445359,-0.93580489,0.45861092,0.40490151,0.0583493936,0.0561327338,10.70379743
185.40000000,-0.36011596,4.45463918,1.10581519,-0.00832705,-0.80143498,-0.77950794,0.0560269037,0.0560315945,11.09868519
185.60000000,-0.20118144,4.41550612,1.03677106,0.82425536,0.67576525,0.33755656,0.0536449874,0.0560658008,11.49160200
185.80000000,-0.24930341,4.56876306,1.12461032,-1.07835585,0.28727327,0.06799069,0.0590207847,0.0561894685,10.34468759
186.00000000,-0.37897306,4.48756417,1.01816996,0.29238680,-0.69243930,-0.82767009,0.0550458641,0.0560961898,10.87513049
186.20000000,-0.20898071,4.49699752,0.95182343,0.63204352,0.88458770,0.26081715,0.0538717446,0.0559817678,10.90343628
186.40000000,-0.28317618,4.66350639,1.00241809,-1.07554142,0.28323019,-0.11397947,0.0596547478,0.0562657441,9.75155723
186.60000000,-0.41026698,4.58513282,0.88135521,0.23761845,-0.68298463,-0.85268368,0.0550140386,0.0561888357,10.21387766
186.80000000,-0.24712895,4.58553861,0.78396999,0.73452152,0.84271350,-0.01766578,0.0529526065,0.0559890540,10.30223370
187.00000000,-0.28374073,4.77649413,0.79753523,-0.95988532,0.56026114,-0.12135740,0.0600258354,0.0562454454,9.10872489
187.20000000,-0.44909805,4.73770707,0.69473029,-0.22804323,-0.73847081,-0.80787199,0.0571062020,0.0563902294,9.26649738
187.40000000,-0.33566895,4.65883299,0.55435397,0.97283322,0.33896311,-0.43439561,0.0509755184,0.0562311395,9.80728245
187.60000000,-0.26509643,4.83926270,0.50988660,-0.47720438,0.99624929,-0.17252051,0.0581782035,0.0560213208,8.78125329
187.80000000,-0.44178069,4.90663722,0.43659163,-0.85581749,-0.41733325,-0.58601142,0.0611172238,0.0566808785,8.36199829
188.00000000,-0.46931375,4.76031001,0.29956191,0.65420295,-0.59929054,-0.68034502,0.0521194378,0.0564719465,9.13636029
188.20000000,-0.30578982,4.79739215,0.18829703,0.47300809,0.90705478,-0.45112633,0.0525983967,0.0561690405,9.00201870
188.40000000,-0.36769625,4.96967637,0.09899179,-0.92514824,0.41011940,-0.47529234,0.0616966991,0.0564692664,8.08088755
188.60000000,-0.53322484,4.90320754,-0.00214748,-0.35798191,-0.92284549,-0.51981260,0.0587050548,0.0564611820,8.33489299
188.80000000,-0.45260178,4.74970591,-0.10744199,0.95136282,-0.19461091,-0.55410772,0.0501154079,0.0568196918,9.20684708
189.00000000,-0.33211149,4.85436837,-0.23129922,-0.09725976,0.89451469,-0.66361435,0.0558553236,0.0563187417,8.68066864
189.20000000,-0.47483517,4.93996167,-0.34909318,-0.98218181,-0.27895440,-0.45552534,0.0620905678,0.0565590530,8.18100496
189.40000000,-0.56822998,4.77114480,-0.41210992,0.30229945,-1.04788057,-0.24609218,0.0549095563,0.0562451158,9.01339008
189.60000000,-0.40599454,4.68977336,-0.49408315,0.81177263,0.40775338,-0.65173796,0.0512528066,0.0567971871,9.58358409
189.80000000,-0.40523155,4.82037655,-0.64459584,-0.79398007,0.40594263,-0.67439323,0.0597111282,0.0564200823,8.82636125
190.00000000,-0.57916273,4.74948699,-0.71349078,-0.46150102,-1.01808132,-0.02296158,0.0586196499,0.0560074274,9.11684828
190.20000000,-0.49651563,4.57271056,-0.72085617,1.04382497,-0.26837054,-0.29733260,0.0517097826,0.0567041190,10.25928145
190.40000000,-0.38919608,4.65816966,-0.85595058,-0.35417881,0.65528079,-0.83376523,0.0569339714,0.0563412042,9.76125270
190.60000000,-0.56173644,4.65689711,-0.94571986,-0.80378853,-0.77542787,0.05133821,0.0592252333,0.0560622463,9.64729367
190.80000000,-0.53650906,4.47403769,-0.90162112,1.00463701,-0.49022857,0.01950451,0.0528684032,0.0563821829,10.88326933
191.00000000,-0.39913516,4.53732175,-1.00834448,-0.20644964,0.69884921,-0.84793179,0.0562304941,0.0562359021,10.51703770
191.20000000,-0.56848060,4.55157765,-1.08971225,-0.83992291,-0.70661114,0.21267392,0.0586970143,0.0560578340,10.27882994
191.40000000,-0.53526968,4.39006713,-1.00953719,1.06833229,-0.30934194,0.11390209,0.0531130872,0.0562666355,11.48058110
191.60000000,-0.41811657,4.48043195,-1.11097736,-0.43183744,0.69013722,-0.76630741,0.0568505294,0.0561297683,10.87368099
191.80000000,-0.59891129,4.47389236,-1.14639656,-0.63093622,-0.77296797,0.50442046,0.0578455539,0.0560398405,10.76269512
192.00000000,-0.51194323,4.35321267,-1.04771330,1.11147856,0.11974861,-0.01660358,0.0530503207,0.0562045031,11.77758874
192.20000000,-0.45566801,4.48584460,-1.15278498,-0.79699408,0.57610192,-0.53189004,0.0578450520,0.0560998673,10.79492902
192.40000000,-0.63190553,4.44433794,-1.12112702,-0.23875215,-0.79365698,0.75040389,0.0567864475,0.0560532976,10.94846670
192.60000000,-0.49352625,4.38283215,-1.02696590,0.95692795,0.55194285,-0.17218591,0.0532170279,0.0561010895,11.56882011
192.80000000,-0.50583190,4.54171762,-1.11544856,-1.00927961,0.42828517,-0.21892115,0.0586984718,0.0561447105,10.38621986
193.00000000,-0.66046336,4.47822107,-1.03161679,0.05329985,-0.73058012,0.84463709,0.0559362188,0.0561122225,10.70715848
193.20000000,-0.50384111,4.46022867,-0.93822226,0.79702802,0.77388611,-0.12588333,0.0532140389,0.0560244369,11.00271454
193.40000000,-0.54355013,4.63643278,-0.99234449,-1.02756671,0.43988686,-0.02462130,0.0593379277,0.0561972862,9.77791259
193.60000000,-0.69736548,4.57760370,-0.89203223,-0.00517507,-0.71837364,0.85668695,0.0561387332,0.0562261006,10.03560617
193.80000000,-0.55235750,4.54709672,-0.77225754,0.86809994,0.68826190,0.15065871,0.0522524219,0.0560604325,10.38230522
194.00000000,-0.55227844,4.74119943,-0.78232538,-0.85683939,0.71755039,0.03078457,0.0593164398,0.0561340034,9.17683651
194.20000000,-0.73278783,4.73123577,-0.69950334,-0.45185695,-0.68957978,0.75518542,0.0584347702,0.0564680090,9.10079510
194.40000000,-0.65402295,4.62834622,-0.55034552,0.97002471,0.11064658,0.54480217,0.0509334575,0.0563053956,9.78595908
194.60000000,-0.55154288,4.78816318,-0.49256782,-0.27616633,1.07035812,0.16752807,0.0567168088,0.0559522317,8.92830580
194.80000000,-0.71603967,4.88836014,-0.42950964,-0.95945020,-0.24489244,0.51911753,0.0617537990,0.0566699015,8.29102762
195.00000000,-0.78315974,4.74869149,-0.29856389,0.45640505,-0.74488604,0.69773864,0.0536276072,0.0564356118,8.96968530
195.20000000,-0.62096188,4.74320358,-0.17938292,0.66052095,0.75856058,0.48815768,0.0512661571,0.0563024664,9.13506535
195.40000000,-0.64437399,4.92273086,-0.08701598,-0.82315259,0.59033541,0.47320599,0.0606358949,0.0563358275,8.17173385
195.60000000,-0.82106754,4.89128533,0.01235822,-0.55116054,-0.83027955,0.50681152,0.0602460891,0.0565573947,8.19650069
195.80000000,-0.77737520,4.72062672,0.11379419,0.88564034,-0.43343174,0.52704660,0.0508729155,0.0567477223,9.13208446
196.00000000,-0.63129959,4.79059971,0.23410488,0.13960215,0.88329042,0.67105087,0.0540578467,0.0563870547,8.86354832
196.20000000,-0.74602783,4.90246153,0.35950013,-0.99171965,-0.08026808,0.50995017,0.0619913187,0.0565514301,8.19990179
196.40000000,-0.86849265,4.75538994,0.42790838,0.08551674,-1.09211231,0.22355669,0.0565092491,0.0561400469,8.85093941
196.60000000,-0.72184846,4.63835468,0.49520613,0.94264382,0.20745510,0.56425616,0.0507710527,0.0568838893,9.66413597
196.80000000,-0.67882166,4.76366204,0.64321080,-0.62885637,0.54551945,0.74628962,0.0585219991,0.0564048097,8.96785998
197.00000000,-0.85438759,4.72518698,0.73071019,-0.63301808,-0.91756440,0.08581182,0.0595856299,0.0560993136,9.01855486
197.20000000,-0.80631994,4.53539710,0.72960893,1.00172555,-0.47031801,0.15920704,0.0522314892,0.0565774433,10.21236215
197.40000000,-0.66769829,4.59837803,0.84644334,-0.11878898,0.70812300,0.85700116,0.0557391851,0.0563692569,9.93808860
197.60000000,-0.82411804,4.62474276,0.95813650,-0.91280204,-0.64150173,0.07258072,0.0596847010,0.0561453603,9.60272518
197.80000000,-0.83510832,4.43986415,0.91394464,0.89401533,-0.65124350,-0.16315174,0.0534922651,0.0562478886,10.79750534
198.00000000,-0.67456187,4.48025018,0.99545244,0.03413862,0.72983619,0.84627046,0.0552849734,0.0562605802,10.68755942
198.20000000,-0.82571457,4.51868241,1.10013492,-0.94911188,-0.58689993,-0.06881212,0.0590695255,0.0561194557,10.23234569
198.40000000,-0.82854117,4.35333729,1.01918261,0.97723772,-0.46488801,-0.28086575,0.0535395526,0.0561858557,11.40930753
198.60000000,-0.68501278,4.42678539,1.09620455,-0.20925913,0.75354109,0.79899088,0.0560709634,0.0561273614,11.02635702
198.80000000,-0.85724988,4.44395092,1.15863650,-0.79309455,-0.69069757,-0.37939150,0.0583556375,0.0560891772,10.67356081
199.00000000,-0.80430479,4.31130778,1.05003259,1.10318896,-0.03862876,-0.17743148,0.0531517463,0.0561876106,11.75704621
199.20000000,-0.71465112,4.43635098,1.13846057,-0.62544951,0.68343087,0.62588749,0.0572242955,0.0560697572,10.90990705
199.40000000,-0.89754325,4.41716838,1.13514256,-0.45438041,-0.76366970,-0.67848878,0.0574920313,0.0560903049,10.81173305
199.60000000,-0.78617952,4.33523924,1.02117718,1.04080511,0.40810794,-0.01313893,0.0529684477,0.0561295156,11.60642108
199.80000000,-0.76245861,4.49556069,1.10281434,-0.90014471,0.56463123,0.34775144,0.0582084331,0.0560924458,10.45804538
200.00000000,-0.93541273,4.45248755,1.04476249,-0.18347797,-0.74146346,-0.81643602,0.0568326619,0.0561478965,10.54336580
200.20000000,-0.80006857,4.40824106,0.92830398,0.91981528,0.63458345,-0.03526605,0.0527341786,0.0560714104,11.06605492
200.40000000,-0.80379415,4.58919505,0.97877491,-0.93770584,0.59160325,0.14392132,0.0588040633,0.0561175201,9.83776788
200.60000000,-0.97749185,4.55325488,0.90201466,-0.24298419,-0.72003347,-0.82006737,0.0572562805,0.0562832971,9.86401115
200.80000000,-0.85842955,4.49430371,0.76448340,0.95157971,0.50543441,-0.29838250,0.0518260566,0.0561303264,10.41696795
201.00000000,-0.82194834,4.68468739,0.76482414,-0.71605854,0.85794623,0.03447369,0.0583756229,0.0560312376,9.27694146
201.20000000,-1.00960607,4.70556576,0.70193222,-0.65052654,-0.60577473,-0.67812403,0.0595670122,0.0565344778,8.95973693
201.40000000,-0.96966972,4.58526549,0.54949678,0.90681917,-0.11595236,-0.64361017,0.0513523850,0.0563399125,9.70890371
201.60000000,-0.84131341,4.71715160,0.47576206,-0.05844200,1.10071610,-0.18710587,0.0551828839,0.0559357166,9.08737936
201.80000000,-0.98605505,4.84718995,0.41999425,-1.02034056,-0.05727321,-0.45345885,0.0619475014,0.0565984036,8.26129279
202.00000000,-1.08911259,4.72195489,0.29734720,0.23618291,-0.84143916,-0.69727883,0.0553602423,0.0564297346,8.78720423
202.20000000,-0.93828673,4.67506491,0.17207124,0.80862170,0.56414186,-0.52713841,0.0503585051,0.0564502035,9.22378392
202.40000000,-0.92165787,4.85260980,0.07544910,-0.68082939,0.74686071,-0.47819496,0.0592045343,0.0562218646,8.29827734
202.60000000,-1.10132178,4.85774305,-0.02336232,-0.71499870,-0.70035873,-0.49827151,0.0614425411,0.0566351555,8.09179175
202.80000000,-1.09659015,4.67920657,-0.12138086,0.76546711,-0.64452705,-0.49864315,0.0521035714,0.0566115651,9.00849942
203.00000000,-0.93376258,4.70954466,-0.23636511,0.37407880,0.81788515,-0.66417537,0.0524408585,0.0565096711,9.03519038
203.20000000,-1.01432157,4.84156155,-0.36782553,-0.95609172,0.11827834,-0.56736131,0.0614303396,0.0565113669,8.26078801
203.40000000,-1.15971952,4.72170196,-0.44442074,-0.13010296,-1.08788387,-0.22266996,0.0580514212,0.0561302005,8.69873953
203.60000000,-1.03682719,4.57421381,-0.49918756,1.01668243,-0.01381266,-0.46493661,0.0507731792,0.0568856654,9.68837665
203.80000000,-0.95346351,4.68636136,-0.63953839,-0.42933532,0.65761449,-0.79574767,0.0571274876,0.0564079064,9.13433548
204.00000000,-1.12237587,4.68055879,-0.74570193,-0.77245165,-0.78973094,-0.17217286,0.0602978825,0.0562029383,8.95345101
204.20000000,-1.11074431,4.48463073,-0.74212491,0.90477280,-0.65573738,-0.03734532,0.0530301711,0.0563953131,10.12131859
204.40000000,-0.94816165,4.52067121,-0.83657499,0.12711170,0.72677273,-0.84002620,0.0545713103,0.0564217886,10.11773886
204.60000000,-1.08114849,4.57282287,-0.96690054,-0.98105911,-0.49266353,-0.21167349,0.0599002835,0.0562155905,9.59331222
204.80000000,-1.12721710,4.39131072,-0.92953228,0.74047533,-0.79104360,0.27558356,0.0542711153,0.0561133643,10.68146760
205.00000000,-0.95160938,4.40601274,-0.98300089,0.27614903,0.73154480,-0.79911446,0.0543971459,0.0562993962,10.85480424
205.20000000,-1.07794249,4.46711241,-1.10674346,-1.01779704,-0.45385421,-0.09003078,0.0592491885,0.0561670301,10.21841505
205.40000000,-1.11610332,4.30226960,-1.03234958,0.84018136,-0.60766848,0.41813192,0.0541188548,0.0560996731,11.30495483
205.60000000,-0.95321090,4.35561273,-1.08107558,0.02408521,0.79513346,-0.78560975,0.0552852229,0.0561384745,11.18454619
205.80000000,-1.10981075,4.39629102,-1.16758382,-0.92043154,-0.59183658,0.22920569,0.0587198758,0.0561307058,10.61243148
206.00000000,-1.09281641,4.25519256,-1.05653855,1.04051173,-0.19840264,0.35773136,0.0534406739,0.0561499324,11.69462689
206.20000000,-0.97430208,4.36864662,-1.12231681,-0.42796711,0.77738293,-0.68008818,0.0565238804,0.0560480801,11.04304771
206.40000000,-1.15643038,4.37302174,-1.14693603,-0.64657891,-0.71233224,0.56966523,0.0580988082,0.0561324581,10.69537149
206.60000000,-1.07704804,4.27319924,-1.01972013,1.07064142,0.24842366,0.20496981,0.0529221446,0.0561384879,11.59986185
206.80000000,-1.01892470,4.43038910,-1.08733887,-0.75528189,0.69317645,-0.44615656,0.0575801704,0.0560414775,10.55657805
207.00000000,-1.20297654,4.41011388,-1.05653476,-0.40714740,-0.72553843,0.74687681,0.0576692146,0.0561968868,10.39312838
207.20000000,-1.09559344,4.34170125,-0.92258168,0.99194034,0.47088645,0.21052387,0.0524774022,0.0561134328,11.08539524
207.40000000,-1.06371979,4.52190424,-0.96233607,-0.80960114,0.73408643,-0.23593030,0.0580875531,0.0560404006,9.92778470
207.60000000,-1.24984326,4.51160935,-0.91025119,-0.46503397,-0.68916688,0.74752419,0.0582774077,0.0563451003,9.70921489
207.80000000,-1.16299631,4.42790435,-0.76086088,0.97841735,0.30276075,0.44836973,0.0517274889,0.0561846496,10.40010096
208.00000000,-1.09247929,4.60739000,-0.74589116,-0.54293500,0.97489550,-0.06928451,0.0572629745,0.0559523702,9.40287816
208.20000000,-1.27917220,4.66006530,-0.70140977,-0.81716383,-0.49133979,0.58380517,0.0604190657,0.0565661701,8.85034147
208.40000000,-1.28001021,4.52962693,-0.55121529,0.78844010,-0.32710605,0.72205528,0.0522075340,0.0563395813,9.58363486
208.60000000,-1.13358761,4.62751970,-0.46026423,0.16467987,1.08160637,0.23023510,0.0536908867,0.0559710250,9.24444887
208.80000000,-1.25179954,4.78291749,-0.40828601,-1.03710401,0.13857885,0.39396850,0.0616905470,0.0564773506,8.27372242
209.00000000,-1.38565055,4.67893542,-0.29528496,0.00748427,-0.88700793,0.68055927,0.0571531627,0.0564783643,8.60550249
209.20000000,-1.25538558,4.59432712,-0.16622483,0.90512843,0.33536672,0.56415573,0.0499767374,0.0565644381,9.25600041
209.40000000,-1.19944038,4.76024337,-0.06462096,-0.50232423,0.87081104,0.48924277,0.0575077164,0.0561510327,8.45304031
209.60000000,-1.37371041,4.80189890,0.03486009,-0.84407250,-0.54041425,0.49547356,0.0622088016,0.0566783651,8.02632152
209.80000000,-1.40776209,4.62467437,0.13031809,0.60172440,-0.81564968,0.47185097,0.0536789231,0.0564518739,8.85172214
210.00000000,-1.23812283,4.61289579,0.23865953,0.59102098,0.69858628,0.64239506,0.0511626728,0.0566559925,9.17812303
210.20000000,-1.27977849,4.75765227,0.37392854,-0.87529285,0.30920310,0.62310182,0.0604421245,0.0564460255,8.36122737
210.40000000,-1.44100973,4.66918449,0.46089716,-0.33363252,-1.03901491,0.24318172,0.0594246717,0.0561969990,8.56857467
210.60000000,-1.34825328,4.49787366,0.50635903,1.02938765,-0.24196140,0.36306438,0.0512388711,0.0567992303,9.65511091
210.80000000,-1.22883972,4.58943696,0.63435164,-0.20304470,0.73563929,0.81707263,0.0556411472,0.0564438306,9.31592415
211.00000000,-1.38292710,4.61541764,0.75779806,-0.87465646,-0.63942873,0.27587492,0.0607080995,0.0562916534,8.92530048
211.20000000,-1.40751888,4.42017675,0.75781545,0.76201925,-0.81603248,-0.05846062,0.0540287362,0.0562089064,9.99799527
211.40000000,-1.22959792,4.42597413,0.82749616,0.37088526,0.70776775,0.78199036,0.0535312593,0.0564911707,10.28734328
211.60000000,-1.33275734,4.50120567,0.97170654,-1.00614070,-0.33201731,0.35699495,0.0598538086,0.0562579648,9.62005888
211.80000000,-1.41101498,4.32822300,0.94747579,0.55541492,-0.90524524,-0.34934984,0.0551466678,0.0559973278,10.54728569
212.00000000,-1.22910267,4.31531468,0.97212054,0.50699963,0.70124942,0.70795524,0.0536371453,0.0563467705,11.00702353
212.20000000,-1.32504554,4.39693312,1.10928912,-1.04391921,-0.30916391,0.25426433,0.0592224734,0.0561953446,10.23803514
212.40000000,-1.39612803,4.23691592,1.04822035,0.66717677,-0.73336584,-0.51676852,0.0548089844,0.0560224989,11.17766395
212.60000000,-1.22176770,4.26741220,1.06667992,0.25715172,0.81114034,0.72520641,0.0545479360,0.0561630909,11.33828968
212.80000000,-1.35636345,4.33092323,1.17276438,-1.00910119,-0.47722863,-0.06298904,0.0589166137,0.0561620033,10.58194960
213.00000000,-1.37544145,4.18513944,1.06676962,0.92877779,-0.35432581,-0.51168842,0.0538967214,0.0560985158,11.59616494
213.20000000,-1.23401754,4.28304142,1.10532481,-0.21291061,0.85384183,0.68965441,0.0557859998,0.0560395990,11.18698823
213.40000000,-1.40813982,4.31183189,1.15573782,-0.80859663,-0.64024644,-0.43157384,0.0585696074,0.0561703939,10.60459607
213.60000000,-1.36398727,4.19720767,1.02258417,1.04519842,0.07825745,-0.38914782,0.0530876841,0.0561357206,11.54878287
213.80000000,-1.27486104,4.34640710,1.06983976,-0.58056731,0.80978398,0.50714052,0.0568502178,0.0560013312,10.67655542
214.00000000,-1.46253774,4.35089655,1.06598332,-0.60875546,-0.68342537,-0.64214215,0.0583873377,0.0562416551,10.26401496
214.20000000,-1.38821061,4.26128682,0.92123771,1.00864141,0.28897216,-0.38618336,0.0524762100,0.0561428777,11.05688828
214.40000000,-1.32303937,4.43481625,0.94385044,-0.64839055,0.86208706,0.29393126,0.0572316910,0.0559767983,10.04276148
214.60000000,-1.51385201,4.45225365,0.91585166,-0.66265178,-0.62750979,-0.64585143,0.0591258468,0.0563953417,9.57915643
214.80000000,-1.46361963,4.34853209,0.76123720,0.94673989,0.09068846,-0.58775775,0.0519849390,0.0562149195,10.33139105
215.00000000,-1.36345769,4.50997731,0.72650588,-0.34463655,1.06126764,0.07026129,0.0560482936,0.0559073679,9.54597360
215.20000000,-1.54124767,4.59423999,0.69756959,-0.94688501,-0.35082753,-0.47992586,0.0609340398,0.0565482665,8.77729566
215.40000000,-1.58266032,4.46120547,0.55467693,0.62448364,-0.51097711,-0.77390088,0.0534239647,0.0563370626,9.42290226
215.60000000,-1.42724176,4.52079460,0.44677275,0.37987590,1.00963894,-0.29380862,0.0523626387,0.0560550189,9.38344149
215.80000000,-1.51327261,4.69557291,0.39478332,-1.00924005,0.33538145,-0.34489679,0.0610048898,0.0563377664,8.32740491
216.00000000,-1.67162127,4.61852551,0.29187094,-0.21729344,-0.88286887,-0.65063516,0.0588467201,0.0565674816,8.43879388
216.20000000,-1.56960362,4.50203312,0.16155341,0.94217705,0.08775538,-0.59548418,0.0501705577,0.0566201324,9.22662838
216.40000000,-1.47750727,4.64688674,0.05477809,-0.29404261,0.95328965,-0.50475517,0.0556774028,0.0561400281,8.62533134
216.60000000,-1.63808419,4.72334560,-0.04649614,-0.93431161,-0.35780954,-0.49903322,0.0624918275,0.0566565702,8.00321043
216.80000000,-1.70877037,4.55606479,-0.14058118,0.40752986,-0.93910380,-0.44944794,0.0554469056,0.0563449550,8.67944498
217.00000000,-1.54258260,4.50234083,-0.24159371,0.77487043,0.53031363,-0.60691290,0.0503512731,0.0567997201,9.27621654
217.20000000,-1.54247236,4.65137387,-0.37785100,-0.75059422,0.48457449,-0.67215763,0.0590948080,0.0563931937,8.49658732
217.40000000,-1.71173846,4.59715527,-0.47659445,-0.51612535,-0.95043289,-0.28335833,0.0605338969,0.0563036623,8.46913088
217.60000000,-1.65343193,4.40956733,-0.51674073,0.98189641,-0.46257928,-0.26814147,0.0521032746,0.0566226556,9.57042691
217.80000000,-1.50441802,4.47405292,-0.62859160,0.03980275,0.77336484,-0.80642579,0.0541930042,0.0565173075,9.50009680
218.00000000,-1.63596447,4.52973629,-0.76652948,-0.93592237,-0.47128585,-0.38979348,0.0607848143,0.0563511311,8.93595223
218.20000000,-1.69466961,4.34173852,-0.77584062,0.58508825,-0.94496777,0.12127512,0.0551452184,0.0560471768,9.85636873
218.40000000,-1.51071193,4.31533723,-0.82033421,0.59880577,0.64910906,-0.68563043,0.0527095857,0.0565660082,10.43338573
218.60000000,-1.57892194,4.41004385,-0.97249765,-0.98708335,-0.16272886,-0.49918512,0.0595428139,0.0562791599,9.68248404
218.80000000,-1.68498806,4.25047115,-0.96671897,0.35116270,-0.99092560,0.38046183,0.0560605397,0.0559284222,10.40734242
219.00000000,-1.50559809,4.20898430,-0.96385546,0.71395580,0.63732407,-0.57800099,0.0530639415,0.0563936970,11.13253412
219.20000000,-1.56693774,4.30825569,-1.10776131,-1.02696985,-0.15465995,-0.41402080,0.0589878539,0.0562043604,10.29087873
219.40000000,-1.66705189,4.15734752,-1.06580706,0.46973060,-0.83847925,0.57123175,0.0555639879,0.0559679775,11.03854275
219.60000000,-1.48950959,4.16282795,-1.05408863,0.47818530,0.79794693,-0.62017700,0.0539112698,0.0561966713,11.47681670
219.80000000,-1.59674614,4.24788558,-1.17392171,-1.05694439,-0.34766074,-0.10954709,0.0589337009,0.0561743864,10.58342766
220.00000000,-1.65031908,4.10142465,-1.08000313,0.77642849,-0.50128399,0.62918452,0.0544883705,0.0560496234,11.47033231
220.20000000,-1.49301106,4.17999034,-1.08853882,0.01000179,0.90797938,-0.65228323,0.0550562377,0.0560470287,11.33277637
220.40000000,-1.65237477,4.23356097,-1.16096876,-0.93557218,-0.54785667,0.27305268,0.0588767088,0.0561967605,10.54305338
220.60000000,-1.64489732,4.10775761,-1.02943186,0.96735518,-0.09616817,0.55224598,0.0534588701,0.0561175331,11.45708450
220.80000000,-1.52975916,4.24396074,-1.05128356,-0.38339815,0.90929097,-0.52554333,0.0560605361,0.0559766552,10.81089319
221.00000000,-1.71366270,4.27466906,-1.07233140,-0.78136023,-0.61583012,0.51012690,0.0589398029,0.0562741263,10.16174124
221.20000000,-1.67567979,4.16764222,-0.92409947,0.96950161,0.09657486,0.54839760,0.0527440738,0.0561504621,10.98164203
221.40000000,-1.58133636,4.32836813,-0.92429643,-0.46078649,0.96940071,-0.31295058,0.0562867303,0.0559352299,10.17540659
221.60000000,-1.76913276,4.37483892,-0.91813572,-0.82928984,-0.53714157,0.52321821,0.0597432931,0.0564168421,9.47962535
221.80000000,-1.75789851,4.25666318,-0.76510516,0.85958847,-0.11951326,0.70485761,0.0525920027,0.0562227836,10.21643300
222.00000000,-1.63428918,4.39338270,-0.70770675,-0.13028427,1.10982586,-0.03622946,0.0548100271,0.0559021137,9.69494921
222.20000000,-1.79569025,4.50773846,-0.69029443,-1.03642930,-0.18904679,0.37426677,0.0610826187,0.0564825324,8.74327232
222.40000000,-1.87554894,4.37956768,-0.55892243,0.42724064,-0.65863648,0.79602979,0.0548864764,0.0563551191,9.24217429
222.60000000,-1.72080558,4.39866301,-0.43582015,0.57264843,0.88500880,0.37260327,0.0513194564,0.0561723028,9.48803107
222.80000000,-1.77048951,4.58544434,-0.38000896,-0.93713119,0.52525107,0.30967152,0.0599397648,0.0561950396,8.41945189
223.00000000,-1.94618554,4.53974852,-0.28675912,-0.42785649,-0.83250443,0.61145335,0.0603008696,0.0566533219,8.29816242
223.20000000,-1.87815874,4.39882240,-0.15764469,0.91757875,-0.16123125,0.61810494,0.0509271991,0.0565970154,9.13895372
223.40000000,-1.75546991,4.51411558,-0.04605916,-0.06521024,0.98616129,0.52271745,0.0538661999,0.0561941442,8.80112387
223.60000000,-1.89440087,4.62194381,0.05789485,-0.98260108,-0.15994293,0.50883531,0.0622719595,0.0565838276,8.02351981
223.80000000,-1.99789292,4.47235367,0.15200956,0.19634927,-1.01156961,0.43379015,0.0572500716,0.0563198063,8.50859302
224.00000000,-1.84494162,4.37942504,0.24572688,0.91176742,0.32292252,0.56071490,0.0500848918,0.0568826725,9.31779861
224.20000000,-1.80245286,4.52362874,0.37983076,-0.58502454,0.63589631,0.70949431,0.0574897137,0.0563727154,8.65962302
224.40000000,-1.97150833,4.50515120,0.49082758,-0.67043680,-0.82750812,0.34021289,0.0613031032,0.0563995268,8.40627010
224.60000000,-1.94980772,4.30926327,0.53004759,0.88046830,-0.66270838,0.18866151,0.0532715486,0.0564105727,9.44626519
224.80000000,-1.77938551,4.34156434,0.62329673,0.28655279,0.76574217,0.76257879,0.0529163917,0.0566165275,9.67224302
225.00000000,-1.88150271,4.42362925,0.77165334,-0.95382788,-0.28991943,0.50612162,0.0605165047,0.0563785068,8.98555025
225.20000000,-1.97056460,4.24900920,0.79519762,0.38661682,-1.03866068,-0.14734797,0.0562990254,0.0559479982,9.71048506
225.40000000,-1.78989797,4.18990610,0.81608910,0.79726348,0.55101997,0.55744769,0.0521742600,0.0566207853,10.54333723
225.60000000,-1.81963286,4.29957576,0.96947182,-0.92437704,0.01160443,0.62880237,0.0589824545,0.0562838358,9.77860260
225.80000000,-1.94793677,4.15796477,0.98614705,0.13979588,-1.04633856,-0.36828350,0.0569565791,0.0559117039,10.27300873
226.00000000,-1.77940400,4.08795541,0.95907109,0.88531245,0.53985308,0.41806759,0.0527184387,0.0564187064,11.22116849
226.20000000,-1.80353134,4.20124236,1.10238919,-0.96794206,0.00730949,0.55949506,0.0585568249,0.0561982654,10.37528501
226.40000000,-1.92759688,4.06365633,1.08403397,0.25965524,-0.92022729,-0.57944877,0.0563366751,0.0559468228,10.89843033
226.60000000,-1.75503599,4.04265418,1.04427353,0.67555701,0.75271786,0.47648562,0.0534200687,0.0562284970,11.58951401
226.80000000,-1.83082949,4.14724239,1.17102606,-1.06337403,-0.20419794,0.27845804,0.0587693469,0.0561684884,10.61693501
227.00000000,-1.91582269,4.00432053,1.09532115,0.59392397,-0.63450519,-0.70331890,0.0551753751,0.0560139061,11.32739365
227.20000000,-1.75029612,4.06011820,1.07303219,0.23008684,0.93467238,0.56872453,0.0543810793,0.0560663378,11.47023346
227.40000000,-1.88892784,4.13819149,1.16226308,-1.02442818,-0.43565916,-0.10367252,0.0590029810,0.0562025906,10.51296951
227.60000000,-1.91781351,4.00531713,1.03963078,0.84362856,-0.26822782,-0.68289435,0.0540127104,0.0560910972,11.33227471
227.80000000,-1.78294569,4.12357223,1.03273539,-0.17259108,0.98570438,0.49859723,0.0552570650,0.0559708828,10.95068045
228.00000000,-1.95605481,4.18129571,1.07501181,-0.91998126,-0.52359322,-0.35983971,0.0592929799,0.0562871752,10.09029131
228.20000000,-1.95583233,4.06134140,0.93065390,0.87842590,-0.09769078,-0.68470756,0.0532704471,0.0561452538,10.86553689
228.40000000,-1.83803598,4.20321303,0.90475502,-0.25511848,1.04911652,0.29029140,0.0553084949,0.0559200657,10.31624322
228.60000000,-2.01543187,4.27908306,0.91666295,-0.96033476,-0.42045824,-0.38855117,0.0600917171,0.0563992109,9.41446530
228.80000000,-2.04358975,4.15259587,0.77165775,0.72430268,-0.31694561,-0.79052584,0.0535041832,0.0562255984,10.06561468
229.00000000,-1.90415766,4.25881075,0.69051700,0.08906279,1.11404072,-0.03132227,0.0536337602,0.0559360337,9.83627469
229.20000000,-2.04242061,4.40036271,0.67971058,-1.08379892,-0.01120649,-0.27432521,0.0608616933,0.0563770643,8.74916430
229.40000000,-2.15696486,4.28414405,0.56296250,0.20988844,-0.76437843,-0.78846208,0.0564567231,0.0564093456,9.05713804
229.60000000,-2.01244978,4.26285771,0.42771068,0.72884236,0.71244832,-0.45957176,0.0506701491,0.0562904689,9.54425400
229.80000000,-2.02346837,4.45310432,0.36457182,-0.82227386,0.69951244,-0.29077146,0.0585692078,0.0560778538,8.54465471
230.00000000,-2.20875599,4.44180474,0.27978110,-0.61601447,-0.74072990,-0.56731418,0.0614043937,0.0567076961,8.19155452
230.20000000,-2.17831388,4.28490483,0.15401323,0.83496218,-0.39465129,-0.63014960,0.0521714168,0.0565294175,9.00381745
230.40000000,-2.03268105,4.36379157,0.03848001,0.17189467,0.96326504,-0.54089989,0.0522368951,0.0563080316,8.96365854
230.60000000,-2.14271445,4.49781922,-0.06869754,-0.98657228,0.04556080,-0.52402227,0.0615633282,0.0564789847,8.08639995
230.80000000,-2.27379331,4.37257258,-0.16432404,-0.01933561,-1.03325017,-0.42663827,0.0589398732,0.0563733933,8.35352562
231.00000000,-2.14268156,4.24542058,-0.25150310,0.99173930,0.09043284,-0.50820768,0.0503806010,0.0568667970,9.29831442
231.20000000,-2.05969225,4.37559652,-0.38030000,-0.38395412,0.75426133,-0.73052657,0.0557578342,0.0563956145,8.84008878
231.40000000,-2.22010907,4.39291909,-0.50301462,-0.79091509,-0.67571672,-0.40970749,0.0616779977,0.0564669142,8.38346138
231.60000000,-2.23509148,4.19672882,-0.54573179,0.73510704,-0.83210783,-0.13120287,0.0546339272,0.0562056732,9.29791170
231.80000000,-2.05259567,4.19348331,-0.61951011,0.52278364,0.70995477,-0.68750380,0.0519309756,0.0567251316,9.81703013
232.00000000,-2.11961762,4.29734718,-0.77317174,-0.92719899,-0.10025803,-0.61664443,0.0599144530,0.0563861864,9.07257603
232.20000000,-2.23392187,4.14171331,-0.81481238,0.17895840,-1.09520642,0.13600290,0.0574143324,0.0559247617,9.57295306
232.40000000,-2.06527208,4.05087370,-0.81553228,0.95425828,0.41649312,-0.40733845,0.0519618941,0.0566393522,10.60759807
232.60000000,-2.05485878,4.17013888,-0.96307810,-0.82002286,0.18659083,-0.73671322,0.0582064761,0.0562761477,9.90479060
232.80000000,-2.19895816,4.05065831,-1.00466855,-0.06771162,-1.07056422,0.31513073,0.0577822561,0.0559410116,10.15389252
233.00000000,-2.04863057,3.95323536,-0.95837228,1.01165648,0.41106702,-0.23994806,0.0526195413,0.0564129589,11.26580246
233.20000000,-2.03470387,4.07612305,-1.09363462,-0.86930578,0.17351613,-0.68132196,0.0579541851,0.0561842113,10.48816148
233.40000000,-2.17676532,3.95595170,-1.10181699,0.04809805,-0.97638424,0.54254989,0.0570808617,0.0559604707,10.76702071
233.60000000,-2.01674401,3.90782379,-1.03802626,0.83877971,0.67404989,-0.30348861,0.0531076454,0.0562481113,11.66717537
233.80000000,-2.05848353,4.02909342,-1.16427556,-1.02925913,-0.04854588,-0.43389969,0.0584324433,0.0561485384,10.68130650
234.00000000,-2.17059150,3.89408843,-1.11168775,0.39256181,-0.74966576,0.73068220,0.0559119297,0.0560009185,11.17796510
234.20000000,-2.00468149,3.92423315,-1.05982305,0.43629455,0.92912803,-0.44313447,0.0538049989,0.0560968767,11.58866852
234.40000000,-2.11764296,4.02572686,-1.15948126,-1.07370599,-0.30448692,-0.06665710,0.0589424154,0.0561878365,10.51527084
234.60000000,-2.18097918,3.89031203,-1.05231309,0.68322310,-0.43133653,0.77275804,0.0547105699,0.0560683969,11.18429273
234.80000000,-2.03356232,3.98596789,-1.01529482,0.04185729,1.03265355,-0.42646759,0.0544882742,0.0559848290,11.08544421
235.00000000,-2.18951060,4.07067115,-1.07368942,-1.02141913,-0.40785130,0.20089866,0.0594278273,0.0562696798,10.05209042
235.20000000,-2.22666790,3.94286249,-0.94009878,0.74295007,-0.28509345,0.78533236,0.0540191637,0.0561371794,10.71818049
235.40000000,-2.09237757,4.06024621,-0.88634167,-0.04125320,1.09416124,-0.22607378,0.0543573383,0.0559335315,10.45381592
235.60000000,-2.25258365,4.16477747,-0.91124760,-1.05281559,-0.28028231,0.25104015,0.0601536695,0.0563486378,9.38580103
235.80000000,-2.31870213,4.03645526,-0.77987598,0.55124394,-0.49206103,0.83905069,0.0546429456,0.0562396326,9.89220254
236.00000000,-2.17198804,4.10771801,-0.67585913,0.30078354,1.06918788,0.12793176,0.0526097070,0.0560049013,9.95519802
236.20000000,-2.28139991,4.27208607,-0.66617157,-1.08799957,0.17684679,0.18703516,0.0602918361,0.0562523155,8.79415633
236.40000000,-2.42555625,4.17430373,-0.56587466,-0.01498758,-0.82546128,0.75391581,0.0579921874,0.0564889727,8.88185351
236.60000000,-2.30002133,4.11502079,-0.42247660,0.83658232,0.50143632,0.54652688,0.0504954698,0.0563819630,9.54332330
236.80000000,-2.27220773,4.29944031,-0.34912454,-0.66772677,0.84869226,0.28959004,0.0569895335,0.0560037431,8.69503193
237.00000000,-2.45894437,4.32409640,-0.27094455,-0.77535177,-0.61309791,0.52243715,0.0620792570,0.0567013273,8.12415254
237.20000000,-2.46753419,4.16010638,-0.15015977,0.70270296,-0.59821992,0.63114299,0.0537769395,0.0564567331,8.83707153
237.40000000,-2.30814859,4.19798573,-0.03193072,0.40235294,0.88190411,0.55709716,0.0509470816,0.0564570256,9.09511014
237.60000000,-2.38316732,4.35136788,0.07859912,-0.94463087,0.25056680,0.54303664,0.0604140687,0.0563671269,8.18897533
237.80000000,-2.53548027,4.25588960,0.17715314,-0.22869022,-1.00678726,0.42904567,0.0603863565,0.0564703058,8.22531779
238.00000000,-2.43310883,4.10123523,0.25919807,1.01025852,-0.15076705,0.45458444,0.0511944574,0.0567623583,9.22144074
238.20000000,-2.31401364,4.20874227,0.37986361,-0.15563019,0.83089305,0.73170758,0.0540516354,0.0564717248,9.02464920
238.40000000,-2.45748620,4.26040198,0.51271578,-0.87310406,-0.50059092,0.48692713,0.0616286994,0.0564966624,8.40215385
238.60000000,-2.50734031,4.07161253,0.56304951,0.55782947,-0.96376008,0.09996394,0.0560776859,0.0560724756,9.14134220
238.80000000,-2.32254396,4.03141707,0.61817310,0.73357941,0.60645097,0.58658202,0.0513254689,0.0568108456,9.92051101
239.00000000,-2.35041458,4.15128382,0.77134084,-0.85618648,0.09209478,0.71306610,0.0590148176,0.0563735393,9.19372140
239.20000000,-2.48378816,4.01963301,0.83362381,-0.02669410,-1.11414611,-0.08925170,0.0584217840,0.0559695100,9.45413115
239.40000000,-2.33474299,3.89942191,0.81912490,1.06088310,0.25140453,0.24763444,0.0520750805,0.0565913937,10.62122951
239.60000000,-2.28451076,4.02219456,0.95400108,-0.67763359,0.35675717,0.81457782,0.0572668990,0.0562787747,10.05558043
239.80000000,-2.43741123,3.92854879,1.02128461,-0.26198851,-1.06320526,-0.22573566,0.0584897549,0.0560023546,10.05754945
240.00000000,-2.31126657,3.80586295,0.96204389,1.08694936,0.25545886,0.05728749,0.0527640698,0.0563702747,11.26355705
240.20000000,-2.26026714,3.93322221,1.08217501,-0.73499843,0.33955601,0.77102466,0.0572174726,0.0561734250,10.62482964
240.40000000,-2.41381524,3.83435401,1.11813369,-0.15513040,-1.00512452,-0.46439128,0.0577532155,0.0559990371,10.65238358
240.60000000,-2.27287616,3.75938102,1.03588700,0.95955646,0.56250873,0.11329305,0.0529931039,0.0562530204,11.70330255
240.80000000,-2.27954806,3.89359345,1.15408961,-0.95682060,0.11659740,0.56647982,0.0579422975,0.0561240311,10.77407192
241.00000000,-2.41353603,3.77097187,1.12802770,0.18341455,-0.84291513,-0.71123356,0.0566501663,0.0560128052,11.03201574
241.20000000,-2.25478288,3.77332389,1.04979501,0.61800653,0.88764052,0.28312936,0.0533673601,0.0561274364,11.67793939
241.40000000,-2.33838174,3.89620149,1.15271455,-1.08338129,-0.15583624,0.22803517,0.0587000343,0.0561563227,10.54963805
241.60000000,-2.43289241,3.76311453,1.06645297,0.49683909,-0.57930001,-0.81704493,0.0555016826,0.0560648716,11.02414481
241.80000000,-2.28055488,3.83209292,1.00001974,0.24920814,1.04409491,0.31266774,0.0538034431,0.0560148077,11.20379853
242.00000000,-2.41388135,3.94272796,1.06827231,-1.08401585,-0.27027887,-0.04311565,0.0593398300,0.0562288696,10.04814554
242.20000000,-2.48642697,3.81257610,0.95142198,0.57307330,-0.45745532,-0.84399148,0.0549314215,0.0561416018,10.55134679
242.40000000,-2.34339204,3.90061382,0.87012477,0.16971150,1.09813648,0.12366998,0.0534968998,0.0559723358,10.57536995
242.60000000,-2.48047571,4.03180100,0.90196061,-1.10509883,-0.12007051,-0.11974822,0.0599311399,0.0562721254,9.39419157
242.80000000,-2.58155165,3.90821795,0.78863403,0.35224349,-0.63724867,-0.84843306,0.0559064220,0.0562792657,9.71026498
243.00000000,-2.43642278,3.94175935,0.66446518,0.49155708,0.97353774,-0.24616233,0.0518278351,0.0560900481,10.03752616
243.20000000,-2.51261516,4.12307983,0.65023325,-1.04893357,0.36836171,-0.11852431,0.0594142481,0.0561275866,8.87560789
243.40000000,-2.68029642,4.04941966,0.56688009,-0.23631320,-0.84153600,-0.69711780,0.0593623335,0.0565741094,8.72777384
243.60000000,-2.58113252,3.95656979,0.41986539,0.88810742,0.26539974,-0.62516252,0.0508321617,0.0564199558,9.48366340
243.80000000,-2.51664784,4.12568157,0.33431684,-0.47870755,0.96282364,-0.30628373,0.0553163750,0.0559868413,8.85946268
244.00000000,-2.69652404,4.18623996,0.26041709,-0.90078023,-0.45560057,-0.48064862,0.0622817118,0.0566385055,8.09882329
244.20000000,-2.74359908,4.02396732,0.14563090,0.53212661,-0.76156342,-0.62198265,0.0555857653,0.0564273030,8.65638526
244.40000000,-2.58047135,4.01885577,0.02618645,0.60987888,0.74421646,-0.56937651,0.0501298741,0.0566093714,9.17933243
244.60000000,-2.61597710,4.18327142,-0.08738157,-0.85624491,0.44615897,-0.56372584,0.0589060554,0.0562790058,8.32599520
244.80000000,-2.78225880,4.12165563,-0.19006569,-0.42264462,-0.93628598,-0.44129364,0.0614840623,0.0565636166,8.13180882
245.00000000,-2.71352718,3.94738373,-0.26889036,0.96864197,-0.38422954,-0.40509305,0.0524323613,0.0565754115,9.09815166
245.20000000,-2.56500629,4.02480494,-0.37925420,0.08856918,0.85813524,-0.71116763,0.0525310794,0.0565920267,9.19743682
245.40000000,-2.68371635,4.10772914,-0.51966644,-0.91354693,-0.30788759,-0.56624839,0.0611525296,0.0564854487,8.46197346
245.60000000,-2.76498862,3.93352444,-0.58113794,0.36108091,-1.05369305,-0.09670334,0.0574949972,0.0560290691,8.99116144
245.80000000,-2.58738718,3.85698264,-0.62002036,0.90526584,0.45959896,-0.46825479,0.0511450291,0.0568347371,9.97257825
246.00000000,-2.57399362,3.98599558,-0.76666817,-0.74245507,0.28053778,-0.78743826,0.0578792979,0.0563711524,9.34363414
246.20000000,-2.71950026,3.88261963,-0.85065527,-0.22076443,-1.09596323,0.01129814,0.0592596918,0.0560496575,9.36189751
246.40000000,-2.59611473,3.73666314,-0.82696968,1.11242297,0.06409539,-0.09168917,0.0524861937,0.0564889447,10.58490740
246.60000000,-2.50840579,3.85636086,-0.94313068,-0.50254279,0.51541836,-0.85544997,0.0562319810,0.0562932529,10.22347266
246.80000000,-2.66287349,3.79166910,-1.03514376,-0.43546789,-1.02419901,0.10669630,0.0590372683,0.0560742039,9.98951091
247.00000000,-2.56527431,3.64686326,-0.97002416,1.10916686,0.07952627,0.11586390,0.0531299624,0.0562924529,11.21630051
247.20000000,-2.47993872,3.77299322,-1.06887441,-0.57041109,0.49968456,-0.82155129,0.0563954275,0.0561732718,10.77887587
247.40000000,-2.63822327,3.69898681,-1.13208080,-0.34192896,-1.00493028,0.35099816,0.0583148640,0.0560512897,10.56081219
247.60000000,-2.52158821,3.59844099,-1.03809354,1.03265825,0.42091034,0.08032070,0.0530805443,0.0562335246,11.69513560
247.80000000,-2.49380694,3.74098118,-1.14109365,-0.84954190,0.28724498,-0.66765925,0.0573278171,0.0561003910,10.89132653
248.00000000,-2.64382157,3.63518998,-1.14329924,-0.02348152,-0.91086352,0.64790142,0.0573434662,0.0560453940,10.89821910
248.20000000,-2.49905356,3.60853787,-1.04362109,0.76596112,0.80834279,-0.09942577,0.0530994817,0.0561494459,11.72972967
248.40000000,-2.55099500,3.74970065,-1.14228143,-1.05468902,0.00779964,-0.37090461,0.0582911962,0.0561145390,10.61447687
248.60000000,-2.67232428,3.62403694,-1.08095108,0.29548929,-0.70654073,0.81454667,0.0563283386,0.0560816438,10.86267359
248.80000000,-2.52267544,3.66310672,-0.98784262,0.43864929,1.01519639,-0.16420442,0.0532504016,0.0560559548,11.29452041
249.00000000,-2.62904137,3.79745320,-1.05891317,-1.10741097,-0.11337679,-0.10385873,0.0590380585,0.0561712102,10.07810337
249.20000000,-2.73363103,3.67074567,-0.96349566,0.37991633,-0.60761579,0.85817634,0.0559328320,0.0561660382,10.37735518
249.40000000,-2.58989014,3.72569665,-0.85703530,0.36606466,1.05635894,0.01012214,0.0527918691,0.0560269444,10.66809440
249.60000000,-2.69902344,3.88014241,-0.88912151,-1.11663467,0.05582307,0.00328574,0.0594434172,0.0561783429,9.43865680
249.80000000,-2.83077629,3.76774762,-0.79680474,0.13917046,-0.74700938,0.82012717,0.0571834221,0.0563426574,9.53297579
250.00000000,-2.69582513,3.76269985,-0.65679435,0.64869869,0.82931622,0.37606464,0.0513695220,0.0561739393,10.07192019
250.20000000,-2.73606754,3.95374802,-0.63262071,-0.96747644,0.55545838,0.07386007,0.0582876944,0.0560188195,8.98876855
250.40000000,-2.92043334,3.90891897,-0.56539584,-0.44488446,-0.81401613,0.62406374,0.0604596486,0.0566269698,8.60349690
250.60000000,-2.85329284,3.78859697,-0.41936469,0.88089425,0.02001880,0.68820386,0.0516618679,0.0564258125,9.37131893
250.80000000,-2.75661173,3.93341158,-0.32074542,-0.26318398,1.03217715,0.33962408,0.0536804454,0.0560307006,9.02371049
251.00000000,-2.92140832,4.02807403,-0.24850019,-0.98812827,-0.27462706,0.44517692,0.0620016202,0.0565229663,8.11644441
251.20000000,-3.00465741,3.87586264,-0.14006928,0.33564165,-0.87846621,0.60468322,0.0574295667,0.0564625038,8.47849957
251.40000000,-2.84782404,3.82848900,-0.02093169,0.77888126,0.55786871,0.57630415,0.0498740719,0.0567041718,9.20511018
251.60000000,-2.84140935,3.99452030,0.09494158,-0.72248685,0.62250691,0.58352197,0.0571533412,0.0562335601,8.48935307
251.80000000,-3.01368576,3.96942373,0.20260705,-0.59367828,-0.82662295,0.46286132,0.0621554299,0.0566153852,8.07802316
252.00000000,-2.98140220,3.78402475,0.28045903,0.87324154,-0.59553980,0.36439202,0.0539671037,0.0563938124,8.94416473
252.20000000,-2.81194074,3.82575335,0.37926402,0.33443835,0.83080476,0.66926411,0.0513444474,0.0567295950,9.34155024
252.40000000,-2.89898531,3.93521550,0.52380363,-0.90974281,-0.10389706,0.64153988,0.0602765528,0.0564488926,8.56069987
252.60000000,-3.00684032,3.78209971,0.59909163,0.15659459,-1.10038563,0.12095284,0.0587875058,0.0560683536,8.85943549
252.80000000,-2.84501323,3.67171166,0.62549465,1.02723192,0.27764517,0.34308562,0.0513874117,0.0567811103,9.96902658
253.00000000,-2.79040934,3.80223146,0.75989446,-0.58945510,0.45729048,0.83272330,0.0565936070,0.0563881053,9.51463112
253.20000000,-2.94063888,3.73059455,0.86507176,-0.39542028,-1.04172335,0.09195244,0.0598755552,0.0561422888,9.30178516
253.40000000,-2.84720589,3.56359370,0.83880502,1.10876846,-0.13548897,-0.04769947,0.0531455019,0.0563451570,10.50475177
253.60000000,-2.72623091,3.67344827,0.93151480,-0.30186640,0.65479115,0.85447365,0.0551819440,0.0563251723,10.39889431
253.80000000,-2.87509486,3.64008096,1.04558299,-0.58237740,-0.95377102,0.03402061,0.0593907280,0.0561406238,9.95347085
254.00000000,-2.80868933,3.47720695,0.98191505,1.08033252,-0.10879365,-0.26654376,0.0536812056,0.0561833749,11.13028335
254.20000000,-2.69331694,3.59605629,1.05474095,-0.38233716,0.64685265,0.82788885,0.0555452768,0.0561854383,10.94210056
254.40000000,-2.84964145,3.54997046,1.14291835,-0.50602993,-0.97458973,-0.21002040,0.0587329526,0.0561063705,10.49688204
254.60000000,-2.76103013,3.42614205,1.04455895,1.05642835,0.25426898,-0.26326113,0.0533598552,0.0561832149,11.64411250
254.80000000,-2.70096645,3.57161531,1.12609393,-0.71208902,0.45793278,0.73022379,0.0566262061,0.0560832221,11.02758727
255.00000000,-2.86083627,3.48693239,1.15655579,-0.21963941,-0.95057714,-0.54604177,0.0579492527,0.0560885711,10.78364245
255.20000000,-2.73583404,3.43114103,1.04170088,0.87316190,0.69178620,-0.09497447,0.0530221394,0.0561617341,11.73877994
255.40000000,-2.75529969,3.58638966,1.12871604,-0.98997514,0.18262773,0.48641168,0.0577404179,0.0560721464,10.70681078
255.60000000,-2.89831119,3.47332961,1.09471596,0.08952001,-0.80821653,-0.76731493,0.0571315534,0.0561184057,10.70966170
255.80000000,-2.75850148,3.48035477,0.97948762,0.60016710,0.94325183,-0.00868497,0.0528725281,0.0560923126,11.34795383
256.00000000,-2.83486359,3.63491430,1.04600203,-1.09233288,0.05922850,0.23086981,0.0585435461,0.0561071553,10.14020513
256.20000000,-2.96709035,3.51753653,0.97517175,0.17449745,-0.72966781,-0.82893638,0.0569425583,0.0562128795,10.20775618
256.40000000,-2.83046827,3.53706435,0.84777684,0.53642764,0.96690813,-0.16533012,0.0523039370,0.0560871798,10.72083559
256.60000000,-2.90815239,3.70993171,0.87328107,-1.08779881,0.24187476,0.09050048,0.0587243931,0.0560818728,9.51656285
256.80000000,-3.06531748,3.61483370,0.80335251,-0.07711687,-0.81782990,-0.75842418,0.0583669026,0.0564127928,9.37155723
257.00000000,-2.94831856,3.57230215,0.65297311,0.76174397,0.64308006,-0.50615626,0.0512958568,0.0562400603,10.05211261
257.20000000,-2.95175796,3.76476758,0.61418638,-0.84574401,0.72903808,-0.05674971,0.0569858147,0.0559429001,9.12640475
257.40000000,-3.14543751,3.75231961,0.56106314,-0.63330299,-0.74555698,-0.54136135,0.0612055519,0.0566342308,8.51496289
257.60000000,-3.11405715,3.61182328,0.42026352,0.81769120,-0.21887617,-0.73039326,0.0529098301,0.0563996548,9.21855141
257.80000000,-2.99172843,3.72455146,0.30890198,-0.03220640,1.04845998,-0.38690361,0.0522208008,0.0561272463,9.17120415
258.00000000,-3.13364142,3.84966924,0.23559651,-1.03387107,-0.07711032,-0.41852672,0.0612610058,0.0563824627,8.17600830
258.20000000,-3.24923310,3.71511640,0.13324763,0.12529835,-0.94636102,-0.58198036,0.0591482450,0.0565441738,8.31752145
258.40000000,-3.10801071,3.62873960,0.01579594,0.89682686,0.33560716,-0.57712166,0.0502089761,0.0567327229,9.16881050
258.60000000,-3.05972888,3.78643937,-0.10130874,-0.54676880,0.76902322,-0.59970589,0.0552980064,0.0562489992,8.66768195
258.80000000,-3.22953611,3.79895188,-0.21433712,-0.73547288,-0.68308063,-0.49242308,0.0623528816,0.0566137768,8.06664764
259.00000000,-3.23448669,3.61104594,-0.29360362,0.73384658,-0.77362698,-0.33611083,0.0556561875,0.0562581079,8.77683091
259.20000000,-3.05370449,3.61370210,-0.38065950,0.56601153,0.74760991,-0.60885989,0.0506072330,0.0568567892,9.44150764
259.40000000,-3.10356416,3.74337373,-0.52528392,-0.86028328,0.10419512,-0.70643900,0.0590592878,0.0564166834,8.69403597
259.60000000,-3.23203643,3.61703986,-0.61603113,-0.04523782,-1.10405273,-0.17035580,0.0598690858,0.0561648096,8.75532332
259.80000000,-3.09315507,3.47696500,-0.63469760,1.09333041,0.07187677,-0.22240131,0.0520085601,0.0566374091,9.91245790
260.00000000,-2.99962500,3.60096784,-0.75195631,-0.40271509,0.61346733,-0.84349178,0.0552627825,0.0564323453,9.69653626
260.20000000,-3.14698194,3.56354504,-0.87622372,-0.54449054,-0.95290306,-0.21332088,0.0602282408,0.0562278580,9.27726816
260.40000000,-3.08596529,3.38106622,-0.85404070,1.05405219,-0.33685744,0.15969045,0.0539903665,0.0561778775,10.39110127
260.60000000,-2.93751029,3.47449075,-0.92029321,-0.08444025,0.76642609,-0.80960539,0.0542021118,0.0563754926,10.57046422
260.80000000,-3.07395346,3.47387137,-1.05215678,-0.69860165,-0.85252479,-0.18750258,0.0595259070,0.0561912793,9.95150399
261.00000000,-3.03970983,3.29777950,-0.99702677,1.00595109,-0.30084045,0.38413204,0.0543729088,0.0560814667,11.01503333
261.20000000,-2.89986074,3.40323378,-1.04086929,-0.17883893,0.77300789,-0.78770263,0.0547286436,0.0562115815,11.10468268
261.40000000,-3.04785324,3.38741955,-1.15010156,-0.64294309,-0.91329038,0.05024807,0.0589822368,0.0561438245,10.46360576
261.60000000,-2.98942958,3.24359781,-1.05488164,1.03278528,0.06942924,0.42253301,0.0538084970,0.0561219962,11.55561418
261.80000000,-2.90063817,3.38601445,-1.11004084,-0.55022473,0.62170082,-0.74882631,0.0558811709,0.0560777261,11.17570587
262.00000000,-3.06415055,3.32635679,-1.16699503,-0.39835508,-0.95961253,0.41286441,0.0584312058,0.0561324229,10.69369028
262.20000000,-2.96341758,3.24246385,-1.04412090,0.93558202,0.54120175,0.28598416,0.0531436000,0.0561498015,11.70375013
262.40000000,-2.95106099,3.40655066,-1.11274762,-0.89258426,0.36332943,-0.56682012,0.0570799121,0.0560352591,10.82212445
262.60000000,-3.11012763,3.31118243,-1.10673542,-0.11206055,-0.88027387,0.68011788,0.0578561382,0.0561615158,10.57332225
262.80000000,-2.98647462,3.28531739,-0.97539920,0.72550838,0.82842050,0.19327975,0.0527049098,0.0561245775,11.35747343
263.00000000,-3.03120157,3.45529360,-1.03015019,-1.04045191,0.24251587,-0.32961472,0.0578872749,0.0560421437,10.23114422
263.20000000,-3.18588491,3.35303025,-0.98536822,-0.03317968,-0.81901576,0.76033696,0.0578822324,0.0562671035,10.05249495
263.40000000,-3.06353806,3.33640190,-0.84274892,0.67091871,0.83141093,0.32958146,0.0520854551,0.0561365604,10.72594119
263.60000000,-3.10778589,3.52147934,-0.85519449,-1.01985864,0.43116569,-0.15486928,0.0578197859,0.0559979878,9.62338891
263.80000000,-3.28438078,3.44922786,-0.80740569,-0.28734919,-0.84790889,0.66968721,0.0593643196,0.0564705451,9.23484444
264.00000000,-3.19186439,3.37220819,-0.65277182,0.82386751,0.42528087,0.62480277,0.0516348310,0.0562719215,9.97828609
264.20000000,-3.15966422,3.55712863,-0.59585793,-0.68751885,0.87893775,0.06918272,0.0555949184,0.0559100884,9.27849302
264.40000000,-3.35495850,3.57925664,-0.55375543,-0.79566440,-0.63972063,0.45571446,0.0615523491,0.0565822691,8.46581811
264.60000000,-3.36115866,3.42661160,-0.42173863,0.70552742,-0.43718939,0.74906374,0.0544548867,0.0563962839,9.04122590
264.80000000,-3.22134922,3.50130119,-0.29912346,0.20033008,1.00635708,0.44397441,0.0510743550,0.0562554372,9.28484381
265.00000000,-3.33339606,3.65134460,-0.22217354,-1.03507237,0.12921286,0.40240430,0.0601123650,0.0562445902,8.27447401
265.20000000,-3.47619867,3.54109286,-0.12508395,-0.08803452,-0.96545807,0.55690271,0.0606031638,0.0566400227,8.18427475
265.40000000,-3.35858541,3.42109791,-0.01039666,0.95615255,0.09360628,0.57184802,0.0510988253,0.0566704933,9.07530828
265.60000000,-3.27112524,3.56070442,0.10665049,-0.33561825,0.87496661,0.60974898,0.0535018691,0.0563289417,8.84635254
265.80000000,-3.42978061,3.61019954,0.22486841,-0.84258261,-0.51127640,0.52787402,0.0620603863,0.0565643503,8.09836963
266.00000000,-3.47089290,3.42816902,0.30787984,0.56190842,-0.91113424,0.32263497,0.0573566706,0.0562170506,8.61250497
266.20000000,-3.28878148,3.39079142,0.38409062,0.76737026,0.61215464,0.53517248,0.0503846990,0.0569166864,9.48617802
266.40000000,-3.29777851,3.53293938,0.52448932,-0.76517536,0.30799912,0.75474711,0.0575906962,0.0564048777,8.85524174
266.60000000,-3.44001187,3.43813373,0.63116161,-0.23557193,-1.06602752,0.24102115,0.0606680548,0.0562662943,8.68522407
266.80000000,-3.32952940,3.27387558,0.64738495,1.10244414,-0.14479900,0.11683387,0.0529345271,0.0564445208,9.81166323
267.00000000,-3.20146234,3.38343943,0.74392628,-0.19005140,0.73951687,0.81669778,0.0540024935,0.0565032034,9.87685816
267.20000000,-3.33846150,3.38152085,0.88367943,-0.66327842,-0.83140608,0.34471099,0.0602907143,0.0562864839,9.29004099
267.40000000,-3.31056588,3.18978260,0.87182627,0.95566232,-0.52994405,-0.23636587,0.0549529771,0.0560344742,10.25667415
267.60000000,-3.14157939,3.26076324,0.91061410,0.13945388,0.84198229,0.72223157,0.0533737676,0.0564329999,10.72571347
267.80000000,-3.25941572,3.29315563,1.05465584,-0.78148468,-0.72164499,0.34425309,0.0594305995,0.0562217284,9.98423110
268.00000000,-3.25676393,3.10936240,1.01444757,0.89401083,-0.48792092,-0.46117004,0.0551555839,0.0559923427,10.88186284
268.20000000,-3.09887683,3.19557595,1.02836891,0.03101851,0.86969606,0.70190214,0.0540061349,0.0562488418,11.25567597
268.40000000,-3.23273241,3.21144636,1.15330211,-0.74978600,-0.82079650,0.11880261,0.0590466326,0.0561745603,10.46259506
268.60000000,-3.20516620,3.05185531,1.06838574,0.96672495,-0.12551608,-0.54743820,0.0543938211,0.0560601685,11.43807711
268.80000000,-3.09232671,3.18489577,1.09397924,-0.37069192,0.77030616,0.72056638,0.0551405431,0.0560861506,11.32693486
269.00000000,-3.25347378,3.15359066,1.17399520,-0.55471704,-0.93610494,-0.25689793,0.0587609887,0.0561637162,10.63219589
269.20000000,-3.18012407,3.04384098,1.05064499,0.95249169,0.36237343,-0.45983156,0.0534582787,0.0561260635,11.62745416
269.40000000,-3.13797916,3.21062428,1.09526933,-0.76678253,0.54296801,0.60599528,0.0563480254,0.0560097304,10.95421370
269.60000000,-3.30724707,3.13772986,1.11613437,-0.30193225,-0.91948048,-0.55981476,0.0584546010,0.0562058480,10.46011771
269.80000000,-3.20495778,3.07954075,0.97569413,0.80904117,0.67409297,-0.37556764,0.0527698318,0.0561366802,11.32062422
270.00000000,-3.21787682,3.25892978,1.01216431,-0.95431086,0.42988262,0.39305435,0.0571081263,0.0559887127,10.34586280
270.20000000,-3.38932781,3.17724220,0.99313957,-0.23465630,-0.87233260,-0.65876571,0.0586830512,0.0563154529,9.91953833
270.40000000,-3.28738139,3.12541692,0.84199764,0.76229624,0.65530625,-0.48936506,0.0521712390,0.0561715489,10.68071302
270.60000000,-3.29783451,3.31532084,0.83578384,-0.91507495,0.61527527,0.18459189,0.0567847440,0.0559367737,9.75244218
270.80000000,-3.48738826,3.27067659,0.80830665,-0.48400292,-0.83686583,-0.56160195,0.0601040718,0.0564958648,9.12929169
271.00000000,-3.42436724,3.16383835,0.65562610,0.83269548,0.18906609,-0.72171480,0.0523716314,0.0562847168,9.85706769
271.20000000,-3.35970493,3.33216592,0.57857495,-0.49874311,0.99444702,-0.11104250,0.0542119369,0.0559256378,9.43222095
271.40000000,-3.54879491,3.38950337,0.54357104,-0.92715841,-0.50083823,-0.37354833,0.0614826096,0.0564843683,8.45774178
271.60000000,-3.59260297,3.23302693,0.42294961,0.55413528,-0.62377108,-0.74420677,0.0561477251,0.0564320589,8.85598551
271.80000000,-3.44447752,3.26603173,0.29155117,0.41873212,0.90505629,-0.50550620,0.0503611695,0.0563888781,9.34974462
272.00000000,-3.52096983,3.43369275,0.20872501,-0.98958757,0.33551888,-0.39767264,0.0586368311,0.0561328693,8.40639928
272.20000000,-3.68473567,3.35325865,0.11563935,-0.29493242,-0.93785549,-0.53239265,0.0616849827,0.0566986713,8.08638518
272.40000000,-3.59701572,3.20662337,0.00438407,0.95508174,-0.15091575,-0.56128719,0.0524489074,0.0565525997,8.93675534
272.60000000,-3.47561455,3.31933463,-0.11126101,-0.09922323,0.93058197,-0.61169596,0.0519328745,0.0564619552,9.00827168
272.80000000,-3.61457197,3.40332649,-0.23390257,-0.91022246,-0.31732378,-0.56639269,0.0612948525,0.0564844928,8.17198193
273.00000000,-3.68911522,3.23504867,-0.32274348,0.36907417,-1.00404974,-0.32506672,0.0589357376,0.0562592487,8.46493274
273.20000000,-3.51529232,3.15904966,-0.39001127,0.92482602,0.43305227,-0.45515115,0.0506836367,0.0568833119,9.47125014
273.40000000,-3.48196634,3.30490590,-0.52201669,-0.62632580,0.49779890,-0.78096878,0.0559891911,0.0564283749,9.03477848
273.60000000,-3.63045103,3.24526401,-0.64382117,-0.40703829,-0.98835387,-0.32783604,0.0611295916,0.0563586763,8.65314455
273.80000000,-3.55197338,3.06332836,-0.66300401,1.05810225,-0.35942632,-0.03510474,0.0540749234,0.0562338512,9.67974188
274.00000000,-3.39555156,3.15115500,-0.73693054,0.03844740,0.82608222,-0.75240279,0.0529263568,0.0565900217,10.04153123
274.20000000,-3.51512621,3.18463632,-0.88724762,-0.74834916,-0.67973805,-0.47741985,0.0600529308,0.0563219107,9.34019667
274.40000000,-3.51946550,2.99030303,-0.89113827,0.82294521,-0.70579198,0.27316451,0.0559655904,0.0559415021,10.11468865
274.60000000,-3.33757166,3.03377693,-0.90353833,0.35864317,0.87427913,-0.59750403,0.0527641493,0.0564866810,10.85231876
274.80000000,-3.43150228,3.09808922,-1.05311694,-0.82962045,-0.56318255,-0.49452534,0.0591064939,0.0562329015,10.05088732
275.00000000,-3.45854810,2.91262543,-1.03312710,0.75381127,-0.66184848,0.49368528,0.0559783709,0.0559382547,10.74239592
275.20000000,-3.28951695,2.97436972,-1.01828183,0.23760769,0.92893737,-0.57499387,0.0534312120,0.0562863535,11.38390246
275.40000000,-3.40420726,3.02217180,-1.15242021,-0.82505474,-0.69769109,-0.28724869,0.0589205197,0.0561806430,10.49417222
275.60000000,-3.40682720,2.85186323,-1.08418457,0.86545110,-0.32188104,0.63038638,0.0550757413,0.0560062833,11.30174065
275.80000000,-3.27542324,2.96920640,-1.07898614,-0.18103232,0.89471355,-0.64553462,0.0544532373,0.0561074158,11.47125243
276.00000000,-3.42861299,2.96873857,-1.17714003,-0.68545834,-0.87891203,0.08752427,0.0589195630,0.0561816551,10.60156634
276.20000000,-3.38437246,2.83655293,-1.06073667,0.92631802,0.16315867,0.60441225,0.0539463296,0.0560863342,11.51639182
276.40000000,-3.31568059,2.99925215,-1.07729498,-0.61770390,0.71309453,-0.59994840,0.0555876407,0.0560006842,11.09512844
276.60000000,-3.48929818,2.95306001,-1.12221814,-0.47453639,-0.92347118,0.41474833,0.0588898074,0.0562345005,10.37479688
276.80000000,-3.41230527,2.86455963,-0.98014585,0.84829989,0.48676855,0.54170441,0.0530722971,0.0561327297,11.23958370
277.00000000,-3.39466964,3.04636308,-0.99300905,-0.83733499,0.61310565,-0.41589852,0.0562511034,0.0559532372,10.47735970
277.20000000,-3.57692063,2.99014098,-0.99772941,-0.42319598,-0.88748885,0.53222992,0.0592905033,0.0563463862,9.81484117
277.40000000,-3.50022647,2.90574262,-0.84520461,0.80677490,0.44746357,0.63157787,0.0525703131,0.0561837637,10.58797428
277.60000000,-3.47818375,3.09226236,-0.81608781,-0.77692538,0.78438448,-0.17643109,0.0556820913,0.0559061646,9.89464451
277.80000000,-3.67393300,3.07895010,-0.80564119,-0.66115437,-0.78551678,0.44253621,0.0605384898,0.0564805605,9.05920307
278.00000000,-3.64378871,2.94832646,-0.66070077,0.79026382,-0.05135423,0.78920583,0.0534463600,0.0562833605,9.70013548
278.20000000,-3.55168905,3.09156971,-0.56321484,-0.28790514,1.06526751,0.17976582,0.0529416440,0.0559871772,9.57258926
278.40000000,-3.72687857,3.18299186,-0.53081458,-1.02370239,-0.33404615,0.30074339,0.0610070824,0.0563539466,8.49061630
278.60000000,-3.80671499,3.03092173,-0.42312630,0.37433421,-0.77083581,0.71811284,0.0578316655,0.0565087152,8.67804244
278.80000000,-3.65973765,3.02113567,-0.28610719,0.60734021,0.74922080,0.56551398,0.0501669256,0.0564834365,9.35628000
279.00000000,-3.69677112,3.19761344,-0.19573167,-0.89655247,0.53170979,0.40432456,0.0569418556,0.0560686735,8.56346067
279.20000000,-3.87429655,3.15121929,-0.10510174,-0.48729426,-0.86683790,0.51101503,0.0623173640,0.0567048556,8.02870963
279.40000000,-3.82085127,2.98595156,0.00251829,0.89716989,-0.38203941,0.54692968,0.0541212515,0.0564431359,8.76976099
279.60000000,-3.67293042,3.06464450,0.11553249,0.14860985,0.92869465,0.60451746,0.0507463741,0.0566140973,9.13577472
279.80000000,-3.78423463,3.17870065,0.24126341,-0.93424374,-0.10814912,0.60455967,0.0601072495,0.0563981638,8.28423252
280.00000000,-3.88801743,3.03134930,0.33759729,0.16624971,-1.05095835,0.34328936,0.0602774997,0.0563557394,8.34464829
280.20000000,-3.73109659,2.92026793,0.39862571,1.02885087,0.22295272,0.37650758,0.0514556706,0.0567496903,9.40024943
280.40000000,-3.65642162,3.06056196,0.51864599,-0.44810685,0.66277236,0.78098211,0.0543942101,0.0564979637,9.22019994
280.60000000,-3.80324790,3.03840737,0.65352021,-0.55353119,-0.87361940,0.42472621,0.0612185753,0.0564114223,8.66106703
280.80000000,-3.75855551,2.84597483,0.68076250,0.96736590,-0.56028864,-0.01672853,0.0553340913,0.0560663814,9.53167857
281.00000000,-3.58128937,2.90588645,0.73204818,0.27081166,0.86522393,0.65425423,0.0521309699,0.0566776939,10.17634679
281.20000000,-3.67710961,2.97308170,0.88699086,-0.79734632,-0.50129782,0.60244446,0.0595243883,0.0563309391,9.42626162
281.40000000,-3.71143189,2.78306449,0.91087236,0.66592616,-0.85689332,-0.26884231,0.0569634967,0.0559082961,9.97738418
281.60000000,-3.52442360,2.79524657,0.89994159,0.56190902,0.85844483,0.44421923,0.0524179765,0.0565187894,10.93972756
281.80000000,-3.59026010,2.88888957,1.04782381,-0.84266428,-0.38038236,0.62867016,0.0585704055,0.0562300248,10.14928135
282.00000000,-3.64403663,2.70812740,1.05196169,0.59486250,-0.81528646,-0.48108896,0.0567913370,0.0559270310,10.60741444
282.20000000,-3.47078809,2.74112436,1.01149644,0.43136238,0.94426815,0.41507128,0.0530445220,0.0563172939,11.47919726
282.40000000,-3.56223154,2.81974470,1.14758855,-0.86837537,-0.54565766,0.44517629,0.0586095748,0.0561707728,10.55740154
282.60000000,-3.59323863,2.64445180,1.10125732,0.73734005,-0.51098932,-0.66724776,0.0558096465,0.0559780748,11.15735805
282.80000000,-3.44920586,2.74014053,1.06609738,0.01069525,0.98586832,0.52720894,0.0538656516,0.0561368174,11.59802767
283.00000000,-3.58943678,2.77189583,1.17623386,-0.78871239,-0.78780491,0.08541775,0.0588980704,0.0561797744,10.60291080
283.20000000,-3.57474164,2.62177724,1.07360977,0.86206937,-0.04722061,-0.71035668,0.0545746346,0.0560553549,11.37972381
283.40000000,-3.48371248,2.77331459,1.05990265,-0.45129396,0.86411412,0.54739432,0.0548444635,0.0560086879,11.23531915
283.60000000,-3.65602261,2.75722823,1.12450236,-0.62594465,-0.89082602,-0.25420914,0.0591365723,0.0562411080,10.32053542
283.80000000,-3.60693629,2.64182371,0.98820500,0.84406050,0.27546584,-0.67947070,0.0535968897,0.0561178242,11.12079004
284.00000000,-3.56131152,2.81837946,0.97375625,-0.69390545,0.78252819,0.39515169,0.0553659419,0.0559405294,10.61662312
284.20000000,-3.74830912,2.79166998,0.99860574,-0.59369240,-0.86350373,-0.38973149,0.0596669152,0.0563480988,9.74249714
284.40000000,-3.70033357,2.67885257,0.85171814,0.80427250,0.21923162,-0.74503909,0.0532604691,0.0561803917,10.45553880
284.60000000,-3.64867639,2.85341999,0.79719720,-0.61039608,0.92768806,0.12965912,0.0545811208,0.0559100487,10.03857350
284.80000000,-3.84374241,2.87386938,0.79925060,-0.81416196,-0.69575575,-0.32103618,0.0606442568,0.0564183855,9.02700604
285.00000000,-3.84824707,2.72649860,0.66698473,0.70219229,-0.28231901,-0.82293497,0.0547609857,0.0563029855,9.52198118
285.20000000,-3.73525545,2.83736289,0.55051203,-0.06608138,1.08288265,-0.27018219,0.0518917722,0.0560782649,9.68384678
285.40000000,-3.88927046,2.95983659,0.51597000,-1.08169746,-0.14545591,-0.24243180,0.0601619335,0.0562148015,8.56248834
285.60000000,-4.00214485,2.82002499,0.42163712,0.17677886,-0.87375173,-0.67476451,0.0593607375,0.0565973098,8.51993037
285.80000000,-3.86540196,2.76886050,0.28249628,0.75274275,0.54891872,-0.61811535,0.0505264979,0.0565306548,9.30235738
286.00000000,-3.86128521,2.94435070,0.18362249,-0.75713299,0.70647682,-0.42147375,0.0551576406,0.0560663280,8.73407437
286.20000000,-4.04457613,2.93473749,0.09375938,-0.65802952,-0.75644595,-0.49475919,0.0624581304,0.0566449813,8.01380235
286.40000000,-4.02786209,2.75936226,-0.01048253,0.78992648,-0.58678209,-0.53075694,0.0559548786,0.0563875552,8.59215343
286.60000000,-3.86242730,2.79914513,-0.11991127,0.39139248,0.86641072,-0.58834037,0.0500638845,0.0567520774,9.21351826
286.80000000,-3.93925124,2.93691865,-0.24692356,-0.91134694,0.10813077,-0.63855657,0.0585828863,0.0563362922,8.42945977
287.00000000,-4.06680121,2.81679479,-0.35183723,-0.03682091,-1.05224200,-0.37607311,0.0612872503,0.0564584443,8.25906619
287.20000000,-3.93393847,2.67591522,-0.40987023,1.07515248,-0.00326728,-0.30665366,0.0526098429,0.0565421414,9.28365740
287.40000000,-3.82132389,2.80151866,-0.51528393,-0.23784657,0.79169139,-0.75276407,0.0529533359,0.0566034819,9.39659462
287.60000000,-3.95847286,2.81763534,-0.65997273,-0.66996632,-0.72501104,-0.52488486,0.0609226690,0.0564305621,8.70918677
287.80000000,-3.94764679,2.62227044,-0.69971364,0.83939501,-0.73766798,0.03552414,0.0566185255,0.0559737347,9.38214344
288.00000000,-3.75781566,2.64962312,-0.73020310,0.49404794,0.85178525,-0.52950781,0.0516822073,0.0567290904,10.26896239
288.20000000,-3.82460364,2.74714585,-0.88322936,-0.80887267,-0.30073166,-0.71083434,0.0587358626,0.0563243742,9.54508661
288.40000000,-3.88553670,2.56840198,-0.92992941,0.49428153,-0.97724636,0.22511178,0.0578865554,0.0559340784,9.85512744
288.60000000,-3.70090265,2.54702982,-0.90042760,0.73903200,0.79289275,-0.27414007,0.0523529250,0.0565079102,10.98083870
288.80000000,-3.73574064,2.66586786,-1.03929851,-0.82118740,-0.17800492,-0.73754017,0.0578546240,0.0562212339,10.27566227
289.00000000,-3.81246693,2.49632235,-1.06987284,0.42602319,-0.94191953,0.42578379,0.0575471344,0.0559534655,10.48614521
289.20000000,-3.64157799,2.49753180,-1.00866786,0.60353580,0.91175663,-0.23333320,0.0528700376,0.0563217538,11.53380544
289.40000000,-3.70676271,2.60436956,-1.13916823,-0.88026584,-0.36777090,-0.58298938,0.0581309906,0.0561544648,10.65003564
289.60000000,-3.76347210,2.43032361,-1.11852871,0.59094843,-0.68465052,0.65729264,0.0565493359,0.0559776363,11.01513343
289.80000000,-3.61284827,2.49913607,-1.05622853,0.19632098,1.03568873,-0.37256800,0.0534179273,0.0561685095,11.69703372
290.00000000,-3.73584666,2.56316920,-1.17130823,-0.86372294,-0.66369276,-0.25198135,0.0586981957,0.0561604107,10.63610925
290.20000000,-3.75001196,2.40055355,-1.08829884,0.76646784,-0.25895728,0.77166584,0.0552994307,0.0560351524,11.22798623
290.40000000,-3.64154106,2.53395650,-1.04416571,-0.27421140,0.98595055,-0.45023284,0.0541650316,0.0560309504,11.36409972
290.60000000,-3.80723837,2.55027582,-1.12273116,-0.75359854,-0.82118685,0.08798517,0.0591823585,0.0562245998,10.29908809
290.80000000,-3.78740064,2.41263742,-0.99905279,0.79992246,0.05081664,0.77944962,0.0543074223,0.0561027122,10.97385833
291.00000000,-3.71747748,2.57604696,-0.95551999,-0.52945394,0.92754556,-0.33066259,0.0545059541,0.0559527367,10.75283468
291.20000000,-3.90324504,2.58177130,-0.99548135,-0.74240506,-0.80054592,0.24075082,0.0597922681,0.0563155071,9.70493952
291.40000000,-3.88607556,2.44600026,-0.86062169,0.75802547,-0.01683040,0.82165329,0.0541882276,0.0561839332,10.29477342
291.60000000,-3.80908782,2.60024352,-0.78017624,-0.42223718,1.03419109,-0.04652473,0.0535563730,0.0559465002,10.17097257
291.80000000,-3.99665383,2.65533333,-0.78923025,-0.93929044,-0.57054957,0.20544256,0.0604210833,0.0563267226,9.03344622
292.00000000,-4.03608671,2.49889168,-0.67339905,0.57640683,-0.49193397,0.82204388,0.0561935510,0.0563527328,9.33759608
292.20000000,-3.90981384,2.57183423,-0.54097879,0.15359621,1.04212075,0.37468994,0.0511646202,0.0561859678,9.75173979
292.40000000,-4.03616351,2.72036441,-0.49966691,-1.09797540,0.05759742,0.20281160,0.0590058360,0.0560877053,8.66932287
292.60000000,-4.17784727,2.60002041,-0.41803328,-0.02876965,-0.93048506,0.61916868,0.0606123242,0.0566705921,8.39112334
292.80000000,-4.05947970,2.51115983,-0.28023732,0.84569352,0.31836542,0.65836611,0.0514141222,0.0565118372,9.19395971
293.00000000,-4.01501274,2.67552376,-0.17273829,-0.57541795,0.84779128,0.44737469,0.0534311760,0.0561266358,8.90344850
293.20000000,-4.19549550,2.70374186,-0.08196802,-0.80071030,-0.61132137,0.48492184,0.0620991683,0.0565393022,8.04222995
293.40000000,-4.21612827,2.52688063,0.01955866,0.64311859,-0.75577298,0.51498125,0.0577853440,0.0564097313,8.42037292
293.60000000,-4.04302628,2.52539940,0.12484456,0.61182596,0.74634487,0.56448058,0.0499543001,0.0568218527,9.23167938
293.80000000,-4.08023830,2.67883984,0.25102130,-0.83956075,0.32189695,0.66446979,0.0568397773,0.0563182712,8.59913014
294.00000000,-4.22496925,2.59119470,0.36489652,-0.23159453,-1.00943861,0.42118600,0.0618943752,0.0565278091,8.21289735
294.20000000,-4.12160439,2.42710911,0.42342961,1.06462796,-0.23056091,0.25181139,0.0540292350,0.0563318944,9.13652891
294.40000000,-3.97665984,2.52971146,0.51288364,-0.00600997,0.87414441,0.69701895,0.0518045125,0.0567285935,9.54785230
294.60000000,-4.09634614,2.58312215,0.66311992,-0.75208365,-0.54655012,0.62100978,0.0602552379,0.0564238313,8.79596098
294.80000000,-4.11795019,2.39252071,0.71884356,0.68409406,-0.88406899,-0.02091261,0.0578410102,0.0559667644,9.24398383
295.00000000,-3.92401944,2.38449115,0.73206407,0.69541085,0.78454245,0.38845450,0.0516069243,0.0567310223,10.31105699
295.20000000,-3.95783620,2.50725064,0.87653309,-0.78246007,-0.08428156,0.79413654,0.0577398460,0.0563238465,9.69163115
295.40000000,-4.04112755,2.34656876,0.94728920,0.31666326,-1.06224815,-0.14612752,0.0586802262,0.0559974071,9.75605979
295.60000000,-3.86565841,2.29104529,0.90526683,0.88183926,0.67985181,0.10080195,0.0525601571,0.0564441652,10.97326497
295.80000000,-3.86798364,2.42946932,1.02828142,-0.76658915,0.03742088,0.81298262,0.0570061647,0.0562209546,10.42454026
296.00000000,-3.96330784,2.27756947,1.08587377,0.25494645,-1.03651309,-0.33263029,0.0582023585,0.0560062800,10.38595560
296.20000000,-3.80069588,2.24540389,1.01015596,0.74697689,0.83076241,0.04312018,0.0529138266,0.0563036888,11.54360262
296.40000000,-3.83774758,2.37634189,1.12773598,-0.86193062,-0.16875678,0.69180687,0.0575130345,0.0561344296,10.76839343
296.60000000,-3.91683021,2.21005377,1.13494342,0.43421693,-0.83549194,-0.60283403,0.0572497098,0.0560031051,10.88401331
296.80000000,-3.76543815,2.24784660,1.05009768,0.36808683,1.03813478,0.19180268,0.0531406771,0.0561910327,11.75969488
297.00000000,-3.86775661,2.34270448,1.16262075,-0.91054780,-0.50886181,0.40244549,0.0583319524,0.0561289703,10.69980236
297.20000000,-3.90918398,2.17376418,1.10373923,0.64698928,-0.46237051,-0.78588700,0.0560702612,0.0560376672,11.07185986
297.40000000,-3.78855380,2.28259443,1.03107460,-0.09363975,1.06899237,0.31382625,0.0535943429,0.0560631099,11.47049534
297.60000000,-3.94281182,2.33225421,1.11688550,-0.85598482,-0.71540989,0.07401804,0.0590271796,0.0561882437,10.31089075
297.80000000,-3.95242702,2.17811984,1.01167837,0.72151728,-0.17594187,-0.83573756,0.0551500704,0.0561036736,10.81012290
298.00000000,-3.86277759,2.32073615,0.93937828,-0.35050837,1.03743045,0.22557026,0.0537267044,0.0559835578,10.87399009
298.20000000,-4.04155792,2.36041291,0.98832182,-0.86661193,-0.69999342,-0.09483123,0.0596636919,0.0562606340,9.70309707
298.40000000,-4.05599987,2.20818952,0.87082741,0.67371860,-0.24822331,-0.85702301,0.0552749124,0.0562036886,10.11874139
298.60000000,-3.95909531,2.33451363,0.76597320,-0.22103179,1.09388847,-0.06747570,0.0526854269,0.0560107846,10.27789715
298.80000000,-4.13260288,2.42334837,0.77591753,-1.03336599,-0.41403504,-0.10358435,0.0598892791,0.0562142992,9.07763664
299.00000000,-4.20591157,2.26579970,0.67890079,0.42182047,-0.67073564,-0.78878462,0.0576151275,0.0564277093,9.16068139
299.20000000,-4.07450437,2.29742650,0.53484048,0.35713465,0.94250192,-0.48388528,0.0508446454,0.0562784604,9.76614029
299.40000000,-4.16788549,2.46515162,0.48264022,-1.06998950,0.26630607,-0.18494201,0.0576172266,0.0559923875,8.80460985
299.60000000,-4.33305016,2.37060695,0.41206966,-0.23368901,-0.94096171,-0.55675893,0.0614941972,0.0566896149,8.29820921
299.80000000,-4.23984995,2.24959556,0.27872143,0.88211136,0.07382574,-0.68295629,0.0527445003,0.0564601801,9.04370206
300.00000000,-4.15837848,2.39313677,0.16330000,-0.35920504,0.94395816,-0.47949423,0.0519166112,0.0562435024,9.05445863
