t,x,y,z,vx,vy,vz,mu,mu_avg,Bmag
0.00000000,5.00000000,0.00000000,0.00000000,0.00000000,1.00000000,0.50000000,0.0625000000,0.0625000000,8.00000000
0.20000000,4.87010144,0.12418828,0.09783349,-1.00943197,-0.05524591,0.47748821,0.0555651121,0.0599425621,8.64892836
0.40000000,4.76393928,-0.01268625,0.20171440,0.23526528,-0.91296747,0.60094978,0.0502526463,0.0558371901,9.24895284
0.60000000,4.90603560,-0.06652617,0.33507990,0.73437632,0.52117612,0.66262121,0.0589671806,0.0552978907,8.46564852
0.80000000,4.91887322,0.10977859,0.43622718,-0.68745310,0.82332177,0.31551462,0.0607812842,0.0563611826,8.39460499
1.00000000,4.72375354,0.12545416,0.48226907,-0.79768521,-0.73197949,0.27911345,0.0522327212,0.0565928959,9.47419644
1.20000000,4.72667938,-0.03917614,0.59183963,0.70339521,-0.36095613,0.79053515,0.0537937852,0.0565383588,9.46199150
1.40000000,4.83114055,0.05495790,0.73277352,-0.05608029,1.02698446,0.43835817,0.0608762369,0.0563841865,8.85373621
1.60000000,4.68275410,0.18470234,0.75205301,-1.10617266,-0.12872528,-0.09905455,0.0555986818,0.0560084732,9.69812555
1.80000000,4.57931514,0.02751601,0.79083094,0.32240645,-0.86120504,0.63590872,0.0523149734,0.0566193904,10.38774820
2.00000000,4.69370735,0.03687131,0.94511448,0.27850880,0.91500810,0.57895851,0.0593677254,0.0563083376,9.62779789
2.20000000,4.59579570,0.20246836,0.95638090,-1.05019158,0.16893425,-0.34432364,0.0566526927,0.0559115201,10.22185196
2.40000000,4.47381456,0.06356073,0.94213453,0.21731226,-0.98467126,0.48290557,0.0527136307,0.0564455049,11.10722393
2.60000000,4.58765747,0.05513095,1.08831797,0.32693073,0.92423270,0.53750358,0.0587400887,0.0561999344,10.27224706
2.80000000,4.49883374,0.21838513,1.06877673,-0.96909876,0.06291846,-0.55397537,0.0562112879,0.0559423338,10.85663463
3.00000000,4.41472329,0.06353804,1.03759629,0.44601825,-0.88718682,0.51377729,0.0534358199,0.0562433096,11.52933268
3.20000000,4.53709178,0.09879310,1.16693250,0.18428204,1.06739295,0.27696971,0.0588183432,0.0561777176,10.58528015
3.40000000,4.43219543,0.22892801,1.09284584,-0.82440258,-0.33100656,-0.67881871,0.0551179626,0.0560116536,11.33524610
3.60000000,4.42011991,0.05402407,1.07742174,0.76815595,-0.54767700,0.59998842,0.0544379266,0.0560715564,11.47545491
3.80000000,4.54002370,0.15607984,1.16905521,-0.04807935,1.11179862,-0.10766590,0.0589648510,0.0561924264,10.55324856
4.00000000,4.42429402,0.22778711,1.04758542,-0.56079972,-0.71489107,-0.65148612,0.0539553523,0.0560926481,11.41079235
4.20000000,4.48510632,0.05976886,1.05035428,0.96719573,-0.16201597,0.53691988,0.0554238016,0.0559818547,10.99662889
4.40000000,4.59515261,0.20445098,1.09242112,-0.19444018,1.02985123,-0.38935736,0.0591370833,0.0562635029,10.19362907
4.60000000,4.48176362,0.23593980,0.94779147,-0.36857323,-0.84531199,-0.63214010,0.0531428729,0.0561432615,11.00516707
4.80000000,4.57947676,0.07905287,0.93678116,1.06399729,-0.05060683,0.33962977,0.0557133929,0.0559319338,10.35999001
5.00000000,4.70177260,0.22745507,0.94598802,-0.13050761,1.01704396,-0.44563328,0.0598340858,0.0564013609,9.54599449
5.20000000,4.59043669,0.27765735,0.79636860,-0.47389396,-0.68657847,-0.74433472,0.0530352951,0.0561962295,10.25638796
5.40000000,4.66195009,0.11080065,0.73352893,1.06249454,-0.34417778,0.05144573,0.0544158684,0.0559054768,9.84447705
5.60000000,4.83102946,0.21291212,0.72484241,0.23719049,1.04215515,-0.32810512,0.0609128939,0.0564372075,8.83090386
5.80000000,4.74551149,0.34009103,0.59686723,-0.76333233,-0.12217717,-0.80771043,0.0552527114,0.0563482272,9.27912622
6.00000000,4.70581198,0.19189023,0.47152558,0.61075563,-0.86205605,-0.36583680,0.0512752289,0.0561743845,9.56945747
6.20000000,4.89868046,0.16943675,0.42099990,0.83749126,0.68675928,-0.27743419,0.0596940306,0.0561710731,8.49013472
6.40000000,4.92101927,0.35069515,0.33059122,-0.61380017,0.70036007,-0.61866369,0.0603714193,0.0566626226,8.32738879
6.60000000,4.76806813,0.33735820,0.19827203,-0.45878038,-0.80148974,-0.63018600,0.0510356475,0.0565816317,9.15621065
6.80000000,4.83598841,0.18233165,0.08832543,0.96106747,-0.28075040,-0.49752201,0.0537730755,0.0561709565,8.82304960
7.00000000,4.98788164,0.27548070,-0.01151425,0.20254051,0.97768112,-0.50310694,0.0622481333,0.0565894820,8.02171964
7.20000000,4.88593896,0.42443227,-0.10848261,-1.00407835,0.16830379,-0.46206075,0.0573840855,0.0563462681,8.47731281
7.40000000,4.74755092,0.31389899,-0.20614463,-0.00844535,-0.96644350,-0.56206340,0.0500244376,0.0568781390,9.28420896
7.60000000,4.86992155,0.22226538,-0.33775209,0.81731076,0.31236977,-0.69600852,0.0573144809,0.0563592996,8.63075887
7.80000000,4.91636260,0.38537253,-0.45007324,-0.51532517,0.92110325,-0.36879314,0.0615079479,0.0564542738,8.33661821
8.00000000,4.72729181,0.43810268,-0.49574068,-0.94470634,-0.56062165,-0.20792525,0.0534844152,0.0563728212,9.34204957
8.20000000,4.69183220,0.26670993,-0.58745959,0.59868628,-0.58419039,-0.74181933,0.0525448580,0.0566407200,9.62871948
8.40000000,4.80934525,0.32286328,-0.73716997,0.12067130,0.96660453,-0.54873830,0.0604825857,0.0564000425,8.91562638
8.60000000,4.68587198,0.47412231,-0.77151498,-1.10895476,0.08943976,0.11054158,0.0567881454,0.0559421059,9.55284331
8.80000000,4.55397206,0.33517355,-0.78854069,0.14680260,-0.98898915,-0.50034890,0.0519158037,0.0566633726,10.47746562
9.00000000,4.66564458,0.30297278,-0.94064994,0.41326645,0.77192808,-0.69522474,0.0586583733,0.0562927713,9.74192409
9.20000000,4.59401460,0.47845380,-0.97550771,-1.00654731,0.37726792,0.30745890,0.0575381016,0.0559155283,10.09580036
9.40000000,4.45143681,0.36450249,-0.94039738,0.05130818,-1.07248808,-0.31166700,0.0525381166,0.0564346023,11.16651219
9.60000000,4.56118172,0.31644621,-1.08068856,0.44882317,0.77908997,-0.66451191,0.0581581469,0.0561974869,10.38048369
9.80000000,4.49528597,0.49132170,-1.08696504,-0.94568523,0.28156776,0.52573617,0.0569768922,0.0559450727,10.72387850
10.00000000,4.39012576,0.35709954,-1.03107743,0.31254190,-1.01642650,-0.34524512,0.0530971027,0.0562740780,11.61369840
10.20000000,4.51548351,0.35432834,-1.16091441,0.31648423,0.98053301,-0.43404168,0.0584954630,0.0561568698,10.64844985
10.40000000,4.42805564,0.50700504,-1.10943197,-0.85660672,-0.10254925,0.71113149,0.0558499300,0.0559942749,11.18765282
10.60000000,4.39211252,0.34046864,-1.06418677,0.68759298,-0.74049487,-0.47841680,0.0538548297,0.0561111909,11.59763415
10.80000000,4.52422959,0.41013804,-1.16711223,0.09085113,1.11249752,-0.06398995,0.0589274632,0.0561837328,10.55340886
11.00000000,4.41857620,0.51506132,-1.06021706,-0.65423492,-0.51014904,0.74948247,0.0546200742,0.0560576489,11.26763186
11.20000000,4.45441254,0.34212762,-1.03279105,0.93781126,-0.38183324,-0.47403878,0.0546616239,0.0559887017,11.13380131
11.40000000,4.58349532,0.46212500,-1.09259473,-0.05349385,1.09289995,0.22958099,0.0593268722,0.0562681498,10.14741302
11.60000000,4.47502274,0.53190826,-0.95666642,-0.49958974,-0.66347942,0.74846808,0.0537992390,0.0561205255,10.86869261
11.80000000,4.54551602,0.36518897,-0.91781958,1.04480324,-0.27019940,-0.29219477,0.0547764215,0.0559276666,10.49970824
12.00000000,4.68955665,0.48989512,-0.94294660,0.02723552,1.07542970,0.30448067,0.0600311680,0.0563596210,9.49941392
12.20000000,4.58682238,0.57828179,-0.80424503,-0.59495063,-0.47692231,0.81766628,0.0540197329,0.0562180126,10.09503508
12.40000000,4.62431202,0.41108806,-0.71696453,0.97634928,-0.54392639,0.02975660,0.0533229519,0.0559516707,9.97802104
12.60000000,4.80884878,0.48073241,-0.71355752,0.41730115,1.01239264,0.22565498,0.0605969234,0.0563353664,8.84752075
12.80000000,4.74726862,0.63471099,-0.60152509,-0.77829053,0.11812621,0.79392023,0.0567853200,0.0564067371,9.09533095
13.00000000,4.67442339,0.51157984,-0.46381210,0.39357281,-0.93978011,0.46034017,0.0507140672,0.0562664796,9.61479566
13.20000000,4.85634078,0.45207848,-0.40503825,0.95787024,0.51601994,0.25730779,0.0583213108,0.0560573754,8.61769287
13.40000000,4.91396171,0.62997044,-0.32408049,-0.46272671,0.84400580,0.56880353,0.0614206040,0.0567128597,8.22359255
13.60000000,4.75921858,0.65749406,-0.19529653,-0.64772746,-0.64142510,0.64731927,0.0522968873,0.0565215465,9.01723374
13.80000000,4.78514189,0.49387174,-0.08004800,0.85743792,-0.49449152,0.51988230,0.0521683606,0.0562758143,8.98282339
14.00000000,4.95166793,0.55096951,0.02266112,0.39707446,0.91111429,0.51205652,0.0615095139,0.0564603313,8.08592203
14.20000000,4.88214173,0.71748698,0.12006273,-0.94949418,0.37834667,0.45311572,0.0590792334,0.0564094605,8.32239920
14.40000000,4.71924373,0.63957782,0.21198865,-0.25545019,-0.95769898,0.51725923,0.0503656896,0.0568400005,9.25808401
14.60000000,4.81383150,0.51523585,0.33899968,0.85593705,0.08224751,0.71456726,0.0555492807,0.0563813177,8.81203233
14.80000000,4.89085709,0.65724907,0.46198693,-0.32828880,0.97687690,0.43351726,0.0618222690,0.0564983819,8.31933332
15.00000000,4.71538209,0.74404275,0.51139365,-1.04617254,-0.36126994,0.15813377,0.0549146453,0.0561925279,9.18889302
15.20000000,4.64204465,0.57586617,0.58473030,0.45244471,-0.77727600,0.66417997,0.0516237645,0.0567515989,9.76384122
15.40000000,4.76596341,0.59079131,0.73809618,0.28773925,0.86203706,0.65122765,0.0597522213,0.0563814738,9.01446907
15.60000000,4.67061679,0.75647198,0.79085233,-1.07395351,0.29863488,-0.08625701,0.0579070628,0.0559392048,9.42060625
15.80000000,4.51483941,0.64300372,0.79013866,-0.04460508,-1.06135155,0.34862942,0.0518595118,0.0566787258,10.51780346
16.00000000,4.61796398,0.57066072,0.93316561,0.53095651,0.59221538,0.78572597,0.0577519854,0.0562875765,9.88368768
16.20000000,4.57382276,0.74822721,0.99311704,-0.93634224,0.56484578,-0.23283389,0.0583180535,0.0559778521,9.99029340
16.40000000,4.41486962,0.66463768,0.94297425,-0.12290656,-1.10343866,0.13159123,0.0526190127,0.0564342526,11.17872758
16.60000000,4.51595968,0.57923397,1.07016028,0.55750310,0.59925801,0.76162934,0.0574272323,0.0561955543,10.51398126
16.80000000,4.47426704,0.75826838,1.10387526,-0.89908588,0.48384920,-0.45555861,0.0576761383,0.0559727693,10.60681898
17.00000000,4.35080530,0.65088660,1.02861243,0.16404187,-1.09463707,0.15766750,0.0529599293,0.0562689285,11.65691922
17.20000000,4.47528737,0.61032928,1.15139497,0.44305627,0.85409928,0.56939848,0.0580145181,0.0561350266,10.74040262
17.40000000,4.40750623,0.77908269,1.12610593,-0.86543417,0.12592983,-0.69653745,0.0565867901,0.0560001224,11.04273924
17.60000000,4.34854938,0.62877472,1.05404206,0.58322184,-0.89809872,0.32135648,0.0534083662,0.0561463839,11.69158331
17.80000000,4.48969349,0.66323886,1.16116231,0.23122294,1.06982226,0.22806860,0.0587095170,0.0561647151,10.58557594
18.00000000,4.39735743,0.79671758,1.07449312,-0.72457855,-0.28500405,-0.80234506,0.0553824641,0.0560541363,11.11065672
18.20000000,4.40718745,0.62742029,1.01715662,0.87918783,-0.58442066,0.36807636,0.0539728576,0.0560103998,11.25704204
18.40000000,4.55256597,0.71776436,1.08867339,0.09394104,1.11200243,-0.06800461,0.0593011389,0.0562360154,10.13495652
18.60000000,4.45332206,0.82249134,0.96781888,-0.60614372,-0.45079057,-0.82424305,0.0546334676,0.0561275782,10.70880618
18.80000000,4.49452831,0.65474626,0.90059780,0.99013260,-0.47753635,0.20394952,0.0539014900,0.0559598892,10.62890743
19.00000000,4.65686704,0.75037485,0.93592171,0.19127007,1.08915065,-0.16481975,0.0599518719,0.0562982725,9.48935833
19.20000000,4.56791262,0.87260692,0.81337903,-0.68148877,-0.24567697,-0.85159545,0.0551825364,0.0562326696,9.91726024
19.40000000,4.57082101,0.71453141,0.70325105,0.84857152,-0.71458193,-0.13891706,0.0524062756,0.0560148467,10.08424842
19.60000000,4.76460464,0.74846014,0.69932666,0.59070377,0.93915162,-0.13806591,0.0599545260,0.0562124138,8.90227867
19.80000000,4.73096634,0.92205734,0.60487658,-0.75033043,0.34767230,-0.75241420,0.0582548434,0.0564951790,8.92393939
20.00000000,4.63034555,0.83101499,0.45914104,0.15920961,-0.95812024,-0.55376602,0.0506224257,0.0563541613,9.60269453
20.20000000,4.79269732,0.73781957,0.38904018,1.04080985,0.31749814,-0.25672686,0.0567589160,0.0559876566,8.76896573
20.40000000,4.88420070,0.90419642,0.31552792,-0.28837776,0.94808417,-0.51766163,0.0620413816,0.0566955410,8.15917893
20.60000000,4.73638935,0.97079677,0.19223537,-0.79182950,-0.44561597,-0.65148396,0.0539092368,0.0564486720,8.84802187
20.80000000,4.71918376,0.80878100,0.07295955,0.70119497,-0.68151442,-0.54209094,0.0509060041,0.0564235505,9.11047395
21.00000000,4.89178703,0.82646526,-0.03311083,0.57534343,0.80159383,-0.52576245,0.0603348484,0.0563448672,8.18960753
21.20000000,4.85759522,1.00271462,-0.13226450,-0.85187108,0.56572151,-0.45196650,0.0605194261,0.0564950114,8.19506713
21.40000000,4.67894491,0.96150258,-0.21952693,-0.48862008,-0.88848408,-0.47100459,0.0512292598,0.0567435169,9.17499959
21.60000000,4.73914317,0.81169737,-0.33938125,0.84482490,-0.15818945,-0.71501459,0.0538280083,0.0564582577,8.99566932
21.80000000,4.84230790,0.92538799,-0.47155163,-0.13321401,0.98850341,-0.50508802,0.0616983668,0.0565261806,8.34391364
22.00000000,4.68699958,1.04163646,-0.52850194,-1.10019176,-0.14764146,-0.13333777,0.0564060737,0.0560810685,9.03079124
22.20000000,4.57833042,0.88622345,-0.58453451,0.27137722,-0.92671663,-0.56351535,0.0511124352,0.0568210149,9.85394917
22.40000000,4.70147018,0.85869744,-0.73586907,0.43954253,0.71584379,-0.73781358,0.0587317036,0.0563734149,9.14626307
22.60000000,4.63647845,1.03103907,-0.80904145,-1.00503225,0.48894608,0.02899561,0.0588857360,0.0560082798,9.31091914
22.80000000,4.46223902,0.94855337,-0.79592864,-0.24217285,-1.07419428,-0.19354014,0.0521328501,0.0565702986,10.50642021
23.00000000,4.55115503,0.83962379,-0.92345723,0.62728592,0.38228500,-0.84283412,0.0567128899,0.0562972602,10.04639924
23.20000000,4.53503792,1.01131979,-1.00829217,-0.84261244,0.72391223,0.12630972,0.0589467087,0.0560522355,9.91167357
23.40000000,4.36432129,0.96166491,-0.94991333,-0.29824663,-1.07664965,0.04328112,0.0529376561,0.0563353652,11.14437481
23.60000000,4.45230731,0.84310687,-1.05755859,0.64969807,0.39143811,-0.82138139,0.0565956606,0.0561881210,10.66664552
23.80000000,4.43567393,1.01866236,-1.11857349,-0.83112265,0.66134851,0.34907310,0.0582687337,0.0560437764,10.51211107
24.00000000,4.29709629,0.94276860,-1.03048566,0.00514446,-1.11746343,0.03532317,0.0530291678,0.0562485539,11.65570885
24.20000000,4.41664614,0.86651975,-1.13897771,0.56169544,0.69263684,-0.67435238,0.0574038676,0.0561151244,10.85735719
24.40000000,4.37043053,1.04428374,-1.14181995,-0.85160860,0.34373549,0.63765773,0.0572825399,0.0560248725,10.90930869
24.60000000,4.28989213,0.91709703,-1.04768618,0.45668042,-1.01096939,-0.13922115,0.0531298551,0.0561593404,11.74880519
24.80000000,4.43643876,0.91521520,-1.15149119,0.37135895,0.98565766,-0.37492684,0.0583246794,0.0561233240,10.64830817
25.00000000,4.36047560,1.07146001,-1.08932816,-0.77076510,-0.05174520,0.80823400,0.0561877512,0.0560644560,10.95068108
25.20000000,4.34399305,0.91411739,-1.00441542,0.79052011,-0.75784661,-0.22526667,0.0534042878,0.0560454296,11.35516121
25.40000000,4.50229701,0.97125368,-1.08073437,0.24571944,1.08733415,-0.08558611,0.0590649106,0.0561912044,10.15627359
25.60000000,4.41639605,1.10612199,-0.98015846,-0.68530727,-0.22001833,0.85553753,0.0555790400,0.0561382874,10.53757516
25.80000000,4.42727688,0.94624541,-0.88612180,0.89889697,-0.65995720,-0.08024517,0.0531501302,0.0560036125,10.73487458
26.00000000,4.60360795,1.00882256,-0.92509856,0.35786363,1.05861115,0.03570182,0.0596067181,0.0562221872,9.51562295
26.20000000,4.53313900,1.15922124,-0.82262337,-0.73148207,-0.00635655,0.84551293,0.0564210783,0.0562813756,9.73665862
26.40000000,4.50252520,1.01918253,-0.69305964,0.68310053,-0.84371150,0.26743805,0.0517498009,0.0561007468,10.14996601
26.60000000,4.69849502,1.01600029,-0.68275919,0.75106725,0.82509446,0.07152380,0.0590306502,0.0560953281,8.99200670
26.80000000,4.69573615,1.20143976,-0.60614046,-0.68298629,0.55645925,0.68839042,0.0595388180,0.0565658261,8.77563398
27.00000000,4.57405103,1.14748108,-0.45722557,-0.07728172,-0.91537010,0.63727831,0.0510292675,0.0563910261,9.53291175
27.20000000,4.70889193,1.02615459,-0.37370654,1.07884227,0.09980847,0.27592780,0.0551204366,0.0559693121,8.93251549
27.40000000,4.83132181,1.17329423,-0.30508544,-0.09796006,1.00994296,0.46948651,0.0621944439,0.0566142279,8.13680908
27.60000000,4.69842387,1.27536250,-0.18857113,-0.88540590,-0.22822936,0.64340211,0.0557143775,0.0564315248,8.66616271
27.80000000,4.63967760,1.12499686,-0.06689078,0.50002279,-0.82731558,0.56171583,0.0501169774,0.0565624519,9.19009142
28.00000000,4.80896537,1.10194015,0.04260513,0.72868779,0.65168730,0.54250924,0.0588080606,0.0562576061,8.32737053
28.20000000,4.81145643,1.27969090,0.14470733,-0.71816551,0.72341087,0.45925323,0.0615992572,0.0565896987,8.10296857
28.40000000,4.62620407,1.27696965,0.22886444,-0.69293013,-0.76600866,0.42787507,0.0525171671,0.0565680483,9.04657277
28.60000000,4.64741289,1.11064095,0.33957892,0.78086115,-0.39538261,0.69564859,0.0523130057,0.0565865798,9.16541727
28.80000000,4.77089318,1.18982668,0.47851791,0.06310032,0.95482227,0.57821387,0.0611388978,0.0564745236,8.40969329
29.00000000,4.64122552,1.32961315,0.54623340,-1.10781751,0.06744917,0.13486834,0.0578475180,0.0560508601,8.88206860
29.20000000,4.50156356,1.19540550,0.58753304,0.06548216,-1.02202647,0.44852253,0.0510456344,0.0568535492,9.89020440
29.40000000,4.61650499,1.12646319,0.73105212,0.57005994,0.53245397,0.80095125,0.0574939762,0.0563819761,9.30481912
29.60000000,4.58311691,1.29734294,0.82516312,-0.90623533,0.65233775,0.05649296,0.0596633309,0.0560957659,9.23076693
29.80000000,4.39637183,1.24935550,0.80584730,-0.43589609,-1.02843283,0.04815554,0.0526942090,0.0564698291,10.44681799
30.00000000,4.46583596,1.10937999,0.91250565,0.69753463,0.15066547,0.86066474,0.0556204630,0.0563244656,10.22123028
30.20000000,4.47758292,1.26742988,1.02029075,-0.72801849,0.84850772,0.00470724,0.0593855598,0.0561077443,9.86432317
30.40000000,4.29996702,1.25334021,0.96091564,-0.46765828,-0.99572564,-0.19956099,0.0534591869,0.0562223732,11.06864750
30.60000000,4.37064693,1.10751184,1.04386725,0.72145388,0.16418054,0.83818103,0.0557215751,0.0561970491,10.83055840
30.80000000,4.37947414,1.27211325,1.13028280,-0.74321727,0.80745728,-0.21363333,0.0587201038,0.0560805725,10.44464247
31.00000000,4.22935041,1.23058783,1.03665548,-0.15880731,-1.08469355,-0.21958709,0.0532948055,0.0562155340,11.61101273
31.20000000,4.33978102,1.12250977,1.12445162,0.66920661,0.50236293,0.74147982,0.0567007148,0.0560936026,10.99396018
31.40000000,4.31677265,1.30195171,1.15561549,-0.81569432,0.54173749,-0.53959389,0.0578948688,0.0560617594,10.79456798
31.60000000,4.21667150,1.20343501,1.04555074,0.31094461,-1.07250475,-0.05518416,0.0530398302,0.0561646178,11.76374328
31.80000000,4.36454465,1.16584278,1.13860136,0.50884558,0.86341877,0.49556276,0.0577959492,0.0560835101,10.73881067
32.00000000,4.30781387,1.33826175,1.10363049,-0.79215091,0.17807717,-0.76862455,0.0569791854,0.0560899106,10.79759048
32.20000000,4.26550490,1.20045391,0.99534386,0.67248969,-0.89146629,0.05516969,0.0529985923,0.0560908396,11.41820558
32.40000000,4.43268421,1.22245560,1.06909331,0.39915490,1.02053138,0.22178655,0.0586352532,0.0561266466,10.21001925
32.60000000,4.36399338,1.38153471,0.99253936,-0.73526426,0.01620116,-0.84209393,0.0565602489,0.0561719269,10.36672473
32.80000000,4.34464563,1.23793217,0.87521109,0.77208639,-0.80557625,-0.07019760,0.0525826908,0.0560648283,10.80577340
33.00000000,4.52979729,1.26513860,0.91090451,0.52266620,0.98553628,0.07440752,0.0590215031,0.0561296997,9.57645309
33.20000000,4.48195464,1.43703958,0.83086568,-0.74456414,0.22865456,-0.80208448,0.0576292837,0.0563430134,9.56545565
33.40000000,4.42045867,1.32282236,0.68676321,0.48722975,-0.92144300,-0.40441085,0.0514261609,0.0561699529,10.16556800
33.60000000,4.61094055,1.28318112,0.66463150,0.89129186,0.67426418,-0.03106129,0.0578860017,0.0559947144,9.11136125
33.80000000,4.64084951,1.47239241,0.60474041,-0.58064058,0.73680826,-0.60825017,0.0605387364,0.0566130689,8.65831812
34.00000000,4.50568613,1.45830594,0.45750928,-0.30080829,-0.81541971,-0.70328033,0.0519093011,0.0563806913,9.41256709
34.20000000,4.60635567,1.31634064,0.35968721,1.06573185,-0.12596072,-0.31360432,0.0535332149,0.0560189546,9.09388413
34.40000000,4.75516017,1.43723891,0.29305167,0.10121496,1.02792144,-0.42793831,0.0618735716,0.0565046285,8.15718807
34.60000000,4.64413785,1.56968862,0.18387838,-0.92694339,-0.00295655,-0.62511228,0.0575443324,0.0564755375,8.48817296
34.80000000,4.54797531,1.44008728,0.06156167,0.26655030,-0.92001971,-0.57663925,0.0498886166,0.0566923955,9.21087325
35.00000000,4.70424160,1.37730631,-0.05098670,0.84812353,0.46579704,-0.56010512,0.0570445191,0.0562085257,8.49091342
35.20000000,4.74315770,1.54815705,-0.15697319,-0.55554011,0.84608966,-0.47487431,0.0622424095,0.0566335441,8.05096479
35.40000000,4.56028863,1.58355903,-0.23992436,-0.85712227,-0.60139456,-0.39200018,0.0540978806,0.0564051335,8.88892904
35.60000000,4.54029785,1.41067207,-0.34033329,0.66445360,-0.61403417,-0.65685735,0.0511528433,0.0567303703,9.30421561
35.80000000,4.67701213,1.45064070,-0.48283039,0.25362104,0.87574517,-0.64710501,0.0601773935,0.0564558326,8.51411540
36.00000000,4.57730238,1.60703440,-0.56372169,-1.07205890,0.27283694,-0.16201183,0.0591385678,0.0561238888,8.75431106
36.20000000,4.41241375,1.50084069,-0.59408742,-0.15285947,-1.05733503,-0.32965850,0.0514092983,0.0567915416,9.87021264
36.40000000,4.51188623,1.39384485,-0.72443285,0.67284408,0.31849949,-0.83416846,0.0561358356,0.0564111044,9.48148000
36.60000000,4.51034465,1.55509090,-0.83845458,-0.78148433,0.78255867,-0.16395812,0.0601897099,0.0562025743,9.18484826
36.80000000,4.31732664,1.54305827,-0.81947811,-0.61642597,-0.92967043,0.07569672,0.0534832746,0.0563069140,10.34759388
37.00000000,4.36277181,1.37923003,-0.90141885,0.73684316,-0.09208148,-0.83581171,0.0545630810,0.0563694268,10.39732286
37.20000000,4.40146410,1.51638262,-1.02857885,-0.59490680,0.93438099,-0.15171068,0.0596054940,0.0561972631,9.85089390
37.40000000,4.22195369,1.53757919,-0.97537052,-0.62465536,-0.86810737,0.32587316,0.0541382605,0.0561123973,10.96047167
37.60000000,4.27153250,1.37169536,-1.03017351,0.76832271,-0.07229715,-0.80898167,0.0548689132,0.0562234722,10.99608546
37.80000000,4.30568574,1.51836333,-1.13841765,-0.63646457,0.91736991,0.05782131,0.0590030021,0.0561445615,10.40768578
38.00000000,4.14792425,1.51225656,-1.04676013,-0.32210615,-1.00019781,0.38190304,0.0537340640,0.0561425838,11.52783359
38.20000000,4.24502138,1.37776367,-1.10875547,0.76143291,0.29110718,-0.76516304,0.0559493158,0.0560905086,11.14319018
38.40000000,4.24651947,1.55161503,-1.16667341,-0.75802183,0.71261978,0.40935789,0.0583872904,0.0561053950,10.70405497
38.60000000,4.12946355,1.48571206,-1.04775826,0.15032815,-1.07980582,0.24782807,0.0531463199,0.0561622320,11.73468125
38.80000000,4.27417196,1.41480928,-1.12319304,0.64026400,0.70803177,-0.58202310,0.0571543013,0.0560489664,10.85278621
39.00000000,4.23929124,1.59634249,-1.11637451,-0.78830404,0.39434140,0.68780045,0.0577028757,0.0561384406,10.65978256
39.20000000,4.17248430,1.48447837,-0.99045638,0.52764836,-0.97708481,0.12996285,0.0527909012,0.0561156823,11.43889808
39.40000000,4.34380874,1.47118033,-1.05429145,0.55069197,0.91463914,-0.33192082,0.0580394668,0.0560649541,10.29337663
39.60000000,4.29588237,1.64775202,-1.00384923,-0.75505250,0.24636112,0.78689246,0.0575007903,0.0562226718,10.20665652
39.80000000,4.24759218,1.52781779,-0.86841517,0.61324579,-0.90460592,0.23582950,0.0522533867,0.0561108452,10.83242338
40.00000000,4.43559427,1.51916831,-0.89398827,0.68042898,0.87296269,-0.15795679,0.0582346050,0.0560436762,9.66837269
40.20000000,4.41385592,1.70526427,-0.83711337,-0.72157122,0.44882799,0.72655779,0.0587093892,0.0564060243,9.41374390
40.40000000,4.32555510,1.62305054,-0.68438585,0.27121006,-0.94193594,0.53777279,0.0514849105,0.0562374293,10.12697778
40.60000000,4.50261811,1.54972488,-0.64584279,1.00357507,0.49236775,0.02022071,0.0565945202,0.0559280128,9.25246613
40.80000000,4.56573110,1.73461470,-0.60033117,-0.44814586,0.88309173,0.51895286,0.0611848968,0.0566231684,8.57735830
41.00000000,4.42508365,1.76100835,-0.45923272,-0.49809752,-0.66690485,0.74641448,0.0531828985,0.0563760494,9.25452069
41.20000000,4.48676553,1.60733319,-0.34752421,0.99772771,-0.34641911,0.36678468,0.0521319163,0.0561131541,9.23648232
41.40000000,4.65580875,1.69604735,-0.27984007,0.30149363,1.00116013,0.39595172,0.0611039193,0.0563648887,8.21914318
41.60000000,4.57242480,1.85263848,-0.17786376,-0.91813659,0.21812598,0.59953652,0.0592401111,0.0565658854,8.32788404
41.80000000,4.44508240,1.75135848,-0.05661210,0.01708490,-0.95241997,0.58532221,0.0502493184,0.0567013782,9.16969420
42.00000000,4.57897439,1.65236114,0.05822024,0.92476652,0.25080343,0.57610963,0.0551867875,0.0562212806,8.66865198
42.20000000,4.65239909,1.80798813,0.16864330,-0.37115281,0.92966866,0.49795535,0.0624035559,0.0566162757,8.04160200
42.40000000,4.48031007,1.87921904,0.25246225,-0.97433337,-0.40770199,0.36667607,0.0558245633,0.0562774946,8.71955745
42.60000000,4.41944693,1.70998166,0.34236196,0.50047532,-0.79868064,0.60135801,0.0504610317,0.0568420544,9.39679191
42.80000000,4.56129024,1.70791706,0.48464592,0.43080351,0.75254369,0.70575073,0.0588796857,0.0564040586,8.65246424
43.00000000,4.49465921,1.87324699,0.58013091,-0.99699937,0.45924647,0.21232680,0.0601924756,0.0562058741,8.65613784
43.20000000,4.31131260,1.79990760,0.60422090,-0.37035346,-1.03219021,0.21775999,0.0521482589,0.0566292904,9.79853698
43.40000000,4.38862576,1.66041498,0.71697952,0.74131771,0.08304167,0.83279641,0.0547717386,0.0564616846,9.66503903
43.60000000,4.41810656,1.80413745,0.84834923,-0.63452161,0.87496600,0.28603242,0.0604279270,0.0562738641,9.17588788
43.80000000,4.22510563,1.82753404,0.83610413,-0.77585649,-0.78714839,-0.16864703,0.0544304099,0.0561207248,10.22077914
44.00000000,4.24288476,1.64821858,0.89135473,0.74076121,-0.33373608,0.76804346,0.0536293217,0.0564296576,10.56231271
44.20000000,4.30675581,1.75809107,1.03285407,-0.44552207,0.97887451,0.30547089,0.0595890986,0.0562136710,9.87250607
44.40000000,4.13040923,1.81253632,0.99242022,-0.76367682,-0.70395203,-0.41381991,0.0549240134,0.0560195331,10.83103069
44.60000000,4.15566976,1.63467777,1.01759825,0.78578448,-0.30652257,0.73388303,0.0541018595,0.0562563362,11.15230163
44.80000000,4.21436326,1.75724776,1.14260724,-0.51183709,0.98800027,0.10897646,0.0590991572,0.0561748911,10.40306976
45.00000000,4.05316931,1.78584469,1.06015500,-0.47904896,-0.87130328,-0.51121451,0.0543140345,0.0560736585,11.41439145
45.20000000,4.13283575,1.63157293,1.09292939,0.83338524,0.06813795,0.74217507,0.0551985223,0.0560994754,11.29640627
45.40000000,4.15968495,1.79294666,1.17435147,-0.67875148,0.85093924,-0.25533586,0.0587308605,0.0561493174,10.64172317
45.60000000,4.02886290,1.76186608,1.05410939,-0.01973162,-1.03398248,-0.42483930,0.0534438330,0.0561241546,11.66403768
45.80000000,4.16559576,1.66168597,1.10613480,0.76104939,0.52589737,0.62787999,0.0564371626,0.0560213666,10.98428510
46.00000000,4.15485155,1.84513274,1.12666022,-0.75889189,0.58874088,-0.57224537,0.0583116196,0.0561763654,10.54394260
46.20000000,4.06573963,1.76412616,0.98995195,0.36052822,-1.00994256,-0.31627979,0.0528048071,0.0561370865,11.41384544
46.40000000,4.23586840,1.71715776,1.03707348,0.69566493,0.77409735,0.40843735,0.0573131157,0.0560112103,10.40187318
46.60000000,4.21185256,1.90405036,1.01308473,-0.74432717,0.46069877,-0.69550784,0.0583311162,0.0562804187,10.06593330
46.80000000,4.13708799,1.81375046,0.86595073,0.42855627,-0.95061069,-0.40333148,0.0522033638,0.0561562964,10.80992816
47.00000000,4.32133479,1.77067628,0.87518911,0.82484187,0.72531546,0.20868834,0.0572944206,0.0559711959,9.78592573
47.20000000,4.32839676,1.96333272,0.84055750,-0.66416530,0.64576680,-0.62599292,0.0595803039,0.0564568634,9.28925587
47.40000000,4.21857388,1.91740613,0.68559221,0.04722107,-0.90427130,-0.65579038,0.0519407440,0.0562649771,10.03656134
47.60000000,4.37448956,1.81521094,0.62735969,1.07977945,0.28708998,-0.04065854,0.0552413834,0.0559025858,9.40467557
47.80000000,4.46996795,1.98792400,0.59280534,-0.29068850,0.99132621,-0.42751604,0.0614376715,0.0565491381,8.53593973
48.00000000,4.33182160,2.05340870,0.46152473,-0.65896941,-0.48156378,-0.76410278,0.0547269857,0.0563890026,9.07472245
48.20000000,4.35195902,1.89773229,0.33759632,0.87490817,-0.54670483,-0.43086765,0.0510484276,0.0562521614,9.34349483
48.40000000,4.53363514,1.94977004,0.26594287,0.49461815,0.92964525,-0.37564612,0.0599400714,0.0562238040,8.31945468
48.60000000,4.48232977,2.12338493,0.17038608,-0.86282077,0.42500231,-0.57000944,0.0606649347,0.0566441906,8.19585702
48.80000000,4.33157715,2.05601352,0.05164317,-0.23061056,-0.92315882,-0.58702127,0.0511625612,0.0566229960,9.07190612
49.00000000,4.43483207,1.92671123,-0.06440185,0.95069679,0.01658838,-0.58813080,0.0533963923,0.0562997914,8.84574765
49.20000000,4.53913903,2.05917435,-0.17933587,-0.17221204,0.97096062,-0.52685470,0.0620696600,0.0565751835,8.07543665
49.40000000,4.38534945,2.16229407,-0.26609496,-1.04177824,-0.19815633,-0.35416037,0.0575504343,0.0562491228,8.55473109
49.60000000,4.28637413,2.00637323,-0.34627363,0.29849115,-0.93579824,-0.53402442,0.0502988404,0.0569203919,9.43265278
49.80000000,4.42459366,1.96171545,-0.48433960,0.58644940,0.58829690,-0.74831894,0.0573434516,0.0564028263,8.81747538
50.00000000,4.39291463,2.12783518,-0.59471092,-0.88717869,0.61920016,-0.28196190,0.0609385279,0.0563078615,8.59343247
50.20000000,4.19845909,2.09008685,-0.61762384,-0.57440276,-0.95132194,-0.12265972,0.0531794758,0.0563975017,9.68563764
50.40000000,4.24793431,1.92550258,-0.70977441,0.76940315,-0.16246335,-0.79474639,0.0535232356,0.0565409249,9.84209410
50.60000000,4.30646365,2.04444719,-0.85450582,-0.46905206,0.92635458,-0.41455363,0.0603571519,0.0563371737,9.20489138
50.80000000,4.11965836,2.10095399,-0.85478749,-0.90811882,-0.61230942,0.22448767,0.0554637153,0.0559865092,10.07983909
51.00000000,4.10725006,1.91511164,-0.88342828,0.70600223,-0.56116591,-0.66079573,0.0528973881,0.0564999900,10.70338027
51.20000000,4.19359455,1.99251952,-1.03305919,-0.28232203,0.98082481,-0.45637076,0.0593328211,0.0562545879,9.92885767
51.40000000,4.02545280,2.07665347,-1.01104177,-0.88021650,-0.51482426,0.45844541,0.0557637802,0.0559446245,10.69220171
51.60000000,4.02392530,1.89524237,-1.00721401,0.76987347,-0.52645344,-0.61655404,0.0534783046,0.0563067029,11.28782012
51.80000000,4.10559227,1.98865674,-1.14270947,-0.37048204,1.01786418,-0.27693466,0.0590007458,0.0561701375,10.43130525
52.00000000,3.94542447,2.04964693,-1.07597426,-0.62423289,-0.70776558,0.59949847,0.0549945161,0.0560175068,11.28087567
52.20000000,4.00385896,1.88303682,-1.07805327,0.87960344,-0.15617533,-0.67223824,0.0544985739,0.0561181003,11.44364765
52.40000000,4.05630004,2.02572317,-1.17821035,-0.57805217,0.95305574,0.08681953,0.0589055530,0.0561622737,10.61008653
52.60000000,3.91545671,2.02993894,-1.06410194,-0.19304217,-0.93989670,0.57386939,0.0539131974,0.0560861019,11.55796278
52.80000000,4.03924097,1.90590277,-1.08842245,0.86553305,0.32480355,-0.62877050,0.0556867864,0.0560110867,11.12563494
53.00000000,4.05445406,2.08423109,-1.13375855,-0.70368403,0.75491313,0.43003729,0.0587676091,0.0562090605,10.45505103
53.20000000,3.94608282,2.03730956,-0.99369061,0.17742903,-0.98927981,0.48973616,0.0530482916,0.0561255248,11.34415401
53.40000000,4.10921489,1.96001171,-1.01835449,0.82820116,0.60474880,-0.44537492,0.0564982070,0.0559707916,10.52918478
53.60000000,4.11171473,2.14991453,-1.01941021,-0.70321148,0.65145550,0.57540979,0.0589937008,0.0563111565,9.95113971
53.80000000,4.01405544,2.09351182,-0.86767218,0.22644229,-0.94136586,0.55906287,0.0524528106,0.0561678666,10.73864195
54.00000000,4.18757059,2.01932003,-0.85549427,0.94856346,0.54854338,-0.22209141,0.0562573146,0.0559228059,9.92141982
54.20000000,4.22519892,2.21086266,-0.84061522,-0.57460579,0.81314287,0.50855081,0.0601823767,0.0564824678,9.19747610
54.40000000,4.10005380,2.20349961,-0.68972225,-0.17203181,-0.81245655,0.74854290,0.0527659672,0.0562606778,9.90264525
54.60000000,4.22781554,2.07903114,-0.61014874,1.11216783,0.06829956,0.09173300,0.0539211122,0.0559226286,9.55471127
54.80000000,4.35332001,2.23222216,-0.58228554,-0.11384590,1.05876912,0.34065247,0.0612864795,0.0564468218,8.53535694
55.00000000,4.22530814,2.33368709,-0.46350093,-0.77680737,-0.27237113,0.75655887,0.0563935011,0.0564285403,8.88950439
55.20000000,4.20380876,2.18576021,-0.33007271,0.70219266,-0.71204360,0.49991641,0.0503975470,0.0563540370,9.40065635
55.40000000,4.38930603,2.19847862,-0.25189211,0.67154124,0.81450297,0.36825849,0.0584639876,0.0561129207,8.45247667
55.60000000,4.37309316,2.38135226,-0.16145783,-0.76608291,0.60964333,0.53986019,0.0617119551,0.0567039976,8.09949819
55.80000000,4.20760400,2.35132782,-0.04626441,-0.45982581,-0.83662595,0.58190574,0.0525326037,0.0565297814,8.92999452
56.00000000,4.27375002,2.19968224,0.06975353,0.92024885,-0.22385252,0.59416254,0.0518404373,0.0564209744,9.00496675
56.20000000,4.40359035,2.30180979,0.18874291,0.03379536,0.96754193,0.55921151,0.0612610793,0.0564719876,8.15112114
56.40000000,4.27455887,2.43150890,0.28033846,-1.05986417,0.01505551,0.35560975,0.0591398199,0.0562908208,8.40798227
56.60000000,4.14234031,2.29735431,0.35249322,0.07196455,-1.01589339,0.46127947,0.0506676769,0.0568494643,9.40846579
56.80000000,4.26804743,2.21201400,0.48249381,0.71182201,0.38842023,0.76969875,0.0556945247,0.0564283282,8.99898926
57.00000000,4.27186704,2.37057850,0.60684349,-0.74727676,0.74677229,0.36593113,0.0613245845,0.0564127821,8.56973987
57.20000000,4.07386003,2.36909096,0.63369887,-0.75439433,-0.82351098,0.05211384,0.0544057997,0.0561919756,9.54568151
57.40000000,4.09120865,2.18814164,0.70392473,0.75245041,-0.40462131,0.72117749,0.0525045450,0.0566328552,9.99805377
57.60000000,4.17558533,2.27606073,0.85682837,-0.28902435,0.93484418,0.54085883,0.0599755681,0.0563545657,9.27126893
57.80000000,4.00091537,2.36182379,0.87446097,-1.00898171,-0.41735117,-0.24035573,0.0565133581,0.0559224026,9.93789532
58.00000000,3.95707269,2.17839891,0.87861120,0.63125805,-0.76143640,0.52127233,0.0524249696,0.0565455768,10.80879303
58.20000000,4.06218441,2.21964870,1.02938703,-0.10834532,0.94049965,0.59474250,0.0588485971,0.0562324647,10.01822031
58.40000000,3.90720238,2.32867678,1.03013396,-0.97076052,-0.31247101,-0.45823880,0.0566056420,0.0559215856,10.55525939
58.60000000,3.87731956,2.15194467,0.99995729,0.71791533,-0.72041928,0.46431728,0.0530435043,0.0563424427,11.39200616
58.80000000,3.97949412,2.21250056,1.13881651,-0.21407136,1.00695792,0.43612622,0.0587114421,0.0561845969,10.49163164
59.00000000,3.82501017,2.30222334,1.09320712,-0.75273394,-0.52057717,-0.64217434,0.0557309239,0.0559734598,11.13812534
59.20000000,3.85890920,2.13105457,1.06517398,0.89474431,-0.37090120,0.55844583,0.0538972541,0.0561431795,11.57427056
59.40000000,3.93641031,2.24978582,1.17802974,-0.45636487,1.01698774,0.08639353,0.0589012612,0.0561663956,10.61035228
59.60000000,3.78980240,2.28815285,1.07697848,-0.36308062,-0.80540608,-0.68519362,0.0545225914,0.0560543589,11.42536284
59.80000000,3.89571594,2.14672855,1.07112484,0.94721685,0.11374264,0.58295764,0.0549484571,0.0560131130,11.26755616
60.00000000,3.93806831,2.31336023,1.13714334,-0.62266338,0.88838151,-0.27030606,0.0590441500,0.0562310762,10.39650999
60.20000000,3.81428791,2.30201247,1.00120496,-0.01406866,-0.91832133,-0.63756156,0.0535105851,0.0561124691,11.23525121
60.40000000,3.96439280,2.19923649,0.99917433,0.94133346,0.41383352,0.43889619,0.0556416900,0.0559498696,10.66702541
60.60000000,3.99530233,2.38498886,1.02219921,-0.63226099,0.81286289,-0.43531217,0.0594461961,0.0563250329,9.86697529
60.80000000,3.87931324,2.36492515,0.87308284,0.01678160,-0.87906211,-0.69062644,0.0529943701,0.0561757798,10.62413035
61.00000000,4.03510541,2.26462196,0.83598278,1.04352092,0.35025267,0.19591798,0.0551862044,0.0559071248,10.06481815
61.20000000,4.10396202,2.44760253,0.83695307,-0.45568196,0.94643256,-0.38290475,0.0604792217,0.0564348354,9.14189406
61.40000000,3.97030140,2.47913157,0.69586583,-0.37470262,-0.67454811,-0.80906087,0.0538908789,0.0562691938,9.73782778
61.60000000,4.06414303,2.34034153,0.59509802,1.09449565,-0.15204418,-0.17017203,0.0527347905,0.0559884352,9.68745297
61.80000000,4.21573608,2.46747494,0.56910569,0.07622548,1.08361548,-0.26450682,0.0607474613,0.0563249347,8.57513839
62.00000000,4.10487146,2.60039072,0.46435316,-0.84833774,-0.05196523,-0.72637412,0.0580296913,0.0565080331,8.71355461
62.20000000,4.04407326,2.46929006,0.32488542,0.48954096,-0.82979603,-0.56726085,0.0502598370,0.0564464767,9.39921024
62.40000000,4.22381534,2.44224081,0.23821915,0.82243705,0.65852428,-0.37408520,0.0567825575,0.0560475648,8.60966199
62.60000000,4.24417212,2.62616834,0.15123144,-0.63367486,0.76564733,-0.51209082,0.0623077669,0.0566983279,8.04349256
62.80000000,4.07293789,2.63480248,0.04014001,-0.65691615,-0.70169635,-0.57103422,0.0542200444,0.0564504757,8.76070827
63.00000000,4.09784513,2.47023260,-0.07460164,0.83151586,-0.45501920,-0.59290435,0.0506732087,0.0565754999,9.12864850
63.20000000,4.24622569,2.53608127,-0.19666399,0.23879976,0.91784919,-0.59205083,0.0600323973,0.0563837581,8.26523237
63.40000000,4.14722943,2.68592889,-0.29464969,-1.03115433,0.22135778,-0.37110394,0.0604752888,0.0564128174,8.28958175
63.60000000,3.98827260,2.58028135,-0.36121217,-0.16346852,-1.03490587,-0.39018524,0.0515131202,0.0567192948,9.32885218
63.80000000,4.09304861,2.45864002,-0.47986566,0.79813752,0.16113258,-0.76616541,0.0540784741,0.0565019055,9.18390752
64.00000000,4.13148140,2.60141668,-0.61608045,-0.58206920,0.83732455,-0.45834450,0.0613199594,0.0564278071,8.58662349
64.20000000,3.93739133,2.63495305,-0.65163318,-0.90237670,-0.65999037,-0.01120849,0.0557268272,0.0560468602,9.39403614
64.40000000,3.91999343,2.44704111,-0.70045784,0.68829987,-0.62907985,-0.61684556,0.0518067640,0.0567274962,10.11885870
64.60000000,4.02575342,2.49906215,-0.85547693,-0.09898940,0.89985165,-0.65609809,0.0593027361,0.0563387444,9.37280377
64.80000000,3.86881431,2.60898444,-0.89401855,-1.07577983,-0.21404787,0.21651298,0.0575138306,0.0559146349,9.80650169
65.00000000,3.79364463,2.43632754,-0.87763676,0.51785608,-0.92315564,-0.36000740,0.0522423378,0.0565350081,10.86967877
65.20000000,3.91281427,2.43944291,-1.02227580,0.07242069,0.85957899,-0.71124944,0.0581646414,0.0562385771,10.13732914
65.40000000,3.77577815,2.56764663,-1.04859943,-1.03261812,-0.10786094,0.41480403,0.0574001421,0.0559309624,10.43002351
65.60000000,3.71700165,2.40314571,-0.99654496,0.62921820,-0.87821968,-0.28776931,0.0528254546,0.0563394071,11.45640230
65.80000000,3.83624139,2.42867809,-1.13125230,-0.04516486,0.95665016,-0.57686836,0.0582468582,0.0561703580,10.58197517
66.00000000,3.69222323,2.54241209,-1.11077815,-0.86017522,-0.32084192,0.63808741,0.0564771117,0.0559666584,10.99651804
66.20000000,3.69898979,2.37433299,-1.05522602,0.87433461,-0.56528866,-0.40741156,0.0534358690,0.0561724460,11.67793826
66.40000000,3.80008274,2.46500567,-1.17381590,-0.31471859,1.04223530,-0.25435061,0.0587183195,0.0561611938,10.64249681
66.60000000,3.65241070,2.53496438,-1.09179461,-0.52338183,-0.64029105,0.75239302,0.0552299889,0.0560335384,11.27663647
66.80000000,3.73583773,2.38325892,-1.05531716,0.99930510,-0.09741629,-0.49182902,0.0542683876,0.0560401682,11.39957455
67.00000000,3.80567580,2.53232545,-1.13651162,-0.51622483,0.98638021,0.10277352,0.0591265532,0.0562176053,10.37029528
67.20000000,3.67105727,2.55637611,-1.01174525,-0.20573755,-0.80367748,0.74951380,0.0541612600,0.0561023213,11.09596945
67.40000000,3.80217386,2.43417623,-0.98063786,1.02737914,0.20991328,-0.38784645,0.0547942096,0.0559563942,10.80525517
67.60000000,3.86247683,2.60903099,-1.02106052,-0.53253816,0.94095195,0.28462059,0.0596628371,0.0563182402,9.81644083
67.80000000,3.73353864,2.62595761,-0.88138590,-0.19007524,-0.76978713,0.78822301,0.0537905484,0.0561649854,10.47613541
68.00000000,3.86502010,2.50594000,-0.81775456,1.10153798,0.13974057,-0.13070187,0.0541494950,0.0559270341,10.20397393
68.20000000,3.96447707,2.67339166,-0.82949488,-0.31078481,1.04257236,0.25778284,0.0604574227,0.0563793379,9.12424648
68.40000000,3.82941087,2.74237796,-0.70296339,-0.55083234,-0.50119719,0.83389533,0.0552127577,0.0562972414,9.55671338
68.60000000,3.88525667,2.59802015,-0.58293286,1.02331306,-0.36047621,0.26996962,0.0517849852,0.0560957530,9.78755887
68.80000000,4.05737740,2.69370033,-0.55378407,0.27253785,1.06485773,0.20444425,0.0598605696,0.0561826225,8.65296527
69.00000000,3.96983884,2.85240469,-0.46341867,-0.87300788,0.16835648,0.67787141,0.0594953043,0.0566053759,8.55883337
69.20000000,3.87425373,2.74593356,-0.32172964,0.25105580,-0.89143114,0.62635279,0.0506655758,0.0564789763,9.33798867
69.40000000,4.03850818,2.68107569,-0.22541328,0.93704500,0.46684020,0.39243242,0.0550240597,0.0560450299,8.77921123
69.60000000,4.09524909,2.85763236,-0.13997455,-0.47173742,0.88779854,0.48915628,0.0624133162,0.0566283145,8.03025896
69.80000000,3.92709476,2.90426819,-0.03302732,-0.81233602,-0.52987104,0.55618627,0.0560622906,0.0564022128,8.58184030
70.00000000,3.90928623,2.73689679,0.07934050,0.68762092,-0.66040174,0.58398912,0.0500152076,0.0567066113,9.20165651
70.20000000,4.06779372,2.76224932,0.20303423,0.43387558,0.82152640,0.62196675,0.0584724266,0.0563127573,8.41188847
70.40000000,4.00282705,2.92491316,0.30846948,-0.95947707,0.41186544,0.39970850,0.0614620587,0.0564911896,8.20668500
70.60000000,3.82474089,2.85252857,0.37237174,-0.39215564,-0.99447029,0.32747377,0.0527381170,0.0565126726,9.20523885
70.80000000,3.90126207,2.70119079,0.47732991,0.83749462,-0.08235175,0.73608235,0.0526465571,0.0566204568,9.35677237
71.00000000,3.97188007,2.82042057,0.62217442,-0.39659485,0.88731106,0.55261911,0.0609184557,0.0564349391,8.64386690
71.20000000,3.78886295,2.88606891,0.67048314,-1.01311245,-0.47285771,0.00223533,0.0570458519,0.0559807841,9.24518344
71.40000000,3.73591645,2.70058961,0.70021339,0.57818762,-0.82198543,0.48993395,0.0514849085,0.0567756355,10.19318488
71.60000000,3.85737886,2.71354635,0.85086789,0.09553254,0.82215588,0.75161790,0.0583809199,0.0563319429,9.50548171
71.80000000,3.72331603,2.84158748,0.91239627,-1.10703460,-0.01296258,-0.15589290,0.0584051595,0.0559731650,9.69503188
72.00000000,3.61828765,2.68696871,0.88092452,0.37004062,-1.03779459,0.18986452,0.0523506569,0.0565301953,10.88157186
72.20000000,3.74588604,2.65181874,1.01239362,0.25473404,0.74117380,0.79735070,0.0573251552,0.0562303116,10.28120457
72.40000000,3.63130182,2.79286814,1.06541570,-1.06373851,0.08944348,-0.33234984,0.0581015932,0.0559903132,10.32445128
72.60000000,3.54420792,2.64706954,0.99740643,0.50554000,-0.99219208,0.09990159,0.0528330808,0.0563155379,11.47604525
72.80000000,3.67608354,2.63704905,1.12056138,0.13245871,0.86959408,0.69011372,0.0576342948,0.0561419586,10.69883308
73.00000000,3.54733202,2.76931854,1.12762311,-0.94272624,-0.11887562,-0.58917903,0.0571879150,0.0559929207,10.86521314
73.20000000,3.52527211,2.61141232,1.04895327,0.81556415,-0.72965712,0.22902335,0.0531457465,0.0562028489,11.74586097
73.40000000,3.64742226,2.67125342,1.16580145,-0.15506631,1.02959974,0.40727739,0.0583674613,0.0561305649,10.70526360
73.60000000,3.50373391,2.76909178,1.10749769,-0.66783506,-0.45509918,-0.77257822,0.0559867959,0.0560252630,11.12243793
73.80000000,3.56064260,2.61441462,1.04200426,1.01546994,-0.29843748,0.36021091,0.0536912403,0.0560709336,11.51080564
74.00000000,3.65727962,2.74097836,1.13179391,-0.38543484,1.04762252,0.06263420,0.0590122773,0.0561920029,10.37706815
74.20000000,3.51699874,2.79876352,1.02435026,-0.38933552,-0.65431770,-0.81870763,0.0549524201,0.0560887854,10.93718093
74.40000000,3.62357923,2.66400908,0.96384159,1.07861384,0.00265424,0.29424671,0.0540088108,0.0559769819,10.93235052
74.60000000,3.71313937,2.82187238,1.01585132,-0.40577719,1.03327453,-0.13298339,0.0596344809,0.0562723251,9.80101232
74.80000000,3.57725009,2.87480053,0.89156624,-0.38423121,-0.62244113,-0.84553496,0.0547767499,0.0561733635,10.30690536
75.00000000,3.67867678,2.74243997,0.80184638,1.11529079,-0.07219764,0.03016458,0.0532196549,0.0559654456,10.32540200
75.20000000,3.80664572,2.88813146,0.81841746,-0.14408262,1.09962806,-0.14161314,0.0601247983,0.0562741094,9.14465439
75.40000000,3.67730568,2.99163270,0.70991459,-0.69286465,-0.30406588,-0.82309080,0.0566106718,0.0563523179,9.37378604
75.60000000,3.69309067,2.85064520,0.57413562,0.89916595,-0.54319451,-0.38266991,0.0511670509,0.0561758021,9.84180271
75.80000000,3.87864925,2.91096051,0.53698919,0.46703027,1.00234963,-0.16484504,0.0586865870,0.0560619268,8.76439669
76.00000000,3.81959759,3.08890449,0.46022491,-0.85226000,0.37905326,-0.61641500,0.0606743048,0.0566651860,8.43429462
76.20000000,3.69548976,3.01317673,0.32009639,0.00312530,-0.89376305,-0.67169471,0.0515853209,0.0564888200,9.22372445
76.40000000,3.83508865,2.91488583,0.21388123,1.00546782,0.24757218,-0.42159034,0.0533324315,0.0561104260,8.94618032
76.60000000,3.92623623,3.07569738,0.12803823,-0.28678591,0.97168956,-0.47283101,0.0620235167,0.0565313532,8.06024749
76.80000000,3.76945607,3.15793224,0.02480234,-0.92067236,-0.33347158,-0.53958783,0.0578935226,0.0564279974,8.40968226
77.00000000,3.71013608,2.99778512,-0.08438585,0.49719136,-0.82468611,-0.56805765,0.0499344057,0.0568155879,9.21457913
77.20000000,3.86934366,2.98061379,-0.20794306,0.60913160,0.68000586,-0.64540424,0.0567023068,0.0562932709,8.58227869
77.40000000,3.84100464,3.14807212,-0.32126458,-0.84932356,0.57917417,-0.43954827,0.0620308892,0.0565605277,8.16377114
77.60000000,3.65199257,3.11164517,-0.38567858,-0.60034127,-0.90104461,-0.27875596,0.0542200258,0.0563255151,9.05328432
77.80000000,3.69458641,2.93895691,-0.47579836,0.82417024,-0.32815365,-0.68048107,0.0515369361,0.0567518005,9.50122950
78.00000000,3.79334320,3.02776633,-0.62510189,-0.19646511,0.89420524,-0.64171204,0.0601411386,0.0564372569,8.73947435
78.20000000,3.62807375,3.12119887,-0.68925847,-1.08369341,-0.27383239,-0.02490566,0.0582737016,0.0559964292,9.11142014
78.40000000,3.54060483,2.94690351,-0.70374982,0.42716095,-0.97166648,-0.35127433,0.0515518709,0.0567422512,10.21456518
78.60000000,3.67103042,2.91958483,-0.84366127,0.28775926,0.70404648,-0.81945654,0.0572748224,0.0563395720,9.66323974
78.80000000,3.56441125,3.05905476,-0.92863905,-1.10210721,0.17695916,0.06356891,0.0591339933,0.0560510431,9.61054957
79.00000000,3.43229141,2.92831059,-0.88853814,0.19475661,-1.10066337,-0.02461387,0.0527255077,0.0564147405,10.84524101
79.20000000,3.56195095,2.85661547,-1.00060973,0.43192939,0.58986328,-0.84586886,0.0563886598,0.0562370963,10.44297771
79.40000000,3.47389383,3.00387011,-1.07969236,-1.06258359,0.27160007,0.21712973,0.0586693712,0.0560563177,10.24456692
79.60000000,3.36020965,2.88188025,-1.00264251,0.35119679,-1.05801729,0.08518219,0.0530573166,0.0562741928,11.45030339
79.80000000,3.49938107,2.83741019,-1.10748770,0.31355676,0.74965711,-0.76791415,0.0569117689,0.0561361600,10.83712252
80.00000000,3.39057239,2.98228654,-1.14275472,-0.99708500,0.07639726,0.49998069,0.0578213132,0.0560319778,10.75176081
80.20000000,3.33905938,2.84071120,-1.04684181,0.71795160,-0.85630829,-0.03573980,0.0530458531,0.0562015639,11.77204997
80.40000000,3.47859756,2.86837476,-1.15443734,0.01939507,0.98101929,-0.53592973,0.0578692189,0.0561005544,10.79608366
80.60000000,3.34415899,2.98951657,-1.12300639,-0.79087959,-0.26011398,0.74622105,0.0567420238,0.0560477834,10.97269888
80.80000000,3.37137639,2.83895352,-1.03204002,0.99075804,-0.47941308,-0.19636004,0.0532573448,0.0561103400,11.59109324
81.00000000,3.49292303,2.93918717,-1.12315579,-0.23232365,1.07205817,-0.21613106,0.0587103686,0.0561559915,10.41620999
81.20000000,3.35261390,3.02779640,-1.03793282,-0.55712170,-0.48036763,0.84193704,0.0558237657,0.0561006810,10.77036300
81.40000000,3.42988194,2.88773935,-0.94978981,1.08820454,-0.19760184,-0.16358484,0.0533391536,0.0560149288,11.03633681
81.60000000,3.54724991,3.02338722,-1.00667959,-0.25461191,1.08860773,-0.01007869,0.0593675806,0.0562122571,9.82073564
81.80000000,3.41080884,3.10991728,-0.90248908,-0.55693435,-0.44739494,0.86003342,0.0558694177,0.0562039416,10.12940613
82.00000000,3.47769361,2.97307564,-0.78913986,1.07948716,-0.27380662,0.09865588,0.0524704097,0.0560272586,10.41568384
82.20000000,3.63050698,3.09176702,-0.80413630,0.03924195,1.11654497,0.04222524,0.0595077799,0.0561739085,9.20160872
82.40000000,3.51378966,3.22560997,-0.71567877,-0.79569578,-0.09449896,0.77970106,0.0579615897,0.0564372284,9.20189470
82.60000000,3.48960816,3.09650835,-0.56888319,0.72728494,-0.68768761,0.49813446,0.0509566064,0.0562571487,9.84160138
82.80000000,3.68023879,3.11935060,-0.51949849,0.65043021,0.89709192,0.14886973,0.0573043865,0.0559748890,8.90247280
83.00000000,3.65363780,3.30930608,-0.45451067,-0.78890697,0.57230505,0.54780314,0.0614811557,0.0566891130,8.34610019
83.20000000,3.50851700,3.26853514,-0.31933430,-0.23784389,-0.83903981,0.69959849,0.0529314028,0.0564301355,9.06944902
83.40000000,3.61559647,3.14336950,-0.20390967,1.01945617,0.01217392,0.45886433,0.0518580825,0.0562218150,9.09343106
83.60000000,3.73728253,3.28046381,-0.11582107,-0.08588699,1.01350446,0.46414188,0.0611663867,0.0564028160,8.13199435
83.80000000,3.59938032,3.39437878,-0.01546988,-0.97999413,-0.12432287,0.52359420,0.0595605497,0.0565137794,8.25759369
84.00000000,3.50219626,3.25065462,0.09012511,0.27363937,-0.93609666,0.54666269,0.0504352877,0.0567862805,9.16600473
84.20000000,3.65225142,3.19145750,0.21163931,0.75392174,0.49724598,0.65904779,0.0548701906,0.0563331519,8.76433756
84.40000000,3.66160084,3.35523417,0.33256789,-0.70555999,0.71704309,0.48788303,0.0621403455,0.0565724274,8.16309214
84.60000000,3.47002867,3.35547274,0.40064507,-0.77734413,-0.76433438,0.24804151,0.0558265039,0.0561925261,8.88991057
84.80000000,3.47508191,3.17086647,0.47612310,0.75601081,-0.56076190,0.60331524,0.0508547008,0.0568495383,9.60236853
85.00000000,3.59632199,3.22370931,0.62507715,0.01176452,0.85657730,0.71842359,0.0590382596,0.0564165684,8.86947807
85.20000000,3.45484983,3.33944169,0.70699772,-1.11297220,-0.07348239,0.07673811,0.0593308990,0.0560825143,9.00233391
85.40000000,3.33559690,3.18391716,0.71128216,0.24378594,-1.07012749,0.21305182,0.0519809359,0.0566599267,10.18271649
85.60000000,3.46747179,3.11718896,0.83473164,0.46952889,0.54952608,0.85297080,0.0560690338,0.0563651928,9.83774211
85.80000000,3.39212158,3.26103184,0.94195298,-1.06096950,0.34849632,0.05375410,0.0596551474,0.0561131548,9.55796473
86.00000000,3.23685791,3.15836453,0.90018352,0.00097797,-1.11128581,-0.12263101,0.0533237053,0.0562802764,10.76650910
86.20000000,3.36174939,3.05356760,0.98795020,0.59597008,0.41171494,0.85164894,0.0554245873,0.0562611778,10.61382948
86.40000000,3.30367111,3.20035961,1.09071457,-1.02809381,0.43255356,-0.07691534,0.0590694586,0.0561020070,10.19458675
86.60000000,3.16625823,3.10576886,1.01201780,0.17277763,-1.07506394,-0.25373377,0.0534741799,0.0562199044,11.38297098
86.80000000,3.30664524,3.02947566,1.09294176,0.49132836,0.60185655,0.80396549,0.0561262482,0.0561315245,10.99006072
87.00000000,3.22214542,3.18085925,1.15531581,-1.02048486,0.25775547,-0.37705191,0.0583402653,0.0560819409,10.66199945
87.20000000,3.14173499,3.06058807,1.04907364,0.58372155,-0.94028400,-0.15852599,0.0531417168,0.0561899733,11.75427062
87.40000000,3.29387522,3.05617113,1.14037624,0.20396362,0.89943117,0.63199504,0.0572528649,0.0560744301,10.91094026
87.60000000,3.17400501,3.19546400,1.13728320,-0.88762340,-0.06457956,-0.67671965,0.0574462591,0.0560802092,10.83600625
87.80000000,3.16946209,3.05549886,1.02605140,0.92247710,-0.63158411,0.01152308,0.0529997675,0.0561292821,11.63234549
88.00000000,3.31271680,3.12681402,1.11099147,-0.06017887,1.06065300,0.34840922,0.0582403006,0.0561023425,10.48576729
88.20000000,3.17829613,3.24236321,1.05136819,-0.70220824,-0.29198160,-0.81953986,0.0567092831,0.0561281321,10.60640685
88.40000000,3.22258351,3.10420179,0.93930709,1.05127708,-0.38051173,0.00474977,0.0528367776,0.0560672831,11.10616042
88.60000000,3.36485450,3.21347026,0.99389720,-0.08283562,1.10669417,0.13550462,0.0588823602,0.0561333856,9.87420919
88.80000000,3.23443465,3.33005714,0.91300041,-0.70096909,-0.25521627,-0.83276780,0.0569768792,0.0562533660,9.95584954
89.00000000,3.26388555,3.19658468,0.78027179,0.99203768,-0.45329804,-0.24571800,0.0519715284,0.0561070089,10.46338011
89.20000000,3.43627178,3.28427639,0.78728231,0.23274257,1.09302686,0.03344234,0.0586484141,0.0560646300,9.29180005
89.40000000,3.33859821,3.44331738,0.71935631,-0.85642094,0.11734300,-0.70906206,0.0591539547,0.0565071366,9.05147520
89.60000000,3.27666717,3.33367153,0.56701687,0.51742287,-0.78444063,-0.60574059,0.0511951685,0.0563313125,9.78490350
89.80000000,3.46315468,3.31897721,0.50214886,0.81233653,0.75172059,-0.15817936,0.0558084652,0.0559310026,9.05734727
90.00000000,3.47158106,3.51322454,0.44622788,-0.68670911,0.74171114,-0.47779743,0.0618629708,0.0566219328,8.29801788
90.20000000,3.31368999,3.50969477,0.31872946,-0.45741376,-0.73395200,-0.70857767,0.0545706750,0.0564237558,8.89167702
90.40000000,3.38233859,3.36592686,0.19563459,0.97402149,-0.22487270,-0.50070910,0.0507443788,0.0563467063,9.20366934
90.60000000,3.52878865,3.47217690,0.10373175,0.12305415,1.01002897,-0.46335120,0.0599020070,0.0562633533,8.24191869
90.80000000,3.41628708,3.61254090,0.00515866,-0.99092700,0.08694814,-0.51039092,0.0609334255,0.0565972691,8.13558121
91.00000000,3.28689197,3.49304396,-0.09687203,0.03331416,-0.98811027,-0.52203778,0.0514592483,0.0566614045,9.06287532
91.20000000,3.41823541,3.39496568,-0.21451874,0.85752755,0.28045269,-0.66029385,0.0531409478,0.0564228956,8.94290639
91.40000000,3.46463522,3.54642219,-0.34201607,-0.53341857,0.82010354,-0.54119311,0.0617788941,0.0565329524,8.20496503
91.60000000,3.27869605,3.58221131,-0.41664396,-0.91587739,-0.59558637,-0.23757238,0.0574275707,0.0561393173,8.73087509
91.80000000,3.24486305,3.39547050,-0.47899745,0.63547451,-0.76473700,-0.51121876,0.0506562600,0.0569118746,9.64948327
92.00000000,3.38146531,3.40855383,-0.62255387,0.22025780,0.77433227,-0.77581647,0.0576895354,0.0563984725,9.02761341
92.20000000,3.26906614,3.54019349,-0.72283187,-1.10102147,0.11911758,-0.15348573,0.0601494213,0.0561801264,8.92482763
92.40000000,3.12226777,3.40950260,-0.72266269,0.03917767,-1.11393183,-0.08727043,0.0527150090,0.0564920362,10.10356623
92.60000000,3.24770081,3.30627073,-0.82511940,0.63146854,0.36450655,-0.84757157,0.0548624072,0.0564090790,10.01834719
92.80000000,3.20649893,3.44734133,-0.95174431,-0.98412673,0.49606290,-0.18817888,0.0599337747,0.0562140548,9.54029548
93.00000000,3.03306074,3.37526739,-0.91524607,-0.20122783,-1.07308915,0.24079478,0.0540908187,0.0561474131,10.65513446
93.20000000,3.14624750,3.24228105,-0.97553664,0.73779914,0.21423479,-0.81225055,0.0545078185,0.0562977429,10.78318274
93.40000000,3.12074806,3.38217709,-1.09797407,-0.95975696,0.56793277,-0.07946073,0.0592762675,0.0561457845,10.17711383
93.60000000,2.96353576,3.31703776,-1.02498758,-0.02145212,-1.04618645,0.39373691,0.0540486303,0.0561277201,11.28158993
93.80000000,3.09857851,3.21286196,-1.07795434,0.65753955,0.43227882,-0.79421142,0.0553309421,0.0561432528,11.14917125
94.00000000,3.04221853,3.36473564,-1.16461957,-1.01075128,0.41975082,0.22844274,0.0587143460,0.0561356517,10.60013116
94.20000000,2.93470232,3.26941249,-1.05550922,0.41779638,-0.97979318,0.33977416,0.0534254507,0.0561694308,11.69441598
94.40000000,3.09365966,3.23438578,-1.12444591,0.39228281,0.78866369,-0.68856280,0.0565550094,0.0560549865,11.04422399
94.60000000,2.99352463,3.38636916,-1.14939563,-0.95392151,0.12377200,0.56983258,0.0580549524,0.0561186265,10.71931582
94.80000000,2.95644628,3.26258370,-1.02437779,0.81086504,-0.74816090,0.18096425,0.0529413639,0.0561432356,11.62977861
95.00000000,3.11687448,3.30369907,-1.09590875,0.12619736,1.01521455,-0.45100836,0.0576304179,0.0560527048,10.58231765
95.20000000,2.99433632,3.44160316,-1.06357554,-0.81875877,-0.09846850,0.75493901,0.0575439690,0.0561747176,10.45482729
95.40000000,3.00336262,3.31208228,-0.93295772,0.96590519,-0.53660772,0.17051158,0.0525470624,0.0561028737,11.13329132
95.60000000,3.16612057,3.39202270,-0.97808407,0.10434501,1.08805654,-0.23503180,0.0582105300,0.0560585662,9.95845268
95.80000000,3.04822998,3.53424049,-0.92201739,-0.81078427,-0.05569567,0.76780317,0.0580100120,0.0563129326,9.79675105
96.00000000,3.03917391,3.41150866,-0.77556049,0.85489902,-0.60006891,0.39882304,0.0517807464,0.0561664462,10.46103784
96.20000000,3.22436438,3.46566399,-0.76866913,0.42851140,1.02957510,-0.07967392,0.0576014990,0.0559781132,9.40983061
96.40000000,3.15144384,3.64401378,-0.72024654,-0.87395912,0.32286767,0.61801841,0.0600969072,0.0565563060,8.93037234
96.60000000,3.05589922,3.56006312,-0.56805448,0.28277144,-0.82820439,0.69578202,0.0518782881,0.0563262431,9.67669360
96.80000000,3.22876002,3.50992061,-0.48577835,0.94165721,0.57111410,0.19262711,0.0543063546,0.0559479512,9.21619694
97.00000000,3.27320074,3.70044634,-0.43552871,-0.55017352,0.88189235,0.41178854,0.0617990565,0.0565407865,8.29178042
97.20000000,3.11105430,3.73461287,-0.31758848,-0.64434238,-0.58802927,0.69931345,0.0563444955,0.0564459047,8.70746034
97.40000000,3.13777058,3.58158363,-0.18902241,0.86896845,-0.44724533,0.54301038,0.0501102662,0.0564830061,9.26239657
97.60000000,3.30143159,3.65122005,-0.09215206,0.33099471,0.95893410,0.46998161,0.0583211149,0.0561713237,8.38391063
97.80000000,3.21971053,3.81166243,0.00589626,-0.95577519,0.29109220,0.50175086,0.0619114912,0.0566709769,8.05051728
98.00000000,3.06522371,3.72244314,0.10483192,-0.20690664,-0.97998824,0.49679724,0.0528958905,0.0565235143,8.91875459
98.20000000,3.16934611,3.59112577,0.21709131,0.91037970,0.04049973,0.64773711,0.0516801184,0.0565699364,9.10076190
98.40000000,3.25030814,3.72183698,0.34938356,-0.33870485,0.88368358,0.59529586,0.0609668912,0.0564869690,8.28783115
98.60000000,3.07777319,3.79043833,0.43296790,-1.01170909,-0.40619305,0.24788447,0.0589035775,0.0561706937,8.58932637
98.80000000,3.00597141,3.61098415,0.48487239,0.46987257,-0.92675149,0.41273022,0.0509431484,0.0568773488,9.63838223
99.00000000,3.14965713,3.58261520,0.61821020,0.41971996,0.64909294,0.80777984,0.0562016856,0.0564275497,9.20498873
99.20000000,3.07065584,3.72310221,0.73603547,-1.04874736,0.29641418,0.24952430,0.0606748232,0.0562523590,8.88341793
99.40000000,2.90178215,3.62159718,0.73740620,-0.17436250,-1.10424050,-0.01566523,0.0536785025,0.0562727084,9.98797288
99.60000000,3.01298158,3.48660298,0.81596063,0.76354336,0.15690487,0.80148434,0.0537588989,0.0564796172,10.19246491
99.80000000,3.00762799,3.61794027,0.95764717,-0.87268992,0.61551332,0.33098398,0.0599479562,0.0562382746,9.55890668
100.00000000,2.82182291,3.57736451,0.93285873,-0.40164836,-0.99253278,-0.32179497,0.0549674787,0.0560334420,10.52314094
100.20000000,2.91666198,3.42221498,0.96450868,0.84803113,0.00618184,0.72856001,0.0537113020,0.0563472146,10.93928364
100.40000000,2.92524324,3.54925582,1.10118966,-0.85777088,0.67484867,0.24249343,0.0592745534,0.0561839573,10.19331162
100.60000000,2.75311690,3.51417077,1.04075348,-0.22229988,-0.97704059,-0.49595274,0.0547383309,0.0560250892,11.15621956
100.80000000,2.87610977,3.38707803,1.06361634,0.80292801,0.24794913,0.73744320,0.0545815258,0.0561689687,11.30452807
101.00000000,2.85093140,3.53372795,1.17017808,-0.96641689,0.55860199,-0.06322042,0.0589212483,0.0561590935,10.56887153
101.20000000,2.71932455,3.46563726,1.06570171,0.22740932,-0.97619662,-0.49529764,0.0538766065,0.0561142981,11.59818408
101.40000000,2.87853547,3.40269468,1.10761119,0.57636606,0.65335290,0.70066163,0.0558178886,0.0560455170,11.18865172
101.60000000,2.80290995,3.56183580,1.15856407,-0.98644767,0.29891048,-0.43309130,0.0585309101,0.0561575786,10.62791300
101.80000000,2.73393033,3.45870885,1.02703562,0.65937095,-0.82496908,-0.36694756,0.0530919694,0.0561512060,11.58272829
102.00000000,2.90575386,3.46965065,1.07870451,0.32031607,0.93827852,0.51674515,0.0569162469,0.0560086979,10.70079404
102.20000000,2.80093436,3.62487349,1.07358666,-0.90207814,0.09225180,-0.65401769,0.0582694086,0.0562308258,10.32337637
102.40000000,2.77399945,3.50995699,0.93098459,0.83376979,-0.65823743,-0.34863436,0.0525038623,0.0561370978,11.11317141
102.60000000,2.95137891,3.55894424,0.96002267,0.30011094,1.03391316,0.30158164,0.0573929477,0.0559938880,10.06869174
102.80000000,2.85220841,3.72172498,0.92860159,-0.88244821,0.14273276,-0.67149608,0.0588907012,0.0563705822,9.66051039
103.00000000,2.80547629,3.61624085,0.77496296,0.67429344,-0.70595169,-0.54493581,0.0519336978,0.0561915856,10.40668471
103.20000000,2.99546804,3.63595310,0.74924949,0.61711797,0.92769969,0.09237512,0.0564322554,0.0559189580,9.54790145
103.40000000,2.95205464,3.82716440,0.71788270,-0.84869530,0.51504832,-0.51423338,0.0607251817,0.0565495247,8.84402034
103.60000000,2.82862498,3.77359601,0.57124552,0.03823814,-0.81842315,-0.76073376,0.0529511728,0.0563246239,9.52789359
103.80000000,2.97878652,3.69217762,0.47115966,1.02750907,0.36294425,-0.24998206,0.0529149770,0.0560099250,9.36372763
104.00000000,3.05843970,3.87091599,0.42274237,-0.38455496,0.98812634,-0.35456773,0.0612990533,0.0564010272,8.32727531
104.20000000,2.90044307,3.94157021,0.31531078,-0.79094839,-0.41200056,-0.67427786,0.0580899554,0.0565167735,8.53216277
104.40000000,2.88433801,3.78895990,0.18386837,0.70976993,-0.63878485,-0.58152817,0.0500317339,0.0565709333,9.26100846
104.60000000,3.05619846,3.81809448,0.08140225,0.52757446,0.85935135,-0.48288186,0.0565426688,0.0561255698,8.54884239
104.80000000,3.00932799,3.99126243,-0.01738026,-0.87786919,0.48008095,-0.49886111,0.0624262709,0.0566821923,8.00661381
105.00000000,2.83778988,3.93645907,-0.11408077,-0.43180898,-0.91608380,-0.47363056,0.0546011070,0.0563878588,8.75079474
105.20000000,2.90791374,3.77962234,-0.21992899,0.90569189,-0.20829739,-0.62155356,0.0506333255,0.0567281743,9.22072942
105.40000000,3.01901106,3.88184306,-0.35461079,-0.12814504,0.90381052,-0.64552290,0.0597581386,0.0564045737,8.40807386
105.60000000,2.86703594,3.97909406,-0.44888739,-1.06299113,-0.20680007,-0.27798921,0.0601501513,0.0562619942,8.47529616
105.80000000,2.76025500,3.81538387,-0.49390441,0.27059900,-1.03739897,-0.31713398,0.0516668009,0.0567333123,9.57234545
106.00000000,2.90205809,3.74617149,-0.61291277,0.59952540,0.48466887,-0.80972822,0.0547019378,0.0564825399,9.38995646
106.20000000,2.85961350,3.88802440,-0.74606698,-0.95770637,0.45221898,-0.35817719,0.0608689377,0.0563621053,8.88058646
106.40000000,2.67507901,3.81831631,-0.75475168,-0.38470369,-1.04606878,0.08796346,0.0547880426,0.0560906188,9.84963768
106.60000000,2.76485821,3.65778290,-0.80839711,0.85601451,-0.06348215,-0.71638226,0.0528554374,0.0565620976,10.34647986
106.80000000,2.79563507,3.77288373,-0.95954154,-0.72857491,0.70391222,-0.47294878,0.0596912964,0.0562897672,9.61365009
107.00000000,2.60391184,3.76326315,-0.95198768,-0.59068718,-0.87794059,0.36097552,0.0558937484,0.0559410196,10.38309817
107.20000000,2.67446477,3.59267280,-0.95593435,0.91795230,-0.20281527,-0.60516433,0.0530977185,0.0563868363,11.07024356
107.40000000,2.71729356,3.70158758,-1.10031856,-0.72328005,0.75164802,-0.40235000,0.0590611048,0.0562131085,10.24300311
107.60000000,2.53594450,3.69588012,-1.05833840,-0.42037932,-0.87510099,0.55450318,0.0554969379,0.0559721036,11.01801380
107.80000000,2.64041698,3.55152161,-1.05100609,0.91791177,0.05661225,-0.63578872,0.0539314297,0.0561977383,11.44533664
108.00000000,2.64840779,3.68772350,-1.17172065,-0.88689111,0.67197585,-0.10893508,0.0589480830,0.0561742582,10.56959514
108.20000000,2.49687225,3.64786131,-1.07894029,0.02144329,-0.93355099,0.61483083,0.0544637868,0.0560440151,11.47416089
108.40000000,2.64930705,3.56070195,-1.09092313,0.74685887,0.49886813,-0.66582776,0.0550872760,0.0560503901,11.33534731
108.60000000,2.60230299,3.72159393,-1.16419681,-0.98278222,0.45647097,0.27525904,0.0588460792,0.0561910931,10.56551353
108.80000000,2.50349606,3.64240760,-1.03371480,0.47446959,-0.86075696,0.53288857,0.0534461237,0.0561254149,11.49477738
109.00000000,2.67990155,3.62444001,-1.06032883,0.51397562,0.83306175,-0.54021415,0.0561388849,0.0559835270,10.83433525
109.20000000,2.59821499,3.79170840,-1.08059913,-0.94864586,0.27387045,0.52446177,0.0588377418,0.0562626210,10.21796636
109.40000000,2.53628551,3.69634804,-0.93327905,0.66028871,-0.74035077,0.51564879,0.0527234909,0.0561386881,11.04607193
109.60000000,2.72116985,3.71412874,-0.94066121,0.49595323,0.94620885,-0.32971702,0.0564776076,0.0559470867,10.19812750
109.80000000,2.64632422,3.89196322,-0.93201240,-0.91352686,0.33319557,0.55176398,0.0595573718,0.0564132158,9.55337609
110.00000000,2.56459513,3.80909830,-0.77807335,0.46017469,-0.76615105,0.67174841,0.0524344628,0.0562113358,10.30427260
110.20000000,2.75056958,3.79517251,-0.73005882,0.78779221,0.79027994,-0.06953514,0.0552146499,0.0558969602,9.69563577
110.40000000,2.74020653,3.99240261,-0.71204713,-0.78222073,0.68817362,0.40563763,0.0610006330,0.0565071878,8.79575163
110.60000000,2.59581999,3.97228293,-0.57565949,-0.20141019,-0.75874114,0.79607782,0.0543144925,0.0563381464,9.35311328
110.80000000,2.71531574,3.86558870,-0.45892858,1.06058203,0.13790597,0.32579407,0.0517545785,0.0560958243,9.48355714
111.00000000,2.82743033,4.02473421,-0.40834471,-0.19601653,1.05611099,0.31016315,0.0604004848,0.0562592260,8.40250945
111.20000000,2.68157391,4.12918121,-0.31144115,-0.89281357,-0.21653130,0.63717517,0.0596575065,0.0566151564,8.37826822
111.40000000,2.62430572,3.98630412,-0.17981576,0.50730301,-0.78583615,0.61245349,0.0505269897,0.0565858294,9.19888973
111.60000000,2.79442373,3.97337578,-0.07171125,0.70122507,0.71269920,0.50033721,0.0547092785,0.0561448036,8.72424848
111.80000000,2.78497173,4.15110929,0.02893226,-0.76120041,0.64679675,0.50221704,0.0624426178,0.0566297709,8.00587115
112.00000000,2.60486265,4.13294519,0.12455930,-0.62924352,-0.80435819,0.45503248,0.0564165642,0.0563326348,8.57659909
112.20000000,2.63644595,3.95975170,0.22359990,0.84111328,-0.44930794,0.58364792,0.0501050664,0.0568492283,9.28865894
112.40000000,2.77135081,4.02695102,0.35782396,0.09022321,0.87743650,0.68699273,0.0582402672,0.0563730642,8.55964623
112.60000000,2.64629975,4.14744891,0.46370381,-1.06955075,-0.00689933,0.32558814,0.0610814684,0.0563890719,8.39581973
112.80000000,2.50928039,4.00654368,0.50594376,0.05153986,-1.09222269,0.23321079,0.0527414230,0.0565054445,9.46131974
113.00000000,2.64014016,3.89940487,0.60765652,0.74829001,0.28748917,0.77936260,0.0533265450,0.0565780844,9.56845595
113.20000000,2.63599869,4.03498781,0.75259965,-0.83012409,0.58147500,0.47199030,0.0607129546,0.0563836199,8.91704250
113.40000000,2.44288345,3.99803442,0.77374647,-0.58091305,-0.94706184,-0.12493161,0.0559600190,0.0559731726,9.70291339
113.60000000,2.50513991,3.81920570,0.80347325,0.90071290,-0.28543805,0.59769173,0.0522289718,0.0566223290,10.46728270
113.80000000,2.57070605,3.91229522,0.95756211,-0.55479216,0.75931812,0.60467813,0.0591750616,0.0563004039,9.70287506
114.00000000,2.37994673,3.93185403,0.97152258,-0.75984709,-0.73832606,-0.35707283,0.0568117536,0.0559116328,10.24674510
114.20000000,2.42136078,3.75280606,0.95071676,0.94069301,-0.40286809,0.45031980,0.0527119972,0.0564170419,11.16547113
114.40000000,2.49707682,3.83919588,1.09555928,-0.55865807,0.79766261,0.54920803,0.0586459093,0.0562081939,10.32467327
114.60000000,2.31281855,3.86112721,1.07666904,-0.60670973,-0.74861015,-0.56699212,0.0562768432,0.0559444225,10.87794594
114.80000000,2.39293022,3.70548330,1.04110836,0.99356161,-0.13361048,0.49495198,0.0534267807,0.0562282493,11.56088846
115.00000000,2.43477408,3.82665353,1.16920345,-0.77267289,0.75870903,0.27808465,0.0587923141,0.0561797628,10.60242704
115.20000000,2.26848404,3.81487498,1.09431529,-0.19034820,-0.85782759,-0.69129823,0.0551470567,0.0560127034,11.33257890
115.40000000,2.40702926,3.70793933,1.07545555,0.89358647,0.33121856,0.58462921,0.0544099176,0.0560654338,11.47419067
115.60000000,2.39181138,3.86546110,1.16591354,-0.94152775,0.59355887,-0.10586391,0.0589827340,0.0561912180,10.53440962
115.80000000,2.26663613,3.81230841,1.04380791,0.26505628,-0.85707622,-0.66720260,0.0539820625,0.0560998424,11.37315747
116.00000000,2.44009602,3.76779922,1.04183629,0.69745276,0.70347394,0.51834143,0.0553435185,0.0559726118,10.97426399
116.20000000,2.38624759,3.94177682,1.08401426,-0.95613633,0.44165103,-0.37515524,0.0592140886,0.0562804964,10.14277387
116.40000000,2.29193258,3.86978938,0.93938840,0.45415685,-0.78091891,-0.65871159,0.0531996161,0.0561378983,10.93706848
116.60000000,2.47628931,3.85746043,0.92106363,0.68179980,0.82775626,0.31616824,0.0555181524,0.0559220366,10.33780678
116.80000000,2.43050213,4.04456092,0.93174186,-0.90295970,0.51029427,-0.41744135,0.0599678358,0.0564089581,9.47961759
117.00000000,2.31812449,3.98840677,0.78416527,0.22505837,-0.77958707,-0.76914657,0.0532503403,0.0562070651,10.16289546
117.20000000,2.49099469,3.94333290,0.71214514,0.92896385,0.62199915,0.01170256,0.0540300291,0.0559158003,9.84026311
117.40000000,2.51575187,4.13950338,0.70277114,-0.67720419,0.83748360,-0.30001572,0.0609114739,0.0564157876,8.78706686
117.60000000,2.35812901,4.15432734,0.58029056,-0.42305321,-0.65585195,-0.80054851,0.0558389152,0.0563734137,9.16808782
117.80000000,2.44071503,4.02976134,0.44951489,1.03477649,-0.09065920,-0.41353627,0.0509388973,0.0562374673,9.56051282
118.00000000,2.58052071,4.16216231,0.39292233,0.00810721,1.08192984,-0.28170163,0.0591661837,0.0561257854,8.51335048
118.20000000,2.45413083,4.29637686,0.30569946,-0.94814180,-0.01149312,-0.59235863,0.0609228483,0.0566821661,8.25507895
118.40000000,2.35961301,4.17159295,0.17639663,0.27637369,-0.87918785,-0.63296130,0.0515505911,0.0565700048,9.08358374
118.60000000,2.51781874,4.11764073,0.06319413,0.83975290,0.52361444,-0.52022753,0.0529791420,0.0562321330,8.89453667
118.80000000,2.54663366,4.29120609,-0.04018101,-0.61033487,0.78471365,-0.51157554,0.0619591157,0.0565300391,8.04834152
119.00000000,2.36648828,4.31008065,-0.13608058,-0.79058412,-0.65470997,-0.44308611,0.0581864525,0.0563484666,8.41189710
119.20000000,2.35748294,4.13038434,-0.22859890,0.71981122,-0.66556864,-0.53747919,0.0501426780,0.0568872230,9.29645866
119.40000000,2.50818751,4.15778949,-0.35934207,0.30674760,0.80291017,-0.71500689,0.0565327520,0.0563691193,8.73363736
119.60000000,2.41544203,4.29506513,-0.47679665,-1.03233145,0.18521764,-0.38727235,0.0616329051,0.0564427089,8.35533877
119.80000000,2.25429286,4.18238204,-0.52056170,-0.17282391,-1.09171119,-0.16820297,0.0540596516,0.0562920598,9.31970604
120.00000000,2.36570016,4.04233634,-0.60348056,0.85495455,0.06680905,-0.71734436,0.0522046918,0.0566900589,9.72508350
120.20000000,2.39994528,4.16416116,-0.75554387,-0.66908598,0.68002576,-0.58299449,0.0602104372,0.0563980913,8.99182588
120.40000000,2.20573548,4.15942787,-0.79333783,-0.75381960,-0.81616698,0.12498448,0.0571149319,0.0559278596,9.56107355
120.60000000,2.23585120,3.97005629,-0.80203190,0.89238563,-0.49716837,-0.45438434,0.0519261034,0.0566591517,10.54420928
120.80000000,2.33311477,4.03634386,-0.95209746,-0.35578000,0.78061632,-0.71697446,0.0584294557,0.0562854639,9.82331456
121.00000000,2.15041339,4.08230488,-0.99036095,-0.90195254,-0.58242589,0.31185782,0.0576671902,0.0559277380,10.12413093
121.20000000,2.15923661,3.90163452,-0.94950876,0.91233802,-0.58462525,-0.27540194,0.0525766794,0.0564335671,11.21723744
121.40000000,2.26484296,3.96211677,-1.08734582,-0.36779926,0.81298411,-0.67362757,0.0580525869,0.0561827471,10.43537887
121.60000000,2.08439609,4.00911902,-1.09465648,-0.77313514,-0.60565568,0.53426286,0.0570313981,0.0559529075,10.74588846
121.80000000,2.13531001,3.84815987,-1.03473250,1.02271157,-0.31469792,-0.32406757,0.0531019760,0.0562572776,11.64180811
122.00000000,2.21018491,3.95047007,-1.16281121,-0.62558831,0.81851119,-0.43436414,0.0584621709,0.0561566883,10.66625599
122.20000000,2.03514251,3.96568364,-1.11079505,-0.39808883,-0.75599001,0.72110878,0.0558810373,0.0559976990,11.18406825
122.40000000,2.15302218,3.84386980,-1.06223121,1.00639198,0.15690413,-0.46103116,0.0538305267,0.0561057854,11.59451412
122.60000000,2.17152937,3.99331045,-1.16355888,-0.86245440,0.70845973,-0.06519702,0.0589340862,0.0561806119,10.53559313
122.80000000,2.02469812,3.96718638,-1.05646740,0.04157382,-0.81776488,0.76126581,0.0546627313,0.0560650891,11.22761186
123.00000000,2.18738313,3.89942064,-1.02432376,0.85997632,0.55416165,-0.45093125,0.0545779351,0.0559878668,11.11031759
123.20000000,2.16506953,4.07484490,-1.08346143,-0.92345473,0.59221021,0.21566599,0.0593777025,0.0562604202,10.10040824
123.40000000,2.04249450,4.02889246,-0.94856066,0.22640971,-0.78086538,0.76745116,0.0539010695,0.0561383414,10.79513899
123.60000000,2.21782829,3.98880748,-0.90234506,0.84643540,0.68245292,-0.26038146,0.0545727859,0.0559302099,10.47675224
123.80000000,2.20466727,4.17924207,-0.92753319,-0.85097995,0.66983436,0.27775603,0.0601000487,0.0563595141,9.44175191
124.00000000,2.06738918,4.15258263,-0.79227075,-0.01746240,-0.74856875,0.83026096,0.0543135600,0.0562195560,9.99507404
124.20000000,2.21842301,4.08039108,-0.69648631,1.02923074,0.42970961,0.07763432,0.0529651979,0.0559758565,9.96740393
124.40000000,2.27864705,4.26837012,-0.69032310,-0.53739694,0.95880009,0.20469554,0.0604700977,0.0563049634,8.81776721
124.60000000,2.11591602,4.31817837,-0.58416046,-0.61610924,-0.51812742,0.77585226,0.0573836728,0.0564486109,8.98755950
124.80000000,2.15752484,4.18400917,-0.44308674,0.94869764,-0.30790402,0.50513487,0.0505612509,0.0563326349,9.58343439
125.00000000,2.31830914,4.28362520,-0.37713193,0.21902666,1.06227844,0.27126586,0.0576817578,0.0560273205,8.65310868
125.20000000,2.21782487,4.44237661,-0.29798919,-0.95705617,0.19428167,0.54432661,0.0617933259,0.0567174197,8.16895597
125.40000000,2.09178662,4.34267523,-0.17308856,0.03347438,-0.91499119,0.64161041,0.0529992888,0.0564763567,8.92895568
125.60000000,2.22847675,4.25136432,-0.05583968,0.93151695,0.30070069,0.54023013,0.0515133697,0.0563613480,9.04212290
125.80000000,2.29447126,4.41178514,0.05078228,-0.43056461,0.88767727,0.52596246,0.0610082332,0.0564259294,8.13213792
126.00000000,2.12258506,4.46640208,0.14834899,-0.91044894,-0.47758747,0.43930201,0.0597696882,0.0564374663,8.26934336
126.20000000,2.07343528,4.28999528,0.23528711,0.55046532,-0.84216732,0.48758123,0.0507305388,0.0568162115,9.24404163
126.40000000,2.23068141,4.27506005,0.35966657,0.51011775,0.68067198,0.72557484,0.0547809869,0.0564184430,8.91800585
126.60000000,2.17441188,4.42176136,0.48766489,-0.95306706,0.36229317,0.45869396,0.0617636474,0.0564847376,8.35612354
126.80000000,1.99622431,4.34099015,0.53710697,-0.38905692,-1.04040992,0.12718180,0.0555063811,0.0561315022,9.16361833
127.00000000,2.08083771,4.17476311,0.60136622,0.91028594,-0.16552966,0.62767247,0.0514404394,0.0567758024,9.84497521
127.20000000,2.15168074,4.27583049,0.75506047,-0.47885299,0.74444490,0.68300431,0.0593897507,0.0563812296,9.10223234
127.40000000,1.96402520,4.30148243,0.81245992,-0.89616136,-0.66250186,-0.08932739,0.0581795796,0.0559497587,9.43528127
127.60000000,1.95914909,4.10932619,0.80462505,0.82976642,-0.68744108,0.29817062,0.0519584725,0.0566245675,10.57091902
127.80000000,2.08326146,4.14522736,0.94377777,-0.13771828,0.76742790,0.80129978,0.0575036630,0.0562817922,9.96988541
128.00000000,1.91568229,4.21403359,1.00748044,-1.01119075,-0.41804683,-0.22961566,0.0584104048,0.0559766076,10.02324777
128.20000000,1.89008438,4.03808353,0.95264863,0.83270178,-0.74013150,0.09384202,0.0526912696,0.0563948650,11.22197255
128.40000000,2.02095292,4.07038706,1.07633191,-0.15637079,0.79828822,0.76699236,0.0573179636,0.0561822041,10.57059559
128.60000000,1.85119942,4.13928555,1.11126763,-0.91257700,-0.45349544,-0.45993291,0.0577167166,0.0559847916,10.63009810
128.80000000,1.86939919,3.97867781,1.03243976,1.00100509,-0.47930483,0.13508824,0.0529768416,0.0562510350,11.68137021
129.00000000,1.97485545,4.05913161,1.15295108,-0.44902784,0.85168224,0.56833484,0.0579764671,0.0561326944,10.75866758
129.20000000,1.79766497,4.09950928,1.12730484,-0.59239584,-0.63511777,-0.70404950,0.0566182918,0.0560057567,11.03864413
129.40000000,1.88886362,3.96789571,1.05214267,1.07619987,-0.01732457,0.30246781,0.0533885947,0.0561206568,11.68614640
129.60000000,1.94156444,4.10504770,1.15720745,-0.74666941,0.80030685,0.22800613,0.0587042884,0.0561599003,10.56881407
129.80000000,1.77884734,4.10599688,1.07068143,-0.18493489,-0.74816832,-0.80996068,0.0554390435,0.0560560759,11.06904680
130.00000000,1.92309659,4.01895669,1.00885581,0.99051749,0.39053640,0.34110035,0.0538907831,0.0560125860,11.23124762
130.20000000,1.93471313,4.19074689,1.07881074,-0.85080356,0.72319453,-0.05582113,0.0593220848,0.0562429166,10.09205760
130.40000000,1.78931210,4.17240103,0.95981889,-0.01075191,-0.74354110,-0.83487966,0.0547739464,0.0561324705,10.63168530
130.60000000,1.94719739,4.10801093,0.88559329,0.97827966,0.51550002,0.16498979,0.0537031271,0.0559548619,10.60252394
130.80000000,1.96877588,4.29582496,0.91938644,-0.75910156,0.80846633,-0.14191552,0.0599513329,0.0562908349,9.44071781
131.00000000,1.81342167,4.30019722,0.80128139,-0.25413989,-0.67795346,-0.85193016,0.0555300041,0.0562531040,9.81469926
131.20000000,1.93487099,4.20620461,0.68390002,1.07872118,0.22252983,-0.19192205,0.0521086678,0.0560503023,10.06259201
131.40000000,2.02898203,4.37903386,0.67518722,-0.36775447,1.04823660,-0.12629196,0.0597101535,0.0561715930,8.88590554
131.60000000,1.86933241,4.46255043,0.58640528,-0.77281083,-0.35441676,-0.72604762,0.0588139853,0.0565235548,8.82397755
131.80000000,1.86830831,4.32732840,0.43952144,0.80647648,-0.49925233,-0.59189169,0.0506784370,0.0563798148,9.54762365
132.00000000,2.04168634,4.38970401,0.36165497,0.42631425,0.99498706,-0.27973181,0.0560529192,0.0559784060,8.81210730
132.20000000,1.97243423,4.56666148,0.28838890,-0.92101612,0.39290498,-0.49734088,0.0622102848,0.0566824405,8.12375939
132.40000000,1.82192450,4.49742563,0.16937841,-0.20549148,-0.89448828,-0.63848017,0.0547280307,0.0564283118,8.75216613
132.60000000,1.92883515,4.37479804,0.04951036,0.96713620,0.05669543,-0.55805568,0.0504586789,0.0565257240,9.14969569
132.80000000,2.02882188,4.51330691,-0.06045453,-0.22823637,0.94986929,-0.54373656,0.0596562157,0.0563080996,8.25318678
133.00000000,1.87302187,4.60080126,-0.16098757,-0.98603411,-0.28309412,-0.44450805,0.0610477065,0.0565334724,8.15825792
133.20000000,1.78644039,4.43676323,-0.24385084,0.34604676,-0.96830088,-0.43890545,0.0517959773,0.0566942834,9.13933057
133.40000000,1.94033782,4.37947023,-0.35944921,0.68777574,0.51406483,-0.71602711,0.0531449504,0.0565212210,9.09780693
133.60000000,1.92323520,4.52758398,-0.49596293,-0.83420292,0.51785068,-0.53472339,0.0614594047,0.0565107707,8.39855572
133.80000000,1.73573487,4.48072263,-0.55477810,-0.58580322,-0.94556590,-0.11283908,0.0569686081,0.0560469283,9.00849673
134.00000000,1.78788896,4.29621292,-0.60213000,0.90849123,-0.39593772,-0.51756152,0.0510974395,0.0568310624,9.91624266
134.20000000,1.89155754,4.37038058,-0.75156315,-0.26523726,0.77197187,-0.76400362,0.0583053013,0.0563762642,9.24358916
134.40000000,1.71802666,4.42347452,-0.83010936,-1.00246223,-0.49457130,0.02148506,0.0590883588,0.0560374834,9.33420482
134.60000000,1.67721819,4.23585826,-0.81145498,0.71603902,-0.84679685,-0.14218334,0.0523050193,0.0565498448,10.54661903
134.80000000,1.82171942,4.23915927,-0.93344834,0.09126099,0.72011441,-0.85035260,0.0564642207,0.0562935297,10.13548172
135.00000000,1.67602783,4.32666976,-1.02199681,-1.08306478,-0.25173314,0.11659313,0.0589976145,0.0560497937,9.95001608
135.20000000,1.61591104,4.16103614,-0.96012772,0.70555585,-0.86356032,0.08029545,0.0530352120,0.0563339500,11.18089410
135.40000000,1.76592291,4.16403890,-1.06336353,0.06803812,0.75472747,-0.82204019,0.0564906444,0.0561771531,10.72406176
135.60000000,1.61363019,4.25124527,-1.12558418,-1.01916683,-0.29816776,0.34983964,0.0582932437,0.0560347028,10.53704113
135.80000000,1.59715235,4.09612681,-1.03449038,0.92764473,-0.62134726,0.05827200,0.0530557949,0.0562309093,11.67656307
136.00000000,1.72909952,4.15259708,-1.14023795,-0.24814848,0.85887125,-0.67138309,0.0573638498,0.0561107888,10.87581669
136.20000000,1.55670668,4.21577392,-1.14279988,-0.76482641,-0.50171338,0.64289734,0.0573125306,0.0560314088,10.90504318
136.40000000,1.61635541,4.07937204,-1.04587593,1.09615489,-0.18481266,-0.11950506,0.0531154160,0.0561555840,11.74067962
136.60000000,1.70206927,4.20059773,-1.14716099,-0.59679833,0.86874923,-0.37296008,0.0583078347,0.0561174399,10.63255705
136.80000000,1.53004955,4.22788832,-1.08535741,-0.40368080,-0.65428565,0.81175414,0.0562547959,0.0560708949,10.90829363
137.00000000,1.64885602,4.12601989,-0.99638208,1.07886443,0.21872294,-0.19545963,0.0533293424,0.0560507787,11.32583984
137.20000000,1.69523646,4.28936647,-1.07017608,-0.73978356,0.83291870,-0.09465389,0.0590542199,0.0561793692,10.11755920
137.40000000,1.53348527,4.29922716,-0.97205268,-0.24511314,-0.67391025,0.85776288,0.0557478122,0.0561498997,10.45891964
137.60000000,1.66612681,4.21486845,-0.87178014,1.06651883,0.33351159,-0.03605861,0.0529722931,0.0560206559,10.70232501
137.80000000,1.72284779,4.39421043,-0.90755330,-0.63017790,0.92331805,0.01876730,0.0595365126,0.0562082572,9.47593567
138.00000000,1.55697293,4.43001538,-0.81005491,-0.47315368,-0.57408838,0.83459017,0.0567922631,0.0563052137,9.63521633
138.20000000,1.64263344,4.32048479,-0.67495667,1.07064476,0.01148347,0.32183929,0.0515438157,0.0561451111,10.11341433
138.40000000,1.76701398,4.47166146,-0.65803404,-0.17464172,1.10205673,0.07045455,0.0586834270,0.0560590045,8.98756021
138.60000000,1.61838801,4.58641684,-0.58633902,-0.88803059,-0.17323269,0.65679884,0.0600140647,0.0566106794,8.68699656
138.80000000,1.57548929,4.45842526,-0.43841270,0.61752275,-0.65235726,0.66564874,0.0512969093,0.0564091107,9.45598562
139.00000000,1.75188079,4.48110821,-0.34714774,0.61798792,0.87982010,0.30659438,0.0544020775,0.0559928903,8.97749568
139.20000000,1.71782883,4.66895588,-0.27713129,-0.84244223,0.57715576,0.45516470,0.0621489807,0.0565859946,8.12124369
139.40000000,1.55074072,4.63387561,-0.16482170,-0.42688615,-0.82286311,0.62502569,0.0565710844,0.0564427221,8.57062141
139.60000000,1.62158216,4.48785340,-0.04395607,0.94136789,-0.19230503,0.57169734,0.0499274887,0.0566275252,9.20333511
139.80000000,1.75023021,4.59645638,0.06901057,-0.01117011,0.96603076,0.56271875,0.0580021786,0.0562412485,8.40478944
140.00000000,1.61767160,4.71250427,0.17357103,-1.01637545,-0.08057844,0.45878169,0.0619289831,0.0565914371,8.08492144
140.20000000,1.49826916,4.56871675,0.25428502,0.12177346,-1.03837283,0.39616369,0.0532239908,0.0564715204,8.99632187
140.40000000,1.63903385,4.47164441,0.35943648,0.82692727,0.31003317,0.68561161,0.0517820992,0.0566511932,9.25625848
140.60000000,1.66202312,4.61278638,0.50153063,-0.67904032,0.64595371,0.60962334,0.0607350455,0.0564625475,8.48119914
140.80000000,1.47327010,4.60024495,0.57269923,-0.75416404,-0.81575341,0.12560070,0.0583414603,0.0560620116,8.86756594
141.00000000,1.48931866,4.40593024,0.60632905,0.84847710,-0.61048222,0.39672488,0.0511912814,0.0567994126,9.93231115
141.20000000,1.62009699,4.44827861,0.74570670,-0.03594777,0.76059080,0.81865862,0.0570368400,0.0563886510,9.40895798
141.40000000,1.46792696,4.52493676,0.84540673,-1.06879846,-0.31985211,0.07319156,0.0597846679,0.0561342347,9.26407396
141.60000000,1.39216143,4.34841500,0.82235666,0.55853430,-0.96852032,-0.00058992,0.0529195086,0.0564002570,10.47619388
141.80000000,1.54928520,4.31835845,0.92212628,0.32106907,0.63988509,0.85875155,0.0553911838,0.0563228697,10.31088465
142.00000000,1.43164841,4.42001258,1.03320768,-1.11433546,-0.08870388,0.01950879,0.0593925698,0.0561361893,9.90845903
142.20000000,1.33864693,4.26939342,0.97159534,0.53824718,-0.95163450,-0.23382518,0.0535729470,0.0562214152,11.09975824
142.40000000,1.50047027,4.24309925,1.04943768,0.29594697,0.68390569,0.83347516,0.0556283749,0.0561888714,10.88770973
142.60000000,1.37198799,4.34476581,1.13684817,-1.08831166,-0.14436418,-0.21149266,0.0587272916,0.0560952224,10.47144183
142.80000000,1.32055119,4.19960045,1.04081912,0.80566127,-0.73647118,-0.24189363,0.0533287298,0.0561993511,11.62859082
143.00000000,1.47337155,4.23082746,1.12546979,-0.02999347,0.84090183,0.73619079,0.0566615315,0.0560882845,11.01228291
143.20000000,1.31277380,4.31407062,1.15632763,-0.90816372,-0.36126006,-0.54288322,0.0579213272,0.0560683525,10.79040078
143.40000000,1.33746384,4.17762547,1.04384684,1.06262046,-0.33942942,-0.07495174,0.0530316309,0.0561621115,11.75270371
143.60000000,1.45327836,4.27990086,1.13393748,-0.41715659,0.91365570,0.49112723,0.0577684651,0.0560770097,10.72393947
143.80000000,1.27907170,4.33219578,1.09940336,-0.60478879,-0.54201432,-0.76840308,0.0570521319,0.0561061163,10.75519076
144.00000000,1.36653672,4.22018380,0.98765433,1.11685394,0.04536754,0.02390316,0.0529366370,0.0560992458,11.38427425
144.20000000,1.44675791,4.37062914,1.05790938,-0.59352306,0.92001832,0.22647063,0.0585931067,0.0561142074,10.17536970
144.40000000,1.27587094,4.40846548,0.98411331,-0.46537547,-0.57767109,-0.83648912,0.0567443199,0.0561891715,10.28849972
144.60000000,1.37663395,4.30911535,0.86167076,1.10246995,0.14439254,-0.11706012,0.0524414189,0.0560636511,10.76460533
144.80000000,1.46700160,4.47438197,0.89252273,-0.46852327,1.01168352,0.08351439,0.0588853729,0.0561123640,9.54522995
145.00000000,1.29854772,4.54100769,0.81751251,-0.66474178,-0.44382755,-0.78174658,0.0579932329,0.0563847288,9.46839048
145.20000000,1.34418264,4.42276040,0.66990934,1.00265629,-0.19139689,-0.45611385,0.0513385231,0.0562182533,10.11179579
145.40000000,1.49320673,4.54656728,0.63968228,0.03393578,1.11674163,-0.04157803,0.0574569815,0.0559681629,9.11648699
145.60000000,1.36301476,4.68898977,0.58349231,-0.95887359,0.01763699,-0.57466738,0.0608948702,0.0566205558,8.58353016
145.80000000,1.28121175,4.57579259,0.43911696,0.39519813,-0.75863758,-0.71991645,0.0523666783,0.0563950927,9.31836155
146.00000000,1.45049695,4.55861929,0.33418781,0.78104871,0.71943140,-0.34981937,0.0528631535,0.0560565811,9.13365243
146.20000000,1.45398604,4.74922104,0.26457396,-0.72457411,0.74015630,-0.42089575,0.0616172842,0.0564497249,8.16126812
146.40000000,1.27864711,4.75030359,0.15908860,-0.62014855,-0.70776012,-0.60372479,0.0583625630,0.0565145008,8.39975940
146.60000000,1.30951104,4.59002269,0.03884118,0.85454197,-0.42864398,-0.57966764,0.0499797545,0.0566971383,9.19559818
146.80000000,1.45949067,4.66212760,-0.07638204,0.21096400,0.93200051,-0.58039766,0.0561753588,0.0562195537,8.57714670
147.00000000,1.35644177,4.80104548,-0.18566220,-1.00174287,0.12141137,-0.48141740,0.0623515939,0.0566279317,8.05305939
147.20000000,1.21029625,4.68389296,-0.26640035,-0.10706151,-1.05191816,-0.36331558,0.0548754528,0.0563269762,8.83206353
147.40000000,1.32900783,4.55202103,-0.36039341,0.91613876,0.07937948,-0.63590947,0.0508264537,0.0567945524,9.37681873
147.60000000,1.39098964,4.67781493,-0.50441597,-0.49205744,0.74105533,-0.67728034,0.0596366959,0.0564253310,8.60064826
147.80000000,1.20911772,4.69854339,-0.58999092,-0.88758507,-0.65978497,-0.16391680,0.0595317170,0.0561455399,8.75117814
148.00000000,1.18758656,4.50290487,-0.61419704,0.73430995,-0.79656684,-0.27615636,0.0516916982,0.0567150482,9.89333726
148.20000000,1.33804238,4.51005677,-0.73835718,0.19921586,0.70927545,-0.84097179,0.0556858735,0.0564157428,9.58890400
148.40000000,1.21385054,4.60561753,-0.85764441,-1.09257789,-0.14468624,-0.18796705,0.0602229132,0.0562057561,9.22894824
148.60000000,1.10590515,4.44575938,-0.83682302,0.36775519,-1.04911348,0.11878208,0.0537400730,0.0562423269,10.36919619
148.80000000,1.26702520,4.38303851,-0.91093823,0.53997132,0.52899045,-0.82376708,0.0543716346,0.0563695651,10.48494899
149.00000000,1.18268789,4.49399116,-1.04062403,-1.10300138,0.06701284,-0.16996868,0.0595686469,0.0561897861,9.90092752
149.20000000,1.06006697,4.36213352,-0.98639910,0.34082265,-1.00363033,0.35575016,0.0542593054,0.0561120500,10.98782124
149.40000000,1.22555527,4.30759220,-1.03564618,0.51627524,0.58793432,-0.79861455,0.0547939664,0.0562142108,11.05180262
149.60000000,1.12649247,4.41972546,-1.14449508,-1.11673660,0.00448902,0.05358432,0.0589926438,0.0561290969,10.43643653
149.80000000,1.04151760,4.28823943,-1.05104344,0.64163698,-0.82228461,0.40266866,0.0537729675,0.0561296607,11.54265639
150.00000000,1.20830942,4.29379322,-1.10959147,0.19652955,0.79868580,-0.75727745,0.0559134947,0.0560835830,11.16097919
150.20000000,1.06624362,4.39412842,-1.16707738,-1.01657923,-0.21803418,0.41112013,0.0584082908,0.0561112007,10.70018665
150.40000000,1.05423941,4.26197877,-1.04616017,0.97581036,-0.47600671,0.26684025,0.0531453884,0.0561611574,11.72068776
150.60000000,1.19554837,4.34291771,-1.11825138,-0.21387904,0.93488804,-0.57465821,0.0571177558,0.0560423379,10.83855877
150.80000000,1.02649675,4.41841996,-1.11179981,-0.77973570,-0.41660598,0.68442942,0.0577764996,0.0561420333,10.61804832
151.00000000,1.07820966,4.30098695,-0.98315360,1.09953854,-0.12271866,0.16108085,0.0527478125,0.0561264554,11.39957857
151.20000000,1.18949428,4.43450506,-1.04258623,-0.41681836,0.98316221,-0.33112900,0.0579678456,0.0560530058,10.26243807
151.40000000,1.01710146,4.49938776,-0.99490158,-0.66177787,-0.46050696,0.77458072,0.0576859981,0.0562433057,10.13061619
151.60000000,1.08095501,4.39040784,-0.85574305,1.08092323,-0.04309266,0.28238252,0.0521640514,0.0561100905,10.78088339
151.80000000,1.20149326,4.53641552,-0.87499721,-0.28007251,1.07082317,-0.15776251,0.0580399058,0.0560222791,9.64462642
152.00000000,1.03845341,4.63234239,-0.82271797,-0.82141945,-0.29381696,0.69923783,0.0590372704,0.0564490500,9.32370809
152.20000000,1.04203528,4.51236496,-0.66865595,0.87759712,-0.37437169,0.58280443,0.0515326829,0.0562529282,10.05570534
152.40000000,1.20827543,4.60422161,-0.62105072,0.24816696,1.08931295,0.04245379,0.0561108119,0.0559148133,9.26377184
152.60000000,1.10311824,4.76969788,-0.57762922,-0.98422000,0.21116795,0.48652949,0.0613974305,0.0566146525,8.51807097
152.80000000,0.98724835,4.67781788,-0.44083155,0.15482234,-0.81394775,0.75067368,0.0537862876,0.0563911249,9.14934178
153.00000000,1.13953102,4.62300302,-0.32321986,0.90260754,0.52021387,0.40579430,0.0515732943,0.0561702224,9.26351280
153.20000000,1.18100461,4.80765906,-0.25116497,-0.57155180,0.87511166,0.39686267,0.0606539397,0.0563009359,8.24176314
153.40000000,1.00584533,4.84528249,-0.15199139,-0.77783405,-0.55794816,0.57763301,0.0599524941,0.0565934336,8.25193709
153.60000000,0.99534484,4.68036516,-0.03378264,0.71293794,-0.63555206,0.58119267,0.0506119424,0.0566797699,9.12736693
153.80000000,1.15770135,4.71138645,0.08263326,0.42650029,0.84557602,0.59421422,0.0543290735,0.0562683194,8.75711796
154.00000000,1.08928919,4.86624464,0.19684977,-0.94326626,0.31495374,0.51092538,0.0622848525,0.0566031896,8.06426331
154.20000000,0.92352660,4.78047531,0.27984889,-0.32676504,-1.01261468,0.34326077,0.0566039887,0.0562381904,8.66368710
154.40000000,1.01279652,4.62075410,0.36301584,0.94723645,-0.16374703,0.57089566,0.0503685729,0.0568926254,9.44602837
154.60000000,1.11048309,4.72329837,0.50488751,-0.27933645,0.79800733,0.73153761,0.0582425489,0.0564080354,8.75120028
154.80000000,0.94345510,4.77490907,0.60583199,-0.98149113,-0.48602491,0.22460355,0.0604602434,0.0562395177,8.66680051
155.00000000,0.88501347,4.58594171,0.62562217,0.57468471,-0.94442833,0.16668659,0.0525328117,0.0565403214,9.80613897
155.20000000,1.04641473,4.55628961,0.73054021,0.42846957,0.61839174,0.82704128,0.0543681980,0.0564782528,9.77153436
155.40000000,0.95588081,4.66544227,0.86632250,-1.07240554,0.02560612,0.31509122,0.0603711425,0.0562749184,9.23101702
155.60000000,0.82013204,4.52673332,0.85406619,0.15603017,-1.08818072,-0.20373775,0.0546977930,0.0560718567,10.23807372
155.80000000,0.97630925,4.43339536,0.90103977,0.73529690,0.39094957,0.74598168,0.0534906574,0.0564306862,10.64522707
156.00000000,0.92925984,4.54863160,1.04399104,-1.04834081,0.21231941,0.32541321,0.0595111001,0.0562360309,9.92828254
156.20000000,0.78173408,4.43836040,1.00365233,0.12489719,-1.02098773,-0.43815120,0.0550441120,0.0560007267,10.85635039
156.40000000,0.94241158,4.35754206,1.02310479,0.71695664,0.46954954,0.71797500,0.0540498040,0.0562540389,11.20539683
156.60000000,0.87730880,4.47608025,1.14817609,-1.10253392,0.14600217,0.11442901,0.0590721564,0.0561574399,10.43374015
156.80000000,0.76183650,4.36127100,1.06450227,0.44496158,-0.87829024,-0.52972361,0.0543557303,0.0560649327,11.42709598
157.00000000,0.93477385,4.34148532,1.09364570,0.42087811,0.73323946,0.73158263,0.0551680730,0.0560918743,11.31320946
157.20000000,0.81738966,4.45577709,1.17441719,-1.08571432,-0.07513616,-0.25606756,0.0587447898,0.0561535673,10.63829306
157.40000000,0.76872620,4.33177872,1.05259837,0.83989509,-0.59068408,-0.44233489,0.0534511694,0.0561247210,11.64724524
157.60000000,0.92939989,4.38964103,1.10098340,0.00503898,0.93217402,0.61726637,0.0563935744,0.0560165777,10.97034222
157.80000000,0.77274847,4.48619780,1.12165848,-0.92159119,-0.28237534,-0.56650278,0.0583805230,0.0561987561,10.50344477
158.00000000,0.78605567,4.36794164,0.98303934,1.02602178,-0.27904318,-0.34555138,0.0527858959,0.0561213451,11.36880595
158.20000000,0.92380180,4.48102052,1.02498194,-0.21625391,1.02086606,0.40132064,0.0572156214,0.0560008552,10.37401170
158.40000000,0.75761674,4.57142377,1.00344095,-0.82641713,-0.32758255,-0.67802354,0.0585035084,0.0563014420,9.99354705
158.60000000,0.78144470,4.45831479,0.85413107,1.00112624,-0.22003672,-0.44645448,0.0521785771,0.0561559578,10.74730348
158.80000000,0.92675807,4.58049534,0.85585871,-0.07253329,1.09792683,0.19820977,0.0570518108,0.0559545773,9.76807772
159.00000000,0.77685288,4.70336572,0.82493480,-0.93790607,-0.13011277,-0.59446982,0.0598476367,0.0564714813,9.20827172
159.20000000,0.73860871,4.58845477,0.67074434,0.70331593,-0.52736923,-0.69081104,0.0521271160,0.0562788667,9.94963695
159.40000000,0.91323347,4.64524695,0.60309880,0.45646960,1.01792421,-0.07387347,0.0547358904,0.0559155741,9.41769121
159.60000000,0.83861705,4.82816992,0.56874670,-0.96434037,0.40090658,-0.39914038,0.0614930816,0.0565265321,8.49304404
159.80000000,0.69496972,4.76289681,0.44268972,-0.08836509,-0.81831360,-0.75666767,0.0554178228,0.0564041629,8.96544336
160.00000000,0.82134611,4.67489754,0.31450645,0.97156264,0.29266546,-0.46947252,0.0506604699,0.0563231920,9.35092084
160.20000000,0.89912340,4.84472400,0.23740519,-0.38868834,0.97520652,-0.38455830,0.0593266932,0.0561748397,8.35845649
160.40000000,0.73240929,4.91769418,0.14349289,-0.89516787,-0.38238628,-0.54995155,0.0612172334,0.0566666609,8.13622077
160.60000000,0.68156948,4.75756863,0.02839471,0.52785477,-0.79950421,-0.57632789,0.0517570549,0.0565850348,9.00762581
160.80000000,0.84631921,4.74540242,-0.08796089,0.62209662,0.70759810,-0.60190713,0.0526299364,0.0563675640,8.92859299
161.00000000,0.81622729,4.90819178,-0.20678582,-0.84282139,0.49249089,-0.54506541,0.0617306326,0.0565310351,8.11821096
161.20000000,0.63865670,4.85689099,-0.29416137,-0.52613682,-0.92688648,-0.33771729,0.0582689592,0.0562513375,8.50629492
161.40000000,0.69311814,4.67764423,-0.36784572,0.91696362,-0.40325448,-0.49654305,0.0504423955,0.0569014481,9.45634161
161.60000000,0.82103294,4.75003578,-0.50343256,-0.04899074,0.81229235,-0.76666322,0.0566612647,0.0564089673,8.92446497
161.80000000,0.67638455,4.82890832,-0.61951146,-1.03287445,-0.30208448,-0.30316131,0.0610643248,0.0563467985,8.61933518
162.00000000,0.58367271,4.65375873,-0.64016927,0.38157948,-1.04802520,-0.07766413,0.0536268322,0.0563127805,9.68267328
162.20000000,0.74656043,4.58756304,-0.72336616,0.63859572,0.49019229,-0.77582115,0.0532021666,0.0565692677,9.94304137
162.40000000,0.69408218,4.70448122,-0.87117466,-1.00806718,0.18647908,-0.44611381,0.0602139771,0.0563351510,9.27081684
162.60000000,0.53624697,4.59032055,-0.87310150,-0.06384513,-1.08783081,0.25007866,0.0557228017,0.0559707222,10.09621526
162.80000000,0.67882064,4.46959229,-0.89352086,0.89455563,0.23071925,-0.62970646,0.0528209881,0.0564793714,10.77911694
163.00000000,0.67147549,4.58403345,-1.04329973,-0.95101911,0.34472288,-0.47615140,0.0592190841,0.0562427964,9.98998315
163.20000000,0.50496804,4.49733524,-1.02231683,-0.09747665,-1.00665906,0.47657862,0.0558756337,0.0559450774,10.71710430
163.40000000,0.65255768,4.39297529,-1.01287092,0.88588673,0.33224272,-0.59565998,0.0534515036,0.0562895177,11.33720545
163.60000000,0.62457642,4.51383933,-1.14777108,-1.04523399,0.27850307,-0.28268931,0.0589591463,0.0561778355,10.46376461
163.80000000,0.48309715,4.41803880,-1.08031874,0.22680817,-0.90554216,0.61525827,0.0550368895,0.0560133389,11.29212794
164.00000000,0.65387885,4.37392715,-1.07871104,0.63137049,0.64580078,-0.65901739,0.0544748239,0.0561093766,11.45898123
164.20000000,0.56641044,4.49891640,-1.17791931,-1.11271968,0.06531417,0.08706439,0.0589112978,0.0561646621,10.60717968
164.40000000,0.48287303,4.38642411,-1.06264230,0.66255499,-0.68106538,0.58920460,0.0539294981,0.0560882589,11.53869876
164.60000000,0.65555795,4.42011170,-1.08313832,0.22984819,0.90510730,-0.61476971,0.0556384670,0.0560059060,11.11148287
164.80000000,0.51812246,4.53527098,-1.12826671,-1.02511201,-0.14264736,0.42283364,0.0588266913,0.0562305731,10.41624887
165.00000000,0.49226439,4.42054848,-0.98712961,0.89973803,-0.41793861,0.51554822,0.0530575151,0.0561387644,11.29357885
165.20000000,0.65021854,4.51027511,-1.00603641,-0.00025240,1.03144626,-0.43140435,0.0563798975,0.0559620734,10.50344135
165.40000000,0.49770380,4.62413538,-1.00893333,-0.95333399,-0.18331461,0.55456398,0.0591406650,0.0563292075,9.88357154
165.60000000,0.48045678,4.51232262,-0.85660431,0.86711010,-0.37824247,0.59585556,0.0525000766,0.0561683538,10.66541854
165.80000000,0.64345482,4.60693076,-0.83612239,0.14454204,1.09028240,-0.20095526,0.0559805862,0.0559139931,9.90722224
166.00000000,0.51381515,4.75357983,-0.82366208,-1.01089576,0.04189737,0.47573680,0.0603703784,0.0564870800,9.12697836
166.20000000,0.43609282,4.65005576,-0.67542193,0.49157656,-0.64303383,0.77126591,0.0530783724,0.0562758317,9.80366536
166.40000000,0.60943435,4.67039419,-0.58675552,0.64588502,0.90266389,0.13424446,0.0534319507,0.0559581117,9.56405625
166.60000000,0.56947217,4.86422875,-0.55706108,-0.90065161,0.58066327,0.31882276,0.0611818392,0.0564126249,8.50904503
166.80000000,0.40536791,4.82952974,-0.44385507,-0.32076662,-0.77501552,0.73922313,0.0571071022,0.0564645162,8.78259604
167.00000000,0.49859370,4.71469681,-0.30809209,0.98050956,0.05090878,0.53479005,0.0502272444,0.0564251118,9.38362574
167.20000000,0.60875069,4.86113316,-0.22380893,-0.18287140,1.03374979,0.38459138,0.0577301896,0.0560854159,8.50442824
167.40000000,0.45834774,4.96672435,-0.13369834,-0.96941168,-0.18973629,0.52367189,0.0620649679,0.0567143292,8.05869621
167.60000000,0.37031211,4.82007188,-0.02233439,0.31367926,-0.91174757,0.56596183,0.0532958570,0.0564893850,8.85127199
167.80000000,0.52719905,4.76534599,0.09267731,0.78371810,0.52300025,0.60187023,0.0512416887,0.0565304785,9.07385099
168.00000000,0.53733480,4.92724048,0.21522106,-0.70316566,0.64658489,0.58092782,0.0607245188,0.0564360667,8.21263251
168.20000000,0.35614702,4.91186381,0.30879033,-0.69664011,-0.80256913,0.34722677,0.0597442221,0.0563215816,8.37192432
168.40000000,0.37271719,4.72212196,0.37520518,0.82779312,-0.62316496,0.42001793,0.0510231347,0.0567984712,9.40789160
168.60000000,0.52340939,4.75897643,0.50073624,0.18856224,0.78052119,0.77796018,0.0550265167,0.0564562497,9.10911361
168.80000000,0.40795876,4.86034961,0.63047127,-1.03997115,-0.11481066,0.39404262,0.0613003444,0.0564101806,8.61151343
169.00000000,0.28532293,4.70509179,0.65713781,0.16854657,-1.10513619,0.01603492,0.0548766854,0.0561250749,9.53767295
169.20000000,0.44017667,4.60443373,0.71793461,0.81601661,0.32926301,0.68970561,0.0522937947,0.0566472603,10.08892847
169.40000000,0.42852541,4.72292673,0.87218477,-0.90063306,0.33385251,0.57218322,0.0597553618,0.0563190790,9.34730967
169.60000000,0.25537274,4.63568588,0.89283969,-0.27970547,-1.05182610,-0.25576893,0.0567478678,0.0559122259,9.95631990
169.80000000,0.37653344,4.49174383,0.88930640,1.00684608,0.05469053,0.48297094,0.0524136766,0.0565137950,10.87545538
170.00000000,0.40947659,4.60035684,1.03878985,-0.81324986,0.46199453,0.61251671,0.0587070846,0.0562453101,10.08406299
170.20000000,0.23083850,4.53848831,1.04128914,-0.31474782,-0.96437823,-0.46999938,0.0567029839,0.0559248818,10.58110959
170.40000000,0.35778217,4.41392056,1.00585673,1.01212744,0.18033446,0.43939560,0.0530419112,0.0563210959,11.43682992
170.60000000,0.36844102,4.53305049,1.14339335,-0.94590044,0.40067588,0.44127331,0.0586583323,0.0561662035,10.52565747
170.80000000,0.20665776,4.45801898,1.09747665,-0.00094989,-0.90612524,-0.65492524,0.0557718697,0.0559746343,11.14854868
171.00000000,0.36700665,4.39118437,1.06582883,0.81597334,0.53802164,0.54287302,0.0538808065,0.0561491176,11.58765715
171.20000000,0.31346069,4.52349317,1.17737582,-1.09628017,0.20187315,0.08606911,0.0588983364,0.0561667192,10.60800409
171.40000000,0.19845834,4.42538939,1.07552028,0.45409332,-0.74614284,-0.69789754,0.0545479462,0.0560578753,11.40408023
171.60000000,0.37498660,4.43443544,1.06578971,0.44936505,0.85328858,0.56565049,0.0548979028,0.0560091865,11.25256980
171.80000000,0.26282047,4.56545778,1.13111840,-1.08674482,0.00010447,-0.26263378,0.0590890195,0.0562278579,10.35975332
172.00000000,0.19893212,4.45831548,0.99491697,0.72808936,-0.53495730,-0.65855705,0.0535497358,0.0561256361,11.17981765
172.20000000,0.36950551,4.52246064,0.98680598,0.22101409,1.01314594,0.41794600,0.0555089667,0.0559461124,10.64208981
172.40000000,0.23753881,4.65719106,1.01079757,-1.03845046,-0.03138526,-0.41306947,0.0595573005,0.0563381645,9.80509332
172.60000000,0.18022405,4.55185444,0.86258864,0.68723158,-0.51098404,-0.71874811,0.0531141864,0.0561782230,10.54191295
172.80000000,0.35250905,4.61616758,0.81687631,0.35986763,1.04567258,0.16448376,0.0548922316,0.0559077801,10.05134078
173.00000000,0.24936041,4.78262524,0.81865223,-1.03878575,0.21734766,-0.35167446,0.0605754385,0.0564294623,9.08278898
173.20000000,0.13635968,4.69612793,0.68172133,0.25637910,-0.71717599,-0.81848587,0.0543023153,0.0562876889,9.63144906
173.40000000,0.29859698,4.68049279,0.57283931,0.80297005,0.74640674,-0.21933267,0.0523038168,0.0560253205,9.68730829
173.60000000,0.29571053,4.87789720,0.54298504,-0.79564308,0.74419277,-0.25123685,0.0604897985,0.0562743368,8.56488691
173.80000000,0.11911590,4.87638902,0.44360132,-0.53128133,-0.68944343,-0.70171122,0.0587032741,0.0565569403,8.61449166
174.00000000,0.17408149,4.74245759,0.30378995,0.92730952,-0.18876064,-0.59536309,0.0503333628,0.0565106305,9.35601443
174.20000000,0.31050728,4.85786958,0.21086385,0.03701650,1.04464802,-0.39664976,0.0559831219,0.0560485229,8.66965476
174.40000000,0.18364535,4.99185019,0.12283470,-0.99926574,0.01175750,-0.50131874,0.0624378531,0.0566924536,8.02294486
174.60000000,0.06328521,4.86621546,0.01534117,0.08564468,-0.96865371,-0.55169350,0.0550755607,0.0564072168,8.67592578
174.80000000,0.20259390,4.77225821,-0.09717751,0.89831432,0.30140591,-0.59344468,0.0503049008,0.0566696802,9.17603369
175.00000000,0.25277333,4.92400785,-0.22203559,-0.52828869,0.76978970,-0.61508179,0.0593364681,0.0563615974,8.34303377
175.20000000,0.07628798,4.94443047,-0.32315482,-0.83210124,-0.64791255,-0.37122442,0.0609236212,0.0564287998,8.26937501
175.40000000,0.05420228,4.75329319,-0.38516164,0.68755484,-0.80974686,-0.34866758,0.0520361105,0.0566466745,9.30843214
175.60000000,0.21868823,4.75118442,-0.49763715,0.42068072,0.70118097,-0.76247208,0.0534863435,0.0565503553,9.29105491
175.80000000,0.13820069,4.86925444,-0.63834104,-1.00209405,0.06953344,-0.49088015,0.0611467886,0.0564239073,8.64419767
176.00000000,-0.00861482,4.73878569,-0.67564167,-0.05087313,-1.11678309,0.01407689,0.0561851180,0.0560059663,9.38625912
176.20000000,0.12930097,4.60738184,-0.71522705,0.94832219,0.14272166,-0.57472274,0.0517217917,0.0567358502,10.19589794
176.40000000,0.15931906,4.72108126,-0.86959416,-0.75266328,0.46380516,-0.68437814,0.0590206299,0.0563352184,9.45781011
176.60000000,-0.02163208,4.66218937,-0.91217551,-0.48073459,-0.98472410,0.22181830,0.0577102368,0.0559244790,9.82934440
176.80000000,0.07165323,4.49990209,-0.88906501,1.06430040,-0.12957911,-0.31696143,0.0522923953,0.0565289184,10.92625420
177.00000000,0.14347311,4.59782036,-1.03094315,-0.63898359,0.56186156,-0.72526008,0.0580054835,0.0562269115,10.20700742
177.20000000,-0.03982318,4.56141301,-1.05948080,-0.51652752,-0.89801209,0.42043337,0.0574777989,0.0559422410,10.45788155
177.40000000,0.06009916,4.42040706,-1.00274747,1.08718982,0.01892263,-0.26009769,0.0528468781,0.0563449276,11.49617270
177.60000000,0.10908945,4.53379659,-1.13538626,-0.80724108,0.51120029,-0.58053998,0.0581861626,0.0561529787,10.61725378
177.80000000,-0.06636691,4.48082186,-1.11490042,-0.22669905,-0.88259031,0.64779042,0.0565145229,0.0559715184,11.00664649
178.00000000,0.07580122,4.39337047,-1.05592398,0.96334545,0.41218126,-0.38995213,0.0534267030,0.0561625915,11.68895699
178.20000000,0.05868431,4.52948815,-1.17280568,-1.03664191,0.33340973,-0.25338114,0.0587069175,0.0561594064,10.64069406
178.40000000,-0.08296310,4.44824017,-1.09027740,0.22631744,-0.78601619,0.76220040,0.0552636606,0.0560293091,11.25385627
178.60000000,0.08891238,4.43279651,-1.05001215,0.65155879,0.77659914,-0.47154574,0.0542182279,0.0560380620,11.38302476
178.80000000,0.00698601,4.57663219,-1.12993330,-1.10458471,0.14398629,0.09566094,0.0591538481,0.0562320799,10.33582707
179.00000000,-0.09202660,4.48077840,-1.00561760,0.52152823,-0.62704833,0.76472815,0.0542293979,0.0560977342,11.03674209
179.20000000,0.08268205,4.51787670,-0.96840116,0.43593398,0.96444523,-0.36027403,0.0546547511,0.0559475358,10.77948419
179.40000000,-0.02277160,4.67034599,-1.00869273,-1.07943684,0.12506384,0.26299345,0.0597303861,0.0563249167,9.76083580
179.60000000,-0.11724287,4.57629943,-0.87122608,0.47304640,-0.61347132,0.80614543,0.0539756682,0.0561721682,10.38736295
179.80000000,0.05514920,4.60878704,-0.79920665,0.56083702,0.96297595,-0.09016402,0.0538581458,0.0559382879,10.18771667
180.00000000,-0.01650162,4.79027252,-0.80991411,-1.02144224,0.39161086,0.23083995,0.0604558281,0.0563489495,9.07695185
180.20000000,-0.15907831,4.72563232,-0.68856585,0.01217754,-0.74859988,0.83032543,0.0556858756,0.0563200536,9.44790035
180.40000000,-0.01720018,4.67637510,-0.56197528,0.91520933,0.55543860,0.32228903,0.0514548022,0.0561202541,9.77246127
180.60000000,0.01744748,4.86941440,-0.52709724,-0.65297698,0.88494984,0.20118456,0.0594661844,0.0561371880,8.65743603
180.80000000,-0.16335823,4.90235675,-0.44136918,-0.71150384,-0.56807768,0.64887627,0.0600738867,0.0566292379,8.47186743
181.00000000,-0.14939331,4.75785743,-0.30119803,0.81571430,-0.41001524,0.64535885,0.0509821052,0.0564904494,9.27050022
181.20000000,0.00528260,4.83616421,-0.19899148,0.25983665,1.00325000,0.41948150,0.0542236931,0.0560777346,8.84081682
181.40000000,-0.09171424,4.99283005,-0.11122127,-0.98443697,0.21414433,0.48478492,0.0623122778,0.0565851221,8.03044391
181.60000000,-0.23820620,4.89438546,-0.00726568,-0.14203429,-0.97105423,0.53560274,0.0569304602,0.0563994406,8.49892988
181.80000000,-0.12490198,4.76691383,0.10189330,0.95590575,0.05683106,0.57706567,0.0499163321,0.0567944078,9.22233171
182.00000000,-0.03717969,4.89937616,0.22726191,-0.32391160,0.85473630,0.64381479,0.0576701617,0.0563119253,8.50225533
182.20000000,-0.20074942,4.95393293,0.33668430,-0.92821308,-0.47099987,0.40812982,0.0617244730,0.0565077052,8.20452553
182.40000000,-0.26008886,4.77003728,0.39752771,0.50801331,-0.95307593,0.28906590,0.0533723245,0.0564351871,9.17148649
182.60000000,-0.09169307,4.72778240,0.49505836,0.63312896,0.57551654,0.71966573,0.0521870301,0.0566689589,9.45434778
182.80000000,-0.13287674,4.85583643,0.64296532,-0.91964338,0.24499009,0.58670796,0.0606072645,0.0564308513,8.71650669
183.00000000,-0.29704430,4.75385810,0.69469599,-0.26429428,-1.08628267,-0.01135018,0.0574601174,0.0559683202,9.24213876
183.20000000,-0.18374438,4.59676482,0.71600201,1.02598416,-0.06002382,0.44016356,0.0515268119,0.0567321712,10.25406291
183.40000000,-0.11335173,4.69935557,0.86389789,-0.56847705,0.57232927,0.77412102,0.0580573978,0.0563300884,9.59778871
183.60000000,-0.29414199,4.66937971,0.93006499,-0.65782386,-0.89118838,-0.15179368,0.0585527181,0.0559734283,9.72402983
183.80000000,-0.23347520,4.49405007,0.89314069,1.06322612,-0.31391019,0.14491680,0.0524529384,0.0564799520,10.92810920
184.00000000,-0.12621450,4.57670853,1.02046562,-0.43408223,0.64177862,0.80602920,0.0571600306,0.0562203736,10.35357350
184.20000000,-0.30639881,4.56584679,1.07588710,-0.69397590,-0.81109675,-0.33243006,0.0581555664,0.0559860871,10.35507159
184.40000000,-0.23832472,4.41246285,1.00393662,1.10613888,-0.14633325,0.07094766,0.0528737673,0.0563230565,11.51070577
184.60000000,-0.15321285,4.51620238,1.12431132,-0.63371453,0.60843193,0.69152489,0.0575704658,0.0561407997,10.73495687
184.80000000,-0.33509821,4.48618074,1.13153026,-0.43981770,-0.83746533,-0.59598858,0.0572197423,0.0560010736,10.87547012
185.00000000,-0.21786401,4.38064670,1.04972723,1.06401787,0.27134814,0.21030049,0.0531434377,0.0561930440,11.75420140
185.20000000,-0.19775136,4.51691376,1.16445408,-0.93564776,0.45872603,0.40512199,0.0583484155,0.0561272579,10.70394144
185.40000000,-0.36008813,4.45463832,1.10585498,-0.00858684,-0.80149352,-0.77943859,0.0560271516,0.0560305972,11.09869443
185.60000000,-0.20116973,4.41546449,1.03680377,0.82442114,0.67556196,0.33754393,0.0536442424,0.0560706838,11.49191721
185.80000000,-0.24926000,4.56871285,1.12466630,-1.07832400,0.28733419,0.06816512,0.0590198697,0.0561847429,10.34502262
186.00000000,-0.37894248,4.48751811,1.01824539,0.29231519,-0.69248744,-0.82764910,0.0550457463,0.0560918300,10.87545880
186.20000000,-0.20895037,4.49693789,0.95191087,0.63206134,0.88452973,0.26095145,0.0538715022,0.0559828873,10.90385694
186.40000000,-0.28315146,4.66343161,1.00252870,-1.07556862,0.28312403,-0.11394283,0.0596538041,0.0562727742,9.75200870
186.60000000,-0.41022372,4.58504562,0.88146274,0.23782143,-0.68292943,-0.85266547,0.0550129142,0.0561863257,10.21446178
186.80000000,-0.24707266,4.58548675,0.78411076,0.73433449,0.84287598,-0.01740543,0.0529533794,0.0559863023,10.30258511
187.00000000,-0.28373887,4.77642566,0.79770483,-0.96005291,0.55995942,-0.12138312,0.0600255235,0.0562521086,9.10909907
187.20000000,-0.44906425,4.73758770,0.69487673,-0.22758537,-0.73850046,-0.80796781,0.0571032096,0.0563915726,9.26719949
187.40000000,-0.33556885,4.65878416,0.55452157,0.97275863,0.33953653,-0.43410321,0.0509761640,0.0562331184,9.80762768
187.60000000,-0.26508701,4.83925880,0.51010505,-0.47774263,0.99600614,-0.17240575,0.0581804769,0.0560269769,8.78127199
187.80000000,-0.44179923,4.90653997,0.43679895,-0.85547465,-0.41778286,-0.58618308,0.0611142162,0.0566761931,8.36248007
188.00000000,-0.46921140,4.76021714,0.29974588,0.65475434,-0.59869577,-0.68033089,0.0521157362,0.0564584144,9.13694638
188.20000000,-0.30570356,4.79744609,0.18851034,0.47233206,0.90750700,-0.45091404,0.0526021528,0.0561581724,9.00174684
188.40000000,-0.36773649,4.96970005,0.09923517,-0.92543509,0.40951936,-0.47524076,0.0616983184,0.0564825691,8.08075821
188.60000000,-0.53321368,4.90312599,-0.00191607,-0.35727756,-0.92302917,-0.51996143,0.0586999193,0.0564623437,8.33531012
188.80000000,-0.45247238,4.74970979,-0.10724145,0.95147498,-0.19372314,-0.55421719,0.0501134943,0.0568379885,9.20689580
189.00000000,-0.33207959,4.85448890,-0.23109627,-0.09801863,0.89452525,-0.66348091,0.0558597370,0.0563168073,8.68003719
189.20000000,-0.47487939,4.93999928,-0.34886052,-0.98205229,-0.27953487,-0.45543775,0.0620901067,0.0565728392,8.18080049
189.40000000,-0.56817391,4.77113231,-0.41189166,0.30292704,-1.04763955,-0.24632610,0.0549052432,0.0562584051,9.01350015
189.60000000,-0.40590652,4.68987359,-0.49391708,0.81136106,0.40829434,-0.65190408,0.0512534785,0.0567970028,9.58302530
189.80000000,-0.40524617,4.82049074,-0.64442253,-0.79428792,0.40561274,-0.67422174,0.0597130380,0.0564073579,8.82574069
190.00000000,-0.57915907,4.74953261,-0.71329973,-0.46110520,-1.01825404,-0.02303590,0.0586177976,0.0560097111,9.11660541
190.20000000,-0.49645209,4.57278342,-0.72071049,1.04382783,-0.26803357,-0.29760950,0.0517083289,0.0567248607,10.25885692
190.40000000,-0.38917880,4.65827527,-0.85582721,-0.35442520,0.65520968,-0.83371037,0.0569347284,0.0563400605,9.76062112
190.60000000,-0.56172720,4.65697355,-0.94558838,-0.80366612,-0.77555197,0.05128177,0.0592248342,0.0560521481,9.64685676
190.80000000,-0.53648117,4.47410588,-0.90151918,1.00463778,-0.49022302,0.01934475,0.0528674552,0.0564031123,10.88282496
191.00000000,-0.39911063,4.53738660,-1.00825618,-0.20641929,0.69882956,-0.84794941,0.0562299416,0.0562294050,10.51662954
191.20000000,-0.56845058,4.55164516,-1.08964197,-0.83997181,-0.70659550,0.21250888,0.0586969667,0.0560492247,10.27842836
191.40000000,-0.53526409,4.39011494,-1.00948842,1.06826075,-0.30956802,0.11391420,0.0531126498,0.0562831276,11.48023408
191.60000000,-0.41808323,4.48045044,-1.11092611,-0.43160003,0.69016727,-0.76640744,0.0568494071,0.0561319739,10.87358822
191.80000000,-0.59887147,4.47393213,-1.14638700,-0.63115435,-0.77292014,0.50421072,0.0578456866,0.0560414519,10.76245731
192.00000000,-0.51194473,4.35321666,-1.04770889,1.11151093,0.11942179,-0.01648254,0.0530498391,0.0561923035,11.77755723
192.20000000,-0.45562059,4.48582258,-1.15278390,-0.79677682,0.57620242,-0.53209700,0.0578438899,0.0560959867,10.79511874
192.40000000,-0.63186904,4.44433680,-1.12117018,-0.23901269,-0.79368187,0.75028778,0.0567866263,0.0560533525,10.94849717
192.60000000,-0.49351339,4.38279173,-1.02700520,0.95706412,0.55170879,-0.17214933,0.0532164444,0.0560900983,11.56913235
192.80000000,-0.50578419,4.54166311,-1.11550817,-1.00921307,0.42833575,-0.21910538,0.0586974438,0.0561474454,10.38660287
193.00000000,-0.66042483,4.47817144,-1.03169936,0.05322833,-0.73061499,0.84460534,0.0559359702,0.0561097571,10.70752168
193.20000000,-0.50380330,4.46016803,-0.93831680,0.79704690,0.77383747,-0.12602176,0.0532139143,0.0560257794,11.00316521
193.40000000,-0.54351962,4.63635639,-0.99246632,-1.02761412,0.43976098,-0.02468110,0.0593370796,0.0562066861,9.77838453
193.60000000,-0.69731837,4.57750878,-0.89215004,-0.00495047,-0.71834784,0.85670388,0.0561372941,0.0562222327,10.03624103
193.80000000,-0.55228625,4.54704085,-0.77240462,0.86795625,0.68849805,0.15037298,0.0522531351,0.0560568713,10.38272283
194.00000000,-0.55226797,4.74113716,-0.78251206,-0.85709140,0.71724320,0.03075979,0.0593166346,0.0561406436,9.17718265
194.20000000,-0.73275839,4.73111035,-0.69966752,-0.45140721,-0.68970720,0.75533115,0.0584316138,0.0564651806,9.10151590
194.40000000,-0.65390889,4.62828268,-0.55051904,0.97009672,0.11129220,0.54453286,0.0509331893,0.0563156109,9.78644744
194.60000000,-0.55151401,4.78817149,-0.49280014,-0.27680950,1.07021673,0.16733886,0.0567197983,0.0559549908,8.92827301
194.80000000,-0.71606541,4.88827339,-0.42974122,-0.95921604,-0.24544887,0.51927745,0.0617516179,0.0566829890,8.29143793
195.00000000,-0.78306406,4.74858076,-0.29876481,0.45709956,-0.74440167,0.69779351,0.0536226611,0.0564343589,8.97038214
195.20000000,-0.62084897,4.74325278,-0.17960453,0.65990371,0.75922715,0.48794555,0.0512692584,0.0562870084,9.13486958
195.40000000,-0.64440720,4.92277963,-0.08727441,-0.82361845,0.58976078,0.47310094,0.0606389307,0.0563444582,8.17147379
195.60000000,-0.82107567,4.89121143,0.01210325,-0.55049768,-0.83063328,0.50694208,0.0602414532,0.0565426292,8.19685536
195.80000000,-0.77724443,4.72061121,0.11357393,0.88596868,-0.43254907,0.52721003,0.0508693072,0.0567301803,9.13229384
196.00000000,-0.63124580,4.79073082,0.23389386,0.13876691,0.88349006,0.67095355,0.0540622799,0.0563812294,8.86287222
196.20000000,-0.74607999,4.90252341,0.35925674,-0.99173587,-0.08089987,0.50980857,0.0619921029,0.0565447100,8.19956121
196.40000000,-0.86845509,4.75537824,0.42766832,0.08621120,-1.09201188,0.22375718,0.0565047906,0.0561418025,8.85104316
196.60000000,-0.72175057,4.63844953,0.49502355,0.94234557,0.20810612,0.56450532,0.0507706183,0.0568803988,9.66365531
196.80000000,-0.67883247,4.76379356,0.64303364,-0.62928541,0.54523717,0.74612726,0.0585244425,0.0563981908,8.96713302
197.00000000,-0.85439809,4.72524494,0.73050775,-0.63264933,-0.91781155,0.08582748,0.0595841804,0.0560826390,9.01823799
197.20000000,-0.80626042,4.53547003,0.72944719,1.00182592,-0.46998829,0.15951613,0.0522295948,0.0565824754,10.21196995
197.40000000,-0.66767880,4.59849171,0.84631483,-0.11907712,0.70809149,0.85698112,0.0557398588,0.0563616000,9.93740443
197.60000000,-0.82411493,4.62482882,0.95799861,-0.91269701,-0.64163978,0.07260927,0.0596844989,0.0561482803,9.60223554
197.80000000,-0.83508482,4.43993844,0.91383469,0.89403555,-0.65125266,-0.16297220,0.0534913194,0.0562682865,10.79703726
198.00000000,-0.67454046,4.48031879,0.99535984,0.03417151,0.72980722,0.84628792,0.0552842685,0.0562570636,10.68712752
198.20000000,-0.82568458,4.51875442,1.10005932,-0.94913950,-0.58686651,-0.06863965,0.0590694489,0.0561222894,10.23193416
198.40000000,-0.82853680,4.35339249,1.01913392,0.97712418,-0.46512325,-0.28085257,0.0535392818,0.0561956424,11.40891294
198.60000000,-0.68498390,4.42680377,1.09615054,-0.20898469,0.75353959,0.79905752,0.0560696859,0.0561256846,11.02627441
198.80000000,-0.85720435,4.44399196,1.15862434,-0.79328063,-0.69061392,-0.37914071,0.0583556547,0.0560914519,10.67334390
199.00000000,-0.80430620,4.31131730,1.05003394,1.10315274,-0.03897985,-0.17755001,0.0531515036,0.0561819019,11.75696917
199.20000000,-0.71460448,4.43632560,1.13845853,-0.62517301,0.68350912,0.62606978,0.0572229708,0.0560689106,10.91014139
199.40000000,-0.89749765,4.41716645,1.13518836,-0.45462938,-0.76365998,-0.67832509,0.0574920845,0.0560851701,10.81179522
199.60000000,-0.78616431,4.33520080,1.02122399,1.04090086,0.40784887,-0.01319280,0.0529680598,0.0561328636,11.60672415
199.80000000,-0.76240682,4.49550239,1.10287801,-0.90004259,0.56466785,0.34794092,0.0582073229,0.0560933266,10.45847672
200.00000000,-0.93536583,4.45243414,1.04485245,-0.18354545,-0.74148808,-0.81639194,0.0568322415,0.0561435825,10.54376872
200.20000000,-0.80002226,4.40817949,0.92840578,0.91983747,0.63455059,-0.03512661,0.0527341509,0.0560591477,11.06654005
200.40000000,-0.80375675,4.58911846,0.97890833,-0.93777642,0.59146047,0.14401107,0.0588033673,0.0561240048,9.83825787
200.60000000,-0.97744124,4.55315288,0.90214449,-0.24274846,-0.72004765,-0.82011820,0.0572545724,0.0562751128,9.86468898
200.80000000,-0.85834317,4.49424213,0.76463625,0.95150153,0.50574501,-0.29808740,0.0518265453,0.0561153333,10.41747326
201.00000000,-0.82192631,4.68463318,0.76502731,-0.71639858,0.85765247,0.03456283,0.0583763684,0.0560358511,9.27725792
201.20000000,-1.00958114,4.70543729,0.70211685,-0.65011007,-0.60600815,-0.67830694,0.0595639241,0.0565285713,8.96045498
201.40000000,-0.96954499,4.58518477,0.54967752,0.90705582,-0.11527082,-0.64339074,0.0513509702,0.0563507401,9.70954772
201.60000000,-0.84126094,4.71717083,0.47600610,-0.05917040,1.10071725,-0.18684130,0.0551864044,0.0559381966,9.08731892
201.80000000,-0.98608561,4.84711849,0.42025055,-1.02024176,-0.05792303,-0.45358674,0.0619464176,0.0565999874,8.26161006
202.00000000,-1.08902827,4.72182927,0.29756862,0.23698666,-0.84110598,-0.69740040,0.0553543704,0.0564273457,8.78797211
202.20000000,-0.93814818,4.67510297,0.17230181,0.80812831,0.56501651,-0.52694803,0.0503603855,0.0564510602,9.22372533
202.40000000,-0.92167872,4.85268466,0.07572061,-0.68148459,0.74635600,-0.47803842,0.0592089168,0.0562235047,8.29788705
202.60000000,-1.10134943,4.85768272,-0.02308397,-0.71441600,-0.70087765,-0.49836688,0.0614388417,0.0566266999,8.09204870
202.80000000,-1.09646505,4.67917191,-0.12113786,0.76600965,-0.64371289,-0.49885085,0.0520984159,0.0566317785,9.00884981
203.00000000,-0.93368458,4.70968106,-0.23614430,0.37321625,0.81830424,-0.66413632,0.0524447568,0.0565033230,9.03452127
203.20000000,-1.01437839,4.84165000,-0.36757352,-0.95627852,0.11762110,-0.56717361,0.0614324653,0.0565065349,8.26029803
203.40000000,-1.15970361,4.72169518,-0.44415973,-0.12937661,-1.08793517,-0.22281829,0.0580471488,0.0561238703,8.69879931
203.60000000,-1.03672351,4.57430058,-0.49898522,1.01653894,-0.01308230,-0.46525977,0.0507715198,0.0568762204,9.68800019
203.80000000,-0.95346782,4.68650908,-0.63935695,-0.42988301,0.65740456,-0.79561866,0.0571302725,0.0564094972,9.13351129
204.00000000,-1.12240078,4.68063090,-0.74548999,-0.77213183,-0.79004686,-0.17212669,0.0602969625,0.0561832615,8.95304382
204.20000000,-1.11069223,4.48470420,-0.74194620,0.90497296,-0.65543438,-0.03766838,0.0530279433,0.0564107076,10.12095028
204.40000000,-0.94813974,4.52079191,-0.83644017,0.12679412,0.72678717,-0.84005526,0.0545717750,0.0564165430,10.11701298
204.60000000,-1.08115159,4.57291858,-0.96675699,-0.98097878,-0.49281188,-0.21167485,0.0599002824,0.0562116441,9.59276592
204.80000000,-1.12719905,4.39139163,-0.92941415,0.74051469,-0.79106757,0.27538926,0.0542702150,0.0561066882,10.68097210
205.00000000,-0.95159190,4.40608505,-0.98290402,0.27618433,0.73150153,-0.79913508,0.0543962909,0.0562940307,10.85434707
205.20000000,-1.07791310,4.46718828,-1.10666231,-1.01779935,-0.45380220,-0.09020616,0.0592490468,0.0561641208,10.21799687
205.40000000,-1.11609951,4.30233260,-1.03230079,0.84002819,-0.60790406,0.41808419,0.0541187503,0.0561085011,11.30451560
205.60000000,-0.95318761,4.35563131,-1.08101980,0.02438883,0.79509036,-0.78563705,0.0552838329,0.0561370054,11.18446639
205.80000000,-1.10975991,4.39633259,-1.16756823,-0.92057402,-0.59171633,0.22891988,0.0587197311,0.0561181584,10.61224397
206.00000000,-1.09281618,4.25520829,-1.05654603,1.04040267,-0.19876717,0.35783086,0.0534406766,0.0561630269,11.69450437
206.20000000,-0.97425726,4.36861819,-1.12231477,-0.42763553,0.77743001,-0.68023484,0.0565224290,0.0560488567,11.04332265
206.40000000,-1.15637546,4.37301853,-1.14698376,-0.64680415,-0.71228769,0.56945556,0.0580986858,0.0561224379,10.69547516
206.60000000,-1.07702904,4.27316348,-1.01977519,1.07068851,0.24814733,0.20503170,0.0529219683,0.0561485138,11.60015272
206.80000000,-1.01886903,4.43032770,-1.08740715,-0.75514481,0.69319565,-0.44634634,0.0575790159,0.0560439738,10.55705673
207.00000000,-1.20292096,4.41005664,-1.05663241,-0.40720733,-0.72555676,0.74681894,0.0576685971,0.0561945179,10.39357484
207.20000000,-1.09553769,4.34163864,-0.92269091,0.99196920,0.47087485,0.21038755,0.0524774284,0.0561215958,11.08592086
207.40000000,-1.06367422,4.52182896,-0.96248125,-0.80969722,0.73393229,-0.23605661,0.0580870598,0.0560465286,9.92829108
207.60000000,-1.24978930,4.51150137,-0.91039492,-0.46479874,-0.68923104,0.74760392,0.0582755095,0.0563352132,9.70992647
207.80000000,-1.16289529,4.42783520,-0.76101940,0.97842483,0.30313874,0.44808555,0.0517275681,0.0561751634,10.40071256
208.00000000,-1.09244252,4.60734534,-0.74610964,-0.54336239,0.97463991,-0.06944974,0.0572642753,0.0559560271,9.40316883
208.20000000,-1.27915137,4.65993737,-0.70161727,-0.81680532,-0.49168374,0.58400776,0.0604162919,0.0565671238,8.85103584
208.40000000,-1.27987882,4.52952745,-0.55140556,0.78884533,-0.32643265,0.72190973,0.0522048556,0.0563428705,9.58443032
208.60000000,-1.13350784,4.62754711,-0.46051774,0.16389929,1.08179069,0.22990176,0.0536946415,0.0559693807,9.24439930
208.80000000,-1.25183170,4.78286604,-0.40856665,-1.03716615,0.13785582,0.39404447,0.0616907770,0.0564878317,8.27392835
209.00000000,-1.38558156,4.67879927,-0.29553035,0.00835619,-0.88685738,0.68073714,0.0571468071,0.0564750655,8.60629564
209.20000000,-1.25522459,4.59434768,-0.16646602,0.90482297,0.33641850,0.56400964,0.0499768762,0.0565519521,9.25613195
209.40000000,-1.19944302,4.76034383,-0.06490368,-0.50316922,0.87042906,0.48904280,0.0575132214,0.0561543540,8.45253377
209.60000000,-1.37375676,4.80185809,0.03455938,-0.84360835,-0.54108703,0.49551858,0.0622064403,0.0566920017,8.02644921
209.80000000,-1.40764981,4.62462267,0.13004973,0.60246033,-0.81496260,0.47208726,0.0536725507,0.0564548307,8.85217352
210.00000000,-1.23801994,4.61303118,0.23842624,0.59019588,0.69924059,0.64243310,0.0511654393,0.0566493290,9.17752366
210.20000000,-1.27983584,4.75776875,0.37366975,-0.87567184,0.30855252,0.62288283,0.0604455806,0.0564421607,8.36058121
210.40000000,-1.44101773,4.66918696,0.46061683,-0.33291139,-1.03922199,0.24326224,0.0594209208,0.0562049754,8.56855459
210.60000000,-1.34814914,4.49795050,0.50613403,1.02942896,-0.24119277,0.36344314,0.0512360092,0.0568130123,9.65484798
210.80000000,-1.22883497,4.58959899,0.63416465,-0.20369815,0.73552810,0.81700325,0.0556439990,0.0564398313,9.31502142
211.00000000,-1.38296606,4.61550546,0.75757863,-0.87440751,-0.63980625,0.27576857,0.0607078126,0.0562952643,8.92478888
211.20000000,-1.40747769,4.42025160,0.75761947,0.76231361,-0.81577333,-0.05814347,0.0540263098,0.0562018076,9.99763533
211.40000000,-1.22957384,4.42610062,0.82735348,0.37055586,0.70783275,0.78208053,0.0535313931,0.0564875789,10.28658986
211.60000000,-1.33276654,4.50131087,0.97155800,-1.00609194,-0.33217255,0.35697227,0.0598539942,0.0562681998,9.61945302
211.80000000,-1.41100333,4.32831095,0.94734942,0.55547190,-0.90528254,-0.34914650,0.0551458516,0.0560049274,10.54675886
212.00000000,-1.22908997,4.31539078,0.97201946,0.50703691,0.70118655,0.70798288,0.0536361610,0.0563455835,11.00653852
212.20000000,-1.32501742,4.39701209,1.10920227,-1.04389244,-0.30909352,0.25443766,0.0592222262,0.0561987686,10.23761346
212.40000000,-1.39612410,4.23698691,1.04817107,0.66698932,-0.73359206,-0.51667848,0.0548090312,0.0560331290,11.17718601
212.60000000,-1.22175094,4.26743153,1.06662359,0.25747331,0.81104510,0.72519104,0.0545464961,0.0561587548,11.33820212
212.80000000,-1.35630796,4.33096450,1.17274467,-1.00918920,-0.47707180,-0.06267648,0.0589162636,0.0561654802,10.58179925
213.00000000,-1.37543790,4.18516190,1.06678320,0.92859699,-0.35469140,-0.51175219,0.0538969511,0.0561103241,11.59600227
213.20000000,-1.23397549,4.28301048,1.10532401,-0.21253193,0.85384769,0.68975571,0.0557844736,0.0560395124,11.18729640
213.40000000,-1.40807563,4.31182689,1.15578681,-0.80878645,-0.64016748,-0.43132203,0.0585692693,0.0561597710,10.60475010
213.60000000,-1.36396286,4.19717516,1.02264795,1.04519227,0.07797300,-0.38920678,0.0530877112,0.0561294659,11.54906261
213.80000000,-1.27480163,4.34634345,1.06991332,-0.58039773,0.80978261,0.50732551,0.0568490623,0.0560035454,10.67707901
214.00000000,-1.46247328,4.35083562,1.06608905,-0.60880483,-0.68344191,-0.64206886,0.0583865161,0.0562318444,10.26450768
214.20000000,-1.38814461,4.26122289,0.92135460,1.00868102,0.28898529,-0.38605525,0.0524762249,0.0561292386,11.05746131
214.40000000,-1.32298424,4.43474384,0.94400727,-0.64851359,0.86193032,0.29409998,0.0572314405,0.0559801233,10.04328415
214.60000000,-1.51379467,4.45214125,0.91601117,-0.66242912,-0.62763288,-0.64595137,0.0591238642,0.0563899599,9.57989176
214.80000000,-1.46350513,4.34845354,0.76140195,0.94684818,0.09111842,-0.58750702,0.0519844313,0.0562000498,10.33212090
215.00000000,-1.36340288,4.50994309,0.72673797,-0.34514466,1.06108057,0.07051046,0.0560501038,0.0559074569,9.54625009
215.20000000,-1.54122993,4.59411673,0.69780186,-0.94660833,-0.35128243,-0.48012692,0.0609318214,0.0565473162,8.77794669
215.40000000,-1.58252662,4.46108688,0.55487997,0.62504692,-0.51035893,-0.77384664,0.0534200566,0.0563419607,9.42382877
215.60000000,-1.42713193,4.52082597,0.44703370,0.37909047,1.01004085,-0.29342191,0.0523662169,0.0560512683,9.38345520
215.80000000,-1.51330232,4.69554586,0.39508709,-1.00948712,0.33461367,-0.34490285,0.0610065746,0.0563457332,8.32748608
216.00000000,-1.67157068,4.61838437,0.29214335,-0.21639784,-0.88292258,-0.65085191,0.0588403968,0.0565641407,8.43956552
216.20000000,-1.56942549,4.50203067,0.16180789,0.94211237,0.08892923,-0.59540270,0.0501685793,0.0566262535,9.22698204
216.40000000,-1.47748568,4.64701045,0.05507049,-0.29506304,0.95308951,-0.50452622,0.0556836291,0.0561382297,8.62474047
216.60000000,-1.63814732,4.72333007,-0.04617485,-0.93400441,-0.35861839,-0.49901615,0.0624911438,0.0566589353,8.00318154
216.80000000,-1.70867766,4.55599988,-0.14028551,0.40842370,-0.93859212,-0.44969258,0.0554397856,0.0563440121,8.67994458
217.00000000,-1.54245631,4.50246838,-0.24134440,0.77415761,0.53119761,-0.60704003,0.0503523616,0.0568080819,9.27575106
217.20000000,-1.54252532,4.65151882,-0.37758669,-0.75118090,0.48396986,-0.67192925,0.0590994473,0.0563965855,8.49578759
217.40000000,-1.71177164,4.59717132,-0.47629713,-0.51544756,-0.95079416,-0.28335977,0.0605309892,0.0562853110,8.46899846
217.60000000,-1.65333354,4.40963352,-0.51649087,0.98213683,-0.46181873,-0.26855014,0.0520993659,0.0566485921,9.57026735
217.80000000,-1.50440212,4.47422661,-0.62839686,0.03906887,0.77337849,-0.80644144,0.0541955835,0.0565113573,9.49914470
218.00000000,-1.63601650,4.52984107,-0.76630449,-0.93576576,-0.47171630,-0.38963397,0.0607852293,0.0563628069,8.93532466
218.20000000,-1.69464255,4.34181584,-0.77562773,0.58546440,-0.94476604,0.12098351,0.0551427414,0.0560609592,9.85599710
218.40000000,-1.51068649,4.31546818,-0.82018188,0.59848649,0.64922650,-0.68578955,0.0527092908,0.0565686623,10.43262068
218.60000000,-1.57893700,4.41015822,-0.97234465,-0.98707202,-0.16288779,-0.49914409,0.0595431513,0.0562823541,9.68181691
218.80000000,-1.68498366,4.25056644,-0.96658447,0.35123482,-0.99097343,0.38025540,0.0560598395,0.0559292508,10.40678071
219.00000000,-1.50559106,4.20906440,-0.96375022,0.71399416,0.63723657,-0.57804004,0.0530628671,0.0563861562,11.13201762
219.20000000,-1.56691168,4.30833693,-1.10766870,-1.02691040,-0.15457271,-0.41418676,0.0589874585,0.0561972149,10.29045629
219.40000000,-1.66704720,4.15742652,-1.06575667,0.46951663,-0.83868604,0.57109387,0.0555641580,0.0559676379,11.03803434
219.60000000,-1.48950008,4.16284882,-1.05403310,0.47851041,0.79778951,-0.62011935,0.0539098588,0.0561994274,11.47670798
219.80000000,-1.59668690,4.24792567,-1.17389735,-1.05696794,-0.34746848,-0.10987601,0.0589331075,0.0561782237,10.58332122
220.00000000,-1.65031053,4.10145415,-1.08002240,0.77618224,-0.50163750,0.62919729,0.0544887846,0.0560431920,11.47013954
220.20000000,-1.49297252,4.17995769,-1.08854077,0.01041545,0.90793334,-0.65233184,0.0550547042,0.0560444312,11.33310687
220.40000000,-1.65230162,4.23355370,-1.16101850,-0.93571569,-0.54774434,0.27276463,0.0588761266,0.0561913160,10.54326553
220.60000000,-1.64486582,4.10772878,-1.02950458,0.96729546,-0.09645096,0.55229063,0.0534590656,0.0561070915,11.45735841
220.80000000,-1.52969606,4.24389587,-1.05136317,-0.38320062,0.90926641,-0.52571864,0.0560594273,0.0559778496,10.81145779
221.00000000,-1.71358925,4.27460481,-1.07244566,-0.78139650,-0.61584956,0.51003630,0.0589387899,0.0562821200,10.16228188
221.20000000,-1.67560289,4.16757655,-0.92422439,0.96955627,0.09661335,0.54828340,0.0527439950,0.0561598343,10.98226925
221.40000000,-1.58127014,4.32830006,-0.92446454,-0.46093657,0.96925367,-0.31316605,0.0562867469,0.0559383747,10.17594789
221.60000000,-1.76907178,4.37472419,-0.91831277,-0.82909179,-0.53733093,0.52332633,0.0597413502,0.0564263064,9.48037411
221.80000000,-1.75777223,4.25657365,-0.76527743,0.85980539,-0.11905428,0.70466229,0.0525907710,0.0562203392,10.21728378
222.00000000,-1.63421304,4.39335893,-0.70795038,-0.13085869,1.10974195,-0.03656462,0.0548122373,0.0558982919,9.69523291
222.20000000,-1.79567400,4.50762441,-0.69055269,-1.03625754,-0.18960805,0.37444261,0.0610811756,0.0564915390,8.74386211
222.40000000,-1.87541724,4.37943098,-0.55914218,0.42793905,-0.65811921,0.79607501,0.0548815288,0.0563518537,9.24319895
222.60000000,-1.72066431,4.39869278,-0.43608714,0.57191802,0.88564899,0.37218784,0.0513223520,0.0561777191,9.48816921
222.80000000,-1.77051186,4.58544542,-0.38033383,-0.93758426,0.52447686,0.30959316,0.0599429483,0.0562010295,8.41940234
223.00000000,-1.94615545,4.53960884,-0.28706087,-0.42698267,-0.83277475,0.61168632,0.0602951196,0.0566402317,8.29886806
223.20000000,-1.87797057,4.39879304,-0.15791603,0.91778777,-0.16000858,0.61810274,0.0509229583,0.0566217117,9.13953181
223.40000000,-1.75541837,4.51425808,-0.04636040,-0.06637185,0.98620370,0.52247983,0.0538725654,0.0561889928,8.80050170
223.60000000,-1.89447765,4.62195892,0.05755534,-0.98248932,-0.16086287,0.50874946,0.0622732022,0.0565980693,8.02331215
223.80000000,-1.99782572,4.47228072,0.15168554,0.19735586,-1.01126913,0.43402020,0.0572427596,0.0563216827,8.50908317
224.00000000,-1.84479587,4.37953814,0.24545750,0.91124215,0.32400538,0.56093349,0.0500839073,0.0568708285,9.31751916
224.20000000,-1.80249598,4.52380131,0.37956130,-0.58582422,0.63538436,0.70928472,0.0574952304,0.0563689335,8.65868540
224.40000000,-1.97156691,4.50518502,0.49051610,-0.66984102,-0.82801749,0.34012963,0.0613013291,0.0563797744,8.40599691
224.60000000,-1.94972166,4.30931921,0.52977159,0.88090520,-0.66200196,0.18907020,0.0532668528,0.0564174940,9.44618120
224.80000000,-1.77935727,4.34174631,0.62309116,0.28577707,0.76590331,0.76270026,0.0529183319,0.0566098109,9.67128009
225.00000000,-1.88156623,4.42375195,0.77142446,-0.95378380,-0.29039234,0.50592177,0.0605176429,0.0563824105,8.98479826
225.20000000,-1.97055452,4.24909021,0.79496878,0.38705723,-1.03852612,-0.14709959,0.0562966477,0.0559530650,9.71007984
225.40000000,-1.78987259,4.19004016,0.81592519,0.79697865,0.55118819,0.55767794,0.0521734807,0.0566232394,10.54257580
225.60000000,-1.81965340,4.29969879,0.96931469,-0.92440739,0.01144489,0.62875118,0.0589828875,0.0562915891,9.77787395
225.80000000,-1.94794032,4.15806749,0.98600463,0.13987991,-1.04639327,-0.36807984,0.0569560187,0.0559092341,10.27240925
226.00000000,-1.77940349,4.08803985,0.95896175,0.88535035,0.53973700,0.41812288,0.0527173275,0.0564169642,11.22061597
226.20000000,-1.80350823,4.20132495,1.10229091,-0.96784661,0.00741038,0.55964813,0.0585562405,0.0561922189,10.37486389
226.40000000,-1.92759088,4.06374308,1.08398170,0.25942421,-0.92040466,-0.57926016,0.0563369299,0.0559466353,10.89790124
226.60000000,-1.75503410,4.04267764,1.04422023,0.67586873,0.75249004,0.47639076,0.0534187737,0.0562341694,11.58936904
226.80000000,-1.83076760,4.14728037,1.17099679,-1.06332428,-0.20397296,0.27879103,0.0587684810,0.0561592147,10.61687790
227.00000000,-1.91580756,4.00435718,1.09534534,0.59362298,-0.63483340,-0.70326825,0.0551759109,0.0560143630,11.32718437
227.20000000,-1.75026153,4.06008490,1.07303859,0.23051934,0.93456397,0.56871690,0.0543796183,0.0560598609,11.47057221
227.40000000,-1.88884626,4.13818152,1.16231320,-1.02451547,-0.43551518,-0.10335598,0.0590021397,0.0562113550,10.51324626
227.60000000,-1.91777328,4.00529225,1.03971241,0.84351907,-0.26849940,-0.68291399,0.0540130141,0.0560868023,11.33255173
227.80000000,-1.78287876,4.12350730,1.03282189,-0.17237231,0.98565484,0.49875863,0.0552560531,0.0559693573,10.95128090
228.00000000,-1.95597234,4.18122876,1.07513508,-0.92000239,-0.52362011,-0.35972962,0.0592918060,0.0562962258,10.09088055
228.20000000,-1.95574411,4.06127352,0.93078742,0.87849947,-0.09762970,-0.68461298,0.0532701854,0.0561343938,10.86622382
228.40000000,-1.83795705,4.20315054,0.90493378,-0.25529374,1.04899495,0.29055553,0.0553087808,0.0559191504,10.31680904
228.60000000,-2.01536676,4.27896855,0.91685910,-0.96017316,-0.42071894,-0.38865266,0.0600899469,0.0563936938,9.41521728
228.80000000,-2.04345377,4.15249431,0.77183962,0.72462777,-0.31648620,-0.79040425,0.0535021615,0.0562194094,10.06657908
229.00000000,-1.90405724,4.25879638,0.69076987,0.08844584,1.11409599,-0.03090691,0.0536361860,0.0559312501,9.83659766
229.20000000,-2.04240366,4.40026270,0.67999523,-1.08375447,-0.01186334,-0.27445091,0.0608612095,0.0563893379,8.74967759
229.40000000,-2.15683916,4.28399164,0.56320330,0.21069016,-0.76400298,-0.78860439,0.0564510606,0.0564069743,9.05822047
229.60000000,-2.01227751,4.26287941,0.42798327,0.72823405,0.71332655,-0.45916029,0.0506718117,0.0562722078,9.54457669
229.80000000,-2.02347762,4.45313620,0.36491514,-0.82294862,0.69878136,-0.29059931,0.0585738120,0.0560836605,8.54447967
230.00000000,-2.20874741,4.44167368,0.28011358,-0.61520779,-0.74122069,-0.56753769,0.0613997414,0.0566961589,8.19215365
230.20000000,-2.17812395,4.28484685,0.15430560,0.83545327,-0.39346179,-0.63023282,0.0521650434,0.0565160002,9.00459140
230.40000000,-2.03259488,4.36394625,0.03879019,0.17064961,0.96360437,-0.54067837,0.0522426636,0.0563062450,8.96307855
230.60000000,-2.14280045,4.49786962,-0.06834257,-0.98669385,0.04456347,-0.52386745,0.0615666227,0.0564753628,8.08599828
230.80000000,-2.27375647,4.37249776,-0.16397167,-0.01826680,-1.03318443,-0.42683020,0.0589329614,0.0563619958,8.35394986
231.00000000,-2.14252270,4.24551359,-0.25120941,0.99146590,0.09165960,-0.50850924,0.0503773773,0.0568773070,9.29824816
231.20000000,-2.05971986,4.37579439,-0.38002461,-0.38495701,0.75389521,-0.73036830,0.0557637556,0.0563911238,8.83904564
231.40000000,-2.22019216,4.39297464,-0.50269209,-0.79044027,-0.67636409,-0.40954065,0.0616775966,0.0564719448,8.38302340
231.60000000,-2.23502425,4.19677596,-0.54542947,0.73572245,-0.83149667,-0.13158075,0.0546287721,0.0562167689,9.29786310
231.80000000,-2.05255511,4.19366956,-0.61929002,0.52201641,0.71027854,-0.68774340,0.0519319380,0.0567190241,9.81610040
232.00000000,-2.11969049,4.29748841,-0.77294019,-0.92728518,-0.10076043,-0.61642295,0.0599162753,0.0563955628,9.07169517
232.20000000,-2.23393112,4.14179928,-0.81456907,0.17944208,-1.09514532,0.13581229,0.0574121982,0.0559229566,9.57249272
232.40000000,-2.06524888,4.05100959,-0.81535496,0.95403182,0.41670648,-0.40763550,0.0519606281,0.0566532614,10.60685194
232.60000000,-2.05488439,4.17026992,-0.96291692,-0.82009683,0.18643381,-0.73666227,0.0582069286,0.0562774850,9.90400190
232.80000000,-2.19897019,4.05076837,-1.00451852,-0.06761940,-1.07062181,0.31493527,0.0577818494,0.0559425530,10.15325322
233.00000000,-2.04863739,3.95332463,-0.95825887,1.01169181,0.41092025,-0.24002474,0.0526184539,0.0563992395,11.26520904
233.20000000,-2.03468472,4.07620607,-1.09353088,-0.86917133,0.17362547,-0.68145655,0.0579533780,0.0561861657,10.48774268
233.40000000,-2.17675760,3.95604574,-1.10176192,0.04786036,-0.97652256,0.54231051,0.0570811548,0.0559612831,10.76648148
233.60000000,-2.01674972,3.90785115,-1.03797655,0.83905996,0.67374666,-0.30336679,0.0531065520,0.0562414108,11.66697922
233.80000000,-2.05842031,4.02912835,-1.16424143,-1.02912870,-0.04829301,-0.43422283,0.0584312876,0.0561557725,10.68130237
234.00000000,-2.17056844,3.89413211,-1.11171578,0.39222003,-0.74995590,0.73055947,0.0559125108,0.0560014337,11.17775506
234.20000000,-2.00465092,3.92420057,-1.05983568,0.43672641,0.92894817,-0.44307206,0.0538036974,0.0561011096,11.58899938
234.40000000,-2.11755370,4.02571382,-1.15953166,-1.07372833,-0.30431391,-0.06699268,0.0589413140,0.0561964709,10.51561721
234.60000000,-2.18092869,3.89029121,-1.05240335,0.68307122,-0.43158827,0.77274366,0.0547109025,0.0560729879,11.18458432
234.80000000,-2.03349127,3.98590418,-1.01538909,0.04208856,1.03257846,-0.42661193,0.0544874081,0.0559878424,11.08607464
235.00000000,-2.18941918,4.07060238,-1.07382224,-1.02142363,-0.40788969,0.20076660,0.0594265381,0.0562715382,10.05272805
235.20000000,-2.22656814,3.94279197,-0.94024169,0.74304540,-0.28501595,0.78526230,0.0540186365,0.0561388249,10.71893043
235.40000000,-2.09228429,4.06019018,-0.88653023,-0.04144903,1.09408374,-0.22638503,0.0543578666,0.0559348412,10.45441658
235.60000000,-2.25251371,4.16466620,-0.91146402,-1.05270206,-0.28061636,0.25111804,0.0601522045,0.0563562304,9.38654654
235.80000000,-2.31855872,4.03634132,-0.78007024,0.55166882,-0.49163295,0.83901489,0.0546401570,0.0562366293,9.89326447
236.00000000,-2.17186090,4.10771080,-0.67611903,0.30015786,1.06941517,0.12745148,0.0526120825,0.0560054535,9.95560171
236.20000000,-2.28137945,4.27200499,-0.66648210,-1.08810409,0.17611277,0.18708607,0.0602924454,0.0562616417,8.79458177
236.40000000,-2.42543999,4.17413938,-0.56614086,-0.01411964,-0.82526185,0.75414252,0.0579862294,0.0564786483,8.88295066
236.60000000,-2.29982054,4.11502764,-0.42275564,0.83616194,0.50252680,0.54615697,0.0504953860,0.0563627642,9.54387712
236.80000000,-2.27219742,4.29950411,-0.34948321,-0.66862949,0.84806544,0.28932167,0.0569953330,0.0560061587,8.69475243
237.00000000,-2.45895723,4.32398155,-0.27130807,-0.77465750,-0.61380502,0.52262468,0.0620761760,0.0567149121,8.12460942
237.20000000,-2.46735128,4.16002045,-0.15047753,0.70346057,-0.59714426,0.63130766,0.0537688285,0.0564606553,8.83798792
237.40000000,-2.30802496,4.19814404,-0.03225114,0.40110548,0.88257781,0.55691849,0.0509514324,0.0564559356,9.09465932
237.60000000,-2.38325680,4.35145725,0.07823150,-0.94502117,0.24953642,0.54282036,0.0604193814,0.0563652214,8.18837442
237.80000000,-2.53547740,4.25581973,0.17677353,-0.22761231,-1.00696908,0.42917747,0.0603804313,0.0564733671,8.22562446
238.00000000,-2.43294520,4.10130415,0.25887617,1.01028048,-0.14946924,0.45495019,0.0511890891,0.0567759285,9.22158239
238.20000000,-2.31402042,4.20896139,0.37958019,-0.15680655,0.83072900,0.73163407,0.0540573407,0.0564667686,9.02355181
238.40000000,-2.45759174,4.26048288,0.51238534,-0.87278902,-0.50136192,0.48668565,0.0616298366,0.0565094882,8.40153203
238.60000000,-2.50729787,4.07165318,0.56272179,0.55859351,-0.96327782,0.10028208,0.0560724334,0.0560797024,9.14128279
238.80000000,-2.32249268,4.03160322,0.61793445,0.73287853,0.60694099,0.58694041,0.0513252025,0.0567933902,9.91965714
239.00000000,-2.35049419,4.15144380,0.77110717,-0.85641657,0.09157929,0.71284728,0.0590172140,0.0563805291,9.19271248
239.20000000,-2.48381845,4.01972517,0.83336791,-0.02619014,-1.11416218,-0.08912937,0.0584200255,0.0559670502,9.45359598
239.40000000,-2.33472461,3.89955845,0.81893260,1.06073554,0.25165366,0.24798767,0.0520733795,0.0566105957,10.62050421
239.60000000,-2.28454104,4.02233283,0.95383563,-0.67775017,0.35660606,0.81453921,0.0572672800,0.0562754790,10.05473510
239.80000000,-2.43743210,3.92866587,1.02112734,-0.26189205,-1.06326180,-0.22555310,0.0584895045,0.0559991698,10.05686914
240.00000000,-2.31128142,3.80595759,0.96192641,1.08697966,0.25528181,0.05739071,0.0527630655,0.0563571644,11.26291836
240.20000000,-2.26025305,3.93330476,1.08206619,-0.73482262,0.33966628,0.77113539,0.0572164224,0.0561689498,10.62441255
240.40000000,-2.41380556,3.83445459,1.11807486,-0.15536393,-1.00521484,-0.46410387,0.0577534938,0.0559967405,10.65184487
240.60000000,-2.27288904,3.75941374,1.03584204,0.95978769,0.56212964,0.11315947,0.0529922845,0.0562646694,11.70304275
240.80000000,-2.27948498,3.89362443,1.15405104,-0.95660399,0.11687063,0.56677796,0.0579408503,0.0561297725,10.77412198
241.00000000,-2.41350393,3.77102223,1.12805830,0.18304798,-0.84315527,-0.71103432,0.0566507098,0.0560113743,11.03182150
241.20000000,-2.25475598,3.77329367,1.04981562,0.61841621,0.88738297,0.28301942,0.0533663029,0.0561167630,11.67824610
241.40000000,-2.33828575,3.89618508,1.15276536,-1.08333145,-0.15563799,0.22837889,0.0586986862,0.0561546331,10.55005737
241.60000000,-2.43283038,3.76309776,1.06655145,0.49665483,-0.57952466,-0.81698976,0.0555019556,0.0560635608,11.02446357
241.80000000,-2.28047916,3.83203178,1.00012262,0.24944173,1.04399532,0.31279337,0.0538027658,0.0560158379,11.20445323
242.00000000,-2.41378108,3.94265853,1.06841520,-1.08400287,-0.27033199,-0.04295898,0.0593384829,0.0562317869,10.04883057
242.20000000,-2.48631565,3.81250266,0.95157533,0.57319193,-0.45737062,-0.84394917,0.0549305670,0.0561394549,10.55216040
242.40000000,-2.34328282,3.90056464,0.87032219,0.16950313,1.09812304,0.12402233,0.0534976077,0.0559667247,10.57602059
242.60000000,-2.48039998,4.03169638,0.90219801,-1.10504496,-0.12047592,-0.11978420,0.0599301023,0.0562801112,9.39492197
242.80000000,-2.58140313,3.90809215,0.78884399,0.35275340,-0.63688441,-0.84848709,0.0559029808,0.0562746699,9.71140197
243.00000000,-2.43626740,3.94175586,0.66473031,0.49096532,0.97396089,-0.24564258,0.0518298200,0.0560907705,10.03805709
243.20000000,-2.51258773,4.12302239,0.65056822,-1.04920745,0.36757832,-0.11847759,0.0594160204,0.0561367107,8.87594013
243.40000000,-2.68019238,4.04924837,0.56717568,-0.23541848,-0.84153925,-0.69740725,0.0593565492,0.0565717613,8.72884345
243.60000000,-2.58090775,3.95655554,0.42015321,0.88792985,0.26665114,-0.62487181,0.0508299552,0.0564393740,9.48447006
243.80000000,-2.51661106,4.12577642,0.33468766,-0.47982975,0.96237215,-0.30592529,0.0553229742,0.0559859383,8.85912008
244.00000000,-2.69655710,4.18614912,0.26081082,-0.90024418,-0.45651161,-0.48077499,0.0622805944,0.0566390247,8.09910747
244.20000000,-2.74343181,4.02385650,0.14597820,0.53311569,-0.76067315,-0.62221463,0.0555765249,0.0564265267,8.65737581
244.40000000,-2.58031004,4.01900781,0.02651963,0.60872755,0.74523410,-0.56926612,0.0501320146,0.0565962779,9.17909721
244.60000000,-2.61606297,4.18340200,-0.08700383,-0.85693324,0.44515249,-0.56346402,0.0589131562,0.0562819223,8.32520428
244.80000000,-2.78229212,4.12159788,-0.18966096,-0.42161204,-0.93671939,-0.44134690,0.0614796693,0.0565755473,8.13195262
245.00000000,-2.71336843,3.94742661,-0.26853710,0.96897663,-0.38294168,-0.40549596,0.0524251858,0.0565890058,9.09846413
245.20000000,-2.56498792,4.02503948,-0.37895930,0.08727249,0.85822657,-0.71120860,0.0525358564,0.0565792974,9.19635400
245.40000000,-2.68384105,4.10783857,-0.51933089,-0.91342956,-0.30876248,-0.56594980,0.0611552693,0.0564971751,8.46115488
245.60000000,-2.76497609,3.93356156,-0.58078681,0.36195557,-1.05336527,-0.09693697,0.0574900174,0.0560308525,8.99104458
245.80000000,-2.58732847,3.85716425,-0.61975924,0.90468999,0.46024458,-0.46871946,0.0511434178,0.0568337848,9.97183305
246.00000000,-2.57407703,3.98617402,-0.76643210,-0.74283654,0.28002998,-0.78725095,0.0578820816,0.0563785814,9.34250488
246.20000000,-2.71955264,3.88271911,-0.85038896,-0.22026405,-1.09605846,0.01124994,0.0592584239,0.0560395502,9.36127036
246.40000000,-2.59610426,3.73679937,-0.82676126,1.11236885,0.06436819,-0.09208281,0.0524841533,0.0564844943,10.58420092
246.60000000,-2.50844048,3.85650544,-0.94296043,-0.50269744,0.51527693,-0.85543668,0.0562321927,0.0562893459,10.22257622
246.80000000,-2.66290339,3.79179269,-1.03497965,-0.43537112,-1.02425104,0.10653035,0.0590371634,0.0560764728,9.98878922
247.00000000,-2.56529775,3.64696384,-0.96990255,1.10918961,0.07932227,0.11572937,0.0531290918,0.0562959601,11.21561346
247.20000000,-2.47993092,3.77307453,-1.06876113,-0.57019254,0.49978573,-0.82163347,0.0563941337,0.0561736738,10.77845767
247.40000000,-2.63821153,3.69909294,-1.13201724,-0.34214756,-1.00496456,0.35066813,0.0583150695,0.0560484327,10.56028435
247.60000000,-2.52160741,3.59848066,-1.03805416,1.03282536,0.42046036,0.08044692,0.0530800488,0.0562472920,11.69480442
247.80000000,-2.49374561,3.74100744,-1.14105146,-0.84923602,0.28752773,-0.66791676,0.0573260965,0.0560961512,10.89142884
248.00000000,-2.64377964,3.63524644,-1.14333101,-0.02385598,-0.91104275,0.64762551,0.0573438888,0.0560376841,10.89805691
248.20000000,-2.49902947,3.60851186,-1.04365120,0.76632698,0.80800553,-0.09928147,0.0530987404,0.0561528722,11.72999826
248.40000000,-2.55089337,3.74968071,-1.14233309,-1.05456155,0.00801777,-0.37124439,0.0582896292,0.0561111908,10.61497036
248.60000000,-2.67224967,3.62402411,-1.08105728,0.29528427,-0.70673264,0.81444639,0.0563284654,0.0560816164,10.86303205
248.80000000,-2.52259426,3.66304949,-0.98795493,0.43887443,1.01507523,-0.16431141,0.0532499433,0.0560574033,11.29519495
249.00000000,-2.62893243,3.79738453,-1.05906663,-1.10738055,-0.11344671,-0.10404264,0.0590367177,0.0561799010,10.07883416
249.20000000,-2.73350832,3.67066930,-0.96366076,0.38005845,-0.60753545,0.85816254,0.0559316202,0.0561633672,10.37823048
249.40000000,-2.58976353,3.72565410,-0.85724065,0.36585561,1.05642865,0.00973996,0.0527926516,0.0560195018,10.66881429
249.60000000,-2.69894072,3.88004815,-0.88938003,-1.11665216,0.05535340,0.00326106,0.0594429108,0.0561823323,9.43936531
249.80000000,-2.83062485,3.76761144,-0.79703406,0.13974631,-0.74674008,0.82026636,0.0571795220,0.0563416773,9.53416170
250.00000000,-2.69564110,3.76269569,-0.65706374,0.64818897,0.82994421,0.37554007,0.0513707282,0.0561634060,10.07262261
250.20000000,-2.73602898,3.95371838,-0.63297775,-0.96793742,0.55466442,0.07369666,0.0582906207,0.0560249397,8.98901124
250.40000000,-2.92034359,3.90874687,-0.56572415,-0.44400314,-0.81424098,0.62438731,0.0604545153,0.0566267754,8.60449963
250.60000000,-2.85305037,3.78855668,-0.41966505,0.88099549,0.02135934,0.68802427,0.0516573893,0.0564235241,9.37236946
250.80000000,-2.75654160,3.93353415,-0.32112547,-0.26449657,1.03197733,0.33919170,0.0536872679,0.0560309959,9.02336912
251.00000000,-2.92145903,4.02801494,-0.24892218,-0.98779745,-0.27572030,0.44522036,0.0620027496,0.0565334659,8.11653180
251.20000000,-3.00451377,3.87573207,-0.14044961,0.33681370,-0.87781944,0.60495969,0.0574199409,0.0564573314,8.47949111
251.40000000,-2.84762804,3.82862453,-0.02128135,0.77793035,0.55920436,0.57628249,0.0498733745,0.0566829660,9.20515780
251.60000000,-2.84148338,3.99469250,0.09455555,-0.72349078,0.62159495,0.58323876,0.0571617725,0.0562340588,8.48840124
251.80000000,-3.01375599,3.96938540,0.20218023,-0.59274658,-0.82730457,0.46282316,0.0621530421,0.0566289058,8.07796561
252.00000000,-2.98125851,3.78404181,0.28007231,0.87388004,-0.59434117,0.36479980,0.0539586475,0.0564103532,8.94458701
252.20000000,-2.81189469,3.82599587,0.37895303,0.33309774,0.83119327,0.66944028,0.0513475874,0.0567128090,9.34056161
252.40000000,-2.89912472,3.93535603,0.52346512,-0.90985833,-0.10484893,0.64121068,0.0602808298,0.0564532470,8.55967974
252.60000000,-3.00686172,3.78213664,0.59871995,0.15753702,-1.10023071,0.12108304,0.0587831578,0.0560704489,8.85921785
252.80000000,-2.84495195,3.67188458,0.62520768,1.02683280,0.27842108,0.34363166,0.0513844933,0.0567837152,9.96840544
253.00000000,-2.79049351,3.80242749,0.75965477,-0.58998694,0.45681613,0.83259896,0.0565965167,0.0563834568,9.51339776
253.20000000,-2.94071372,3.73070238,0.86479731,-0.39494734,-1.04189867,0.09192579,0.0598748690,0.0561376264,9.30105170
253.40000000,-2.84720661,3.56372888,0.83857987,1.10881473,-0.13520594,-0.04728454,0.0531432464,0.0563344634,10.50405484
253.60000000,-2.72626994,3.67359808,0.93133894,-0.30205079,0.65466350,0.85449844,0.0551818933,0.0563208431,10.39795425
253.80000000,-2.87513382,3.64021036,1.04541247,-0.58228386,-0.95381583,0.03416740,0.0593907427,0.0561301131,9.95270815
254.00000000,-2.80872176,3.47731397,0.98178918,1.08034550,-0.10901838,-0.26637402,0.0536805054,0.0561875519,11.12954688
254.20000000,-2.69331671,3.59613576,1.05462401,-0.38207603,0.64693223,0.82793907,0.0555437651,0.0561827635,10.94167558
254.40000000,-2.84962774,3.55008089,1.14284914,-0.50622307,-0.97456105,-0.20965556,0.0587330238,0.0561088345,10.49637482
254.60000000,-2.76105447,3.42619021,1.04452556,1.05652031,0.25375874,-0.26335871,0.0533597039,0.0561849151,11.64370858
254.80000000,-2.70090853,3.57163628,1.12604938,-0.71169387,0.45821044,0.73042554,0.0566242536,0.0560826892,11.02773589
255.00000000,-2.86078407,3.48699414,1.15658734,-0.22000481,-0.95068570,-0.54569314,0.0579494763,0.0560941160,10.78352758
255.20000000,-2.73581149,3.43112120,1.04174170,0.87346432,0.69137243,-0.09513485,0.0530217615,0.0561607172,11.73900132
255.40000000,-2.75519363,3.58636621,1.12876932,-0.98976688,0.18285844,0.48673473,0.0577386737,0.0560702667,10.70737713
255.60000000,-2.89822328,3.47332055,1.09482936,0.08930656,-0.80837163,-0.76716753,0.0571314591,0.0561112341,10.71007145
255.80000000,-2.75841381,3.48030274,0.97961004,0.60037365,0.94311397,-0.00859493,0.0528722979,0.0560848965,11.34864619
256.00000000,-2.83474615,3.63484806,1.04616649,-1.09228620,0.05914118,0.23108336,0.0585422786,0.0561109808,10.14097959
256.20000000,-2.96695657,3.51745756,0.97535010,0.17466210,-0.72960488,-0.82894885,0.0569409970,0.0562077434,10.20868888
256.40000000,-2.83032313,3.53702759,0.84798941,0.53623335,0.96707633,-0.16493479,0.0523046463,0.0560887236,10.72164617
256.60000000,-2.90806121,3.70985164,0.87356023,-1.08789953,0.24135422,0.09060391,0.0587244946,0.0560874364,9.51724578
256.80000000,-3.06516513,3.61468962,0.80360488,-0.07649668,-0.81768383,-0.75863543,0.0583627961,0.0564100545,9.37276467
257.00000000,-2.94810683,3.57229236,0.65324692,0.76136449,0.64390262,-0.50566771,0.0512959001,0.0562359940,10.05301978
257.20000000,-2.95170348,3.76476891,0.61456233,-0.84640465,0.72828437,-0.05645655,0.0569897892,0.0559456099,9.12657417
257.40000000,-3.14536336,3.75215375,0.56142651,-0.63247549,-0.74601451,-0.54168570,0.0612015204,0.0566461887,8.51586332
257.60000000,-3.11380451,3.61175393,0.42058139,0.81808434,-0.21753011,-0.73034578,0.0529032070,0.0564070265,9.21980764
257.80000000,-2.99161875,3.72469579,0.30928904,-0.03365484,1.04858483,-0.38642399,0.0522271028,0.0561226611,9.17094934
258.00000000,-3.13370579,3.84964920,0.23604386,-1.03379366,-0.07835280,-0.41847079,0.0612645259,0.0563951714,8.17588336
258.20000000,-3.24912004,3.71497299,0.13366343,0.12659694,-0.94600131,-0.58227230,0.0591390361,0.0565409056,8.31844343
258.40000000,-3.10778631,3.62884912,0.01616672,0.89617121,0.33719837,-0.57720075,0.0502051049,0.0567312760,9.16917198
258.60000000,-3.05978209,3.78665121,-0.10091513,-0.54808675,0.76828899,-0.59943242,0.0553070699,0.0562467467,8.66662337
258.80000000,-3.22964238,3.79894022,-0.21389188,-0.73469906,-0.68400001,-0.49228807,0.0623528683,0.0566212356,8.06635736
259.00000000,-3.23436803,3.61103945,-0.29318270,0.73475808,-0.77258779,-0.33648915,0.0556470985,0.0562628012,8.77728914
259.20000000,-3.05363074,3.61394396,-0.38032703,0.56472154,0.74831645,-0.60917841,0.0506081494,0.0568514448,9.44069085
259.40000000,-3.10371272,3.74354716,-0.52494359,-0.86066151,0.10320247,-0.70611421,0.0590648808,0.0564231966,8.69282069
259.60000000,-3.23209458,3.61708023,-0.61564248,-0.04427294,-1.10408332,-0.17037071,0.0598657026,0.0561739174,8.75496680
259.80000000,-3.09309739,3.47712573,-0.63438234,1.09314588,0.07274554,-0.22299420,0.0520045132,0.0566331093,9.91195485
260.00000000,-2.99970704,3.60117986,-0.75171077,-0.40338545,0.61305700,-0.84346163,0.0552654977,0.0564281934,9.69522467
260.20000000,-3.14707890,3.56366216,-0.87594335,-0.54406825,-0.95315865,-0.21322418,0.0602281954,0.0562078883,9.27641701
260.40000000,-3.08598043,3.38119985,-0.85379881,1.05419798,-0.33657750,0.15927466,0.0539880321,0.0561839593,10.39039899
260.60000000,-2.93755392,3.47464461,-0.92011070,-0.08464238,0.76631642,-0.80967957,0.0542017239,0.0563692700,10.56948940
260.80000000,-3.07400137,3.47400568,-1.05198023,-0.69851419,-0.85256054,-0.18762896,0.0595259995,0.0561810672,9.95070130
261.00000000,-3.03975147,3.29789333,-0.99689641,1.00595261,-0.30107716,0.38392454,0.0543723995,0.0560854792,11.01424872
261.20000000,-2.89986939,3.40331107,-1.04074966,-0.17853749,0.77305130,-0.78771962,0.0547269686,0.0562093619,11.10424200
261.40000000,-3.04783782,3.38753281,-1.15002592,-0.64310052,-0.91319329,0.04985840,0.0589821106,0.0561411973,10.46312806
261.60000000,-2.98945762,3.24365590,-1.05485415,1.03279621,0.06887452,0.42258062,0.0538086778,0.0561184416,11.55514313
261.80000000,-2.90058532,3.38602988,-1.10999560,-0.54974410,0.62195487,-0.74895903,0.0558790540,0.0560761593,11.17589012
262.00000000,-3.06408795,3.32642280,-1.16702506,-0.39869499,-0.95964198,0.41245076,0.0584311612,0.0561394252,10.69363653
262.20000000,-2.96339491,3.24245219,-1.04417318,0.93580556,0.54072037,0.28613887,0.0531435991,0.0561611891,11.70392198
262.40000000,-2.95095178,3.40652393,-1.11280361,-0.89229484,0.36356311,-0.56711356,0.0570780467,0.0560356205,10.82275927
262.60000000,-3.11002603,3.31117694,-1.10685557,-0.11227010,-0.88038945,0.67992340,0.0578557666,0.0561628076,10.57379334
262.80000000,-2.98637925,3.28527172,-0.97553230,0.72568804,0.82827241,0.19320367,0.0527048883,0.0561114296,11.35818488
263.00000000,-3.03107581,3.45523167,-1.03032598,-1.04039161,0.24241241,-0.32985981,0.0578861463,0.0560466570,10.23196006
263.20000000,-3.18574055,3.35294944,-0.98556147,-0.03299432,-0.81898380,0.76037022,0.0578803677,0.0562645084,10.05347899
263.40000000,-3.06337361,3.33636950,-0.84296838,0.67075717,0.83168615,0.32919435,0.0520859090,0.0561388976,10.72686288
263.60000000,-3.10768445,3.52141721,-0.85549312,-1.02005421,0.43061518,-0.15506746,0.0578205369,0.0560031992,9.62404734
263.80000000,-3.28422931,3.44907937,-0.80768461,-0.28670737,-0.84791030,0.66994996,0.0593602936,0.0564693355,9.23604652
264.00000000,-3.19162727,3.37218779,-0.65305161,0.82366035,0.42626716,0.62439241,0.0516334000,0.0562685336,9.97941271
264.20000000,-3.15958842,3.55716266,-0.59624904,-0.68838276,0.87828685,0.06875543,0.0555997199,0.0559143656,9.27862187
264.40000000,-3.35490046,3.57910482,-0.55415502,-0.79493183,-0.64041379,0.45600383,0.0615498140,0.0565787834,8.46658540
264.60000000,-3.36090407,3.42651248,-0.42207977,0.70620331,-0.43592380,0.74915503,0.0544465179,0.0563934345,9.04262794
264.80000000,-3.22119532,3.50145872,-0.29951651,0.19882698,1.00686428,0.44348402,0.0510792777,0.0562603284,9.28477289
265.00000000,-3.33346848,3.65137010,-0.22264261,-1.03529649,0.12786805,0.40223979,0.0601182479,0.0562530914,8.27413343
265.20000000,-3.47612194,3.54094482,-0.12553638,-0.08667010,-0.96541545,0.55717791,0.0605951646,0.0566495951,8.18506334
265.40000000,-3.35834188,3.42117378,-0.01079370,0.95586351,0.09536099,0.57202896,0.0510918139,0.0566893706,9.07596967
265.60000000,-3.27114857,3.56095115,0.10624864,-0.33722132,0.87450119,0.60952059,0.0535106481,0.0563240098,8.84526876
265.80000000,-3.42992026,3.61022153,0.22440876,-0.84202528,-0.51241513,0.52764578,0.0620629776,0.0565606438,8.09782338
266.00000000,-3.47080840,3.42814293,0.30742538,0.56304614,-0.91031200,0.32295049,0.0573476532,0.0562166231,8.61292284
266.20000000,-3.28868295,3.39102341,0.38373103,0.76623312,0.61317163,0.53562417,0.0503830362,0.0569322582,9.48559263
266.40000000,-3.29792975,3.53314640,0.52414695,-0.76583673,0.30701326,0.75446859,0.0575972096,0.0564019819,8.85385251
266.60000000,-3.44010828,3.43818131,0.63076000,-0.23463094,-1.06625194,0.24091701,0.0606659276,0.0562771481,8.68469646
266.80000000,-3.32948227,3.27402149,0.64704014,1.10249401,-0.14388242,0.11743371,0.0529296357,0.0564517872,9.81125186
267.00000000,-3.20153989,3.38366498,0.74367177,-0.19083584,0.73920448,0.81678901,0.0540046657,0.0564977129,9.87550354
267.20000000,-3.33857962,3.38164809,0.88339513,-0.66292867,-0.83174120,0.34455479,0.0602913279,0.0562747632,9.28906381
267.40000000,-3.31059844,3.18991434,0.87156821,0.95589971,-0.52967932,-0.23596906,0.0549506997,0.0560305298,10.25594850
267.60000000,-3.14162827,3.26091984,0.91042372,0.13924896,0.84189441,0.72236373,0.0533729996,0.0564312944,10.72471310
267.80000000,-3.25947237,3.29329380,1.05447361,-0.78140503,-0.72167079,0.34435920,0.0594307124,0.0562248407,9.98339003
268.00000000,-3.25681482,3.10948322,1.01431241,0.89399985,-0.48815896,-0.46092395,0.0551552698,0.0560021577,10.88103365
268.20000000,-3.09889567,3.19565106,1.02824776,0.03135532,0.86968750,0.70188764,0.0540043790,0.0562406062,11.25520746
268.40000000,-3.23271572,3.21156075,1.15321946,-0.74989775,-0.82062735,0.11920513,0.0590462475,0.0561670338,10.46215471
268.60000000,-3.20519636,3.05192450,1.06836354,0.96665438,-0.12609540,-0.54741664,0.0543942910,0.0560577018,11.43755091
268.80000000,-3.09228052,3.18490584,1.09393537,-0.37013406,0.77051458,0.72062039,0.0551383560,0.0560843971,11.32713898
269.00000000,-3.25340097,3.15365970,1.17402259,-0.55501594,-0.93604832,-0.25643035,0.0587606186,0.0561571755,10.63221536
269.20000000,-3.18009936,3.04383935,1.05070894,0.95262662,0.36183859,-0.45995762,0.0534586288,0.0561262854,11.62758179
269.40000000,-3.13786808,3.21059479,1.09532943,-0.76641495,0.54319264,0.60624707,0.0563461085,0.0560104074,10.95490915
269.60000000,-3.30713169,3.13772776,1.11626091,-0.30212607,-0.91955499,-0.55957492,0.0584539190,0.0561998490,10.46065846
269.80000000,-3.20485338,3.07950238,0.97583836,0.80918858,0.67394203,-0.37550179,0.0527699670,0.0561349069,11.32135949
270.00000000,-3.21774287,3.25887421,1.01235164,-0.95424122,0.42976645,0.39333205,0.0571071962,0.0559905472,10.34671804
270.20000000,-3.38917350,3.17716078,0.99334941,-0.23445268,-0.87234486,-0.65881103,0.0586809644,0.0563221425,9.92056645
270.40000000,-3.28719736,3.12538702,0.84222425,0.76218624,0.65568776,-0.48901051,0.0521712401,0.0561567883,10.68176152
270.60000000,-3.29772066,3.31528008,0.83610012,-0.91537587,0.61472407,0.18489701,0.0567861409,0.0559394916,9.75308412
270.80000000,-3.48723921,3.27052814,0.80861515,-0.48336273,-0.83703413,-0.56188958,0.0601004246,0.0565057318,9.13046303
271.00000000,-3.42410829,3.16380292,0.65591488,0.83269133,0.19016684,-0.72142032,0.0523685555,0.0562928598,9.85840626
271.20000000,-3.35960207,3.33223247,0.57897719,-0.49980017,0.99397069,-0.11048809,0.0542172111,0.0559270336,9.43236089
271.40000000,-3.54875260,3.38937392,0.54400670,-0.92656352,-0.50176090,-0.37376676,0.0614818858,0.0564977103,8.45835042
271.60000000,-3.59235480,3.23289975,0.42332002,0.55506647,-0.62266646,-0.74442813,0.0561382278,0.0564292276,8.85746177
271.80000000,-3.44427714,3.26619184,0.29195074,0.41727766,0.90597509,-0.50504855,0.0503638402,0.0563965174,9.34995068
272.00000000,-3.52104297,3.43376894,0.20921178,-0.99015804,0.33413542,-0.39739919,0.0586448421,0.0561362130,8.40585727
272.20000000,-3.68469962,3.35311520,0.11612813,-0.29356545,-0.93814821,-0.53261883,0.0616789228,0.0566855493,8.08698504
272.40000000,-3.59676456,3.20666063,0.00481251,0.95519846,-0.14910663,-0.56155913,0.0524391650,0.0565401972,8.93766051
272.60000000,-3.47559984,3.31960849,-0.11084864,-0.10104846,0.93047492,-0.61154817,0.0519403072,0.0564437317,9.00726811
272.80000000,-3.61474048,3.40338862,-0.23343242,-0.90994127,-0.31865331,-0.56608522,0.0613001000,0.0564918640,8.17116681
273.00000000,-3.68907273,3.23500826,-0.32225759,0.37038114,-1.00348887,-0.32528978,0.0589274995,0.0562479240,8.46523872
273.20000000,-3.51517501,3.15926287,-0.38961931,0.92393781,0.43434122,-0.45571059,0.0506793360,0.0568646189,9.47092310
273.40000000,-3.48211325,3.30514579,-0.52167050,-0.62727622,0.49687969,-0.78078206,0.0559960554,0.0564236171,9.03325491
273.60000000,-3.63058586,3.24532268,-0.64341073,-0.40616774,-0.98877686,-0.32761807,0.0611289521,0.0563461249,8.65241967
273.80000000,-3.55194400,3.06345781,-0.66262974,1.05838748,-0.35850947,-0.03567072,0.0540695341,0.0562340534,9.67938050
274.00000000,-3.39562308,3.15139071,-0.73666319,0.03758639,0.82590205,-0.75263441,0.0529276557,0.0565866432,10.04017567
274.20000000,-3.51526392,3.18477441,-0.88696097,-0.74809183,-0.68015045,-0.47722056,0.0600541718,0.0563318913,9.33908848
274.40000000,-3.51951805,2.99043272,-0.89086513,0.82326080,-0.70555289,0.27280441,0.0559634962,0.0559461540,10.11392094
274.60000000,-3.33762686,3.03393491,-0.90333884,0.35845209,0.87421590,-0.59769901,0.0527629995,0.0564784919,10.85130095
274.80000000,-3.43156741,3.09823007,-1.05292930,-0.82954884,-0.56319843,-0.49461266,0.0591065566,0.0562302706,10.05000992
275.00000000,-3.45860811,2.91275319,-1.03298675,0.75378737,-0.66207612,0.49340168,0.0559782416,0.0559395438,10.74152761
275.20000000,-3.28954717,2.97444304,-1.01816038,0.23797189,0.92886125,-0.57495352,0.0534294782,0.0562908662,11.38339150
275.40000000,-3.40418992,3.02228544,-1.15233024,-0.82511098,-0.69744858,-0.28765035,0.0589198197,0.0561841128,10.49377562
275.60000000,-3.40685785,2.85194437,-1.08416660,0.86530348,-0.32246229,0.63028034,0.0550764316,0.0560103399,11.30117619
275.80000000,-3.27538510,2.96921180,-1.07894596,-0.18041042,0.89485185,-0.64550567,0.0544510969,0.0561010299,11.47145594
276.00000000,-3.42853048,2.96880923,-1.17716395,-0.68570174,-0.87876418,0.08701691,0.0589188245,0.0561901265,10.60166921
276.20000000,-3.38434366,2.83656298,-1.06081200,0.92636100,0.16258877,0.60448778,0.0539469649,0.0560912388,11.51648767
276.40000000,-3.31556884,2.99922079,-1.07736085,-0.61726508,0.71329580,-0.60014847,0.0555857550,0.0560010111,11.09587305
276.60000000,-3.48916928,2.95306117,-1.12235085,-0.47470348,-0.92350399,0.41446622,0.0588888062,0.0562291871,10.37541380
276.80000000,-3.41219049,2.86452931,-0.98030157,0.84841320,0.48662209,0.54164491,0.0530725051,0.0561260598,11.24035042
277.00000000,-3.39452750,3.04631598,-0.99320797,-0.83726202,0.61298272,-0.41620874,0.0562504215,0.0559547843,10.47825332
277.20000000,-3.57675714,2.99006072,-0.99795748,-0.42297712,-0.88755744,0.53227564,0.0592883035,0.0563461424,9.81590536
277.40000000,-3.50002314,2.90571316,-0.84543938,0.80673399,0.44794017,0.63128051,0.0525696785,0.0561703221,10.58915743
277.60000000,-3.47805498,3.09224572,-0.81641936,-0.77733935,0.78387051,-0.17684954,0.0556840745,0.0559075441,9.89528716
277.80000000,-3.67378766,3.07880703,-0.80598158,-0.66053972,-0.78586581,0.44281758,0.0605355091,0.0564877104,9.06032050
278.00000000,-3.64351250,2.94827269,-0.66100288,0.79047910,-0.05020159,0.78905500,0.0534416568,0.0562731603,9.70165741
278.20000000,-3.55155343,3.09166629,-0.56362436,-0.28912667,1.06504100,0.17910509,0.0529468944,0.0559874066,9.57281022
278.40000000,-3.72685058,3.18289330,-0.53128478,-1.02329057,-0.33518164,0.30085688,0.0610083832,0.0563618429,8.49104763
278.60000000,-3.80648134,3.03077051,-0.42353166,0.37548034,-0.76996208,0.71844143,0.0578217955,0.0565080546,8.67951872
278.80000000,-3.65949161,3.02128662,-0.28651564,0.60604878,0.75054158,0.56513484,0.0501665982,0.0564943641,9.35683176
279.00000000,-3.69683594,3.19774347,-0.19623208,-0.89750496,0.53037036,0.40395210,0.0569515201,0.0560709260,8.56275530
279.20000000,-3.87430397,3.15109034,-0.10562516,-0.48599055,-0.86747393,0.51116273,0.0623138669,0.0567188215,8.02907423
279.40000000,-3.82060526,2.98594829,0.00205384,0.89769773,-0.38028802,0.54727047,0.0541095038,0.0564485794,8.77082366
279.60000000,-3.67287155,3.06493479,0.11510572,0.14666143,0.92902013,0.60448092,0.0507513834,0.0565956090,9.13496829
279.80000000,-3.78442545,3.17880860,0.24078610,-0.93429743,-0.10962750,0.60419805,0.0601149834,0.0564073855,8.28314982
280.00000000,-3.88802326,3.03130086,0.33708334,0.16766306,-1.05069180,0.34339628,0.0602707110,0.0563650775,8.34477946
280.20000000,-3.73096916,2.92045459,0.39819713,1.02828822,0.22444798,0.37713604,0.0514489735,0.0567341302,9.40016781
280.40000000,-3.65655713,3.06083218,0.51829250,-0.44933207,0.66199078,0.78093152,0.0544007128,0.0564918127,9.21860196
280.60000000,-3.80341995,3.03848105,0.65310487,-0.55277732,-0.87424200,0.42440936,0.0612195742,0.0564077411,8.66012494
280.80000000,-3.75855080,2.84608716,0.68036019,0.96787080,-0.55941728,-0.01623424,0.0553285755,0.0560676606,9.53131726
281.00000000,-3.58135449,2.90612805,0.73176372,0.26992311,0.86520624,0.65463333,0.0521311375,0.0566578802,10.17503413
281.20000000,-3.67726483,2.97323125,0.88670286,-0.79719850,-0.50178263,0.60222409,0.0595261685,0.0563156096,9.42502145
281.40000000,-3.71150640,2.78319204,0.91058563,0.66630285,-0.85668860,-0.26853352,0.0569616966,0.0559085913,9.97655694
281.60000000,-3.52448660,2.79540452,0.89973178,0.56174828,0.85840762,0.44447755,0.0524164875,0.0565108071,10.93869774
281.80000000,-3.59033343,2.88903181,1.04763097,-0.84259914,-0.38038922,0.62874144,0.0585703391,0.0562322621,10.14837002
282.00000000,-3.64410548,2.70826173,1.05181569,0.59482581,-0.81549169,-0.48077084,0.0567913688,0.0559245843,10.60651387
282.20000000,-3.47083071,2.74119670,1.01137590,0.43174301,0.94411091,0.41501515,0.0530429221,0.0563253008,11.47862829
282.40000000,-3.56221434,2.81985558,1.14749126,-0.86836635,-0.54534344,0.44556190,0.0586085149,0.0561697166,10.55705322
282.60000000,-3.59326822,2.64454532,1.10124214,0.73712374,-0.51154848,-0.66704702,0.0558104695,0.0559765052,11.15677531
282.80000000,-3.44917689,2.74014256,1.06606337,0.01136311,0.98591151,0.52709991,0.0538636887,0.0561406138,11.59820673
283.00000000,-3.58934536,2.77196658,1.17625382,-0.78888686,-0.78756294,0.08594811,0.0588969375,0.0561882093,10.60310507
283.20000000,-3.57470671,2.62180028,1.07369567,0.86202323,-0.04780438,-0.71036301,0.0545754558,0.0560619950,11.37980582
283.40000000,-3.48360111,2.77328264,1.05997613,-0.45079507,0.86427608,0.54753589,0.0548427019,0.0560057586,11.23609822
283.60000000,-3.65588071,2.75723258,1.12464121,-0.62607502,-0.89081722,-0.25388901,0.0591352666,0.0562456298,10.32123322
283.80000000,-3.60680985,2.64180196,0.98837250,0.84414151,0.27533010,-0.67941394,0.0535970633,0.0561166255,11.12159762
284.00000000,-3.56116103,2.81834294,0.97396667,-0.69383664,0.78240720,0.39549278,0.0553655429,0.0559432263,10.61755591
284.20000000,-3.74813734,2.79159316,0.99885351,-0.59346203,-0.86363888,-0.38976345,0.0596647302,0.0563494746,9.74358904
284.40000000,-3.70011176,2.67882156,0.85196288,0.80431518,0.21978194,-0.74482067,0.0532590635,0.0561823628,10.45685485
284.60000000,-3.64852985,2.85342928,0.79754122,-0.61092559,0.92725701,0.13018910,0.0545835615,0.0559116259,10.03924497
284.80000000,-3.84360179,2.87373778,0.79962428,-0.81359812,-0.69629289,-0.32127737,0.0606422006,0.0564198974,9.02804923
285.00000000,-3.84795891,2.72642471,0.66730557,0.70262898,-0.28118384,-0.82294167,0.0547548711,0.0562993924,9.52364185
285.20000000,-3.73508191,2.83748455,0.55092569,-0.06741691,1.08297553,-0.26945089,0.0518963732,0.0560687894,9.68423110
285.40000000,-3.88925414,2.95977733,0.51647188,-1.08151705,-0.14677462,-0.24241062,0.0601653495,0.0562241537,8.56273333
285.60000000,-4.00193324,2.81985583,0.42208225,0.17809139,-0.87316606,-0.67516612,0.0593513065,0.0565849697,8.52133627
285.80000000,-3.86511455,2.76899061,0.28291781,0.75172455,0.55058932,-0.61785630,0.0505227042,0.0565275134,9.30328196
286.00000000,-3.86133117,2.94453503,0.18413301,-0.75848542,0.70528301,-0.42102321,0.0551682229,0.0560643629,8.73327348
286.20000000,-4.04462807,2.93463334,0.09431439,-0.65685833,-0.75742352,-0.49480455,0.0624576764,0.0566544958,8.01389426
286.40000000,-4.02763435,2.75931960,-0.00997851,0.79084140,-0.58519230,-0.53113524,0.0559420683,0.0563876541,8.59327271
286.60000000,-3.86232141,2.79943882,-0.11946485,0.38945027,0.86721193,-0.58843585,0.0500655489,0.0567615168,9.21301660
286.80000000,-3.93945583,2.93707684,-0.24644140,-0.91178930,0.10656274,-0.63817665,0.0585926758,0.0563368767,8.42813038
287.00000000,-4.06685989,2.81674533,-0.35129964,-0.03536747,-1.05229352,-0.37604825,0.0612825094,0.0564471889,8.25896946
287.20000000,-3.93381158,2.67606932,-0.40940223,1.07496343,-0.00164968,-0.30730388,0.0526012405,0.0565666426,9.28377092
287.40000000,-3.82144158,2.80181455,-0.51491810,-0.23930720,0.79112499,-0.75288651,0.0529586919,0.0565940405,9.39500067
287.60000000,-3.95867958,2.81772796,-0.65955587,-0.66937451,-0.72582936,-0.52449430,0.0609253521,0.0564204527,8.70801449
287.80000000,-3.94767292,2.62236587,-0.69928591,0.84009107,-0.73688357,0.03513344,0.0566132516,0.0559757897,9.38173073
288.00000000,-3.75787543,2.64986557,-0.72989728,0.49318846,0.85195137,-0.53002713,0.0516811042,0.0567398960,10.26773100
288.20000000,-3.82477391,2.74730727,-0.88294030,-0.80884764,-0.30128007,-0.71061983,0.0587380337,0.0563307979,9.54371837
288.40000000,-3.88563453,2.56852738,-0.92963089,0.49470027,-0.97708345,0.22486506,0.0578851412,0.0559390046,9.85422559
288.60000000,-3.70097527,2.54718636,-0.90020648,0.73891603,0.79288124,-0.27445792,0.0523511774,0.0565234042,10.97979844
288.80000000,-3.73582199,2.66601012,-1.03910062,-0.82112508,-0.17800455,-0.73759927,0.0578543487,0.0562150073,10.27471946
289.00000000,-3.81254418,2.49646262,-1.06972071,0.42597431,-0.94209069,0.42543589,0.0575472908,0.0559545671,10.48522008
289.20000000,-3.64163377,2.49760434,-1.00854929,0.60391946,0.91150885,-0.23327569,0.0528686773,0.0563211814,11.53316417
289.40000000,-3.70674663,2.60447561,-1.13906401,-0.88018192,-0.36739036,-0.58334273,0.0581295431,0.0561536292,10.64973755
289.60000000,-3.76349919,2.43042949,-1.11851458,0.59067450,-0.68516344,0.65699262,0.0565501931,0.0559766671,11.01455370
289.80000000,-3.61282922,2.49913665,-1.05620310,0.19701236,1.03561396,-0.37239016,0.0534162734,0.0561746224,11.69716365
290.00000000,-3.73574737,2.56323841,-1.17132418,-0.86381615,-0.66335667,-0.25251564,0.0586966615,0.0561571018,10.63640039
290.20000000,-3.74996901,2.40059053,-1.08839412,0.76634064,-0.25953248,0.77158892,0.0553003156,0.0560344548,11.22807568
290.40000000,-3.64143087,2.53392567,-1.04424876,-0.27366783,0.98605681,-0.45031367,0.0541634914,0.0560236762,11.36489639
290.60000000,-3.80708431,2.55028341,-1.12287630,-0.75368344,-0.82113724,0.08763227,0.0591807840,0.0562259089,10.29986974
290.80000000,-3.78726144,2.41262456,-0.99923239,0.79997619,0.05069596,0.77939240,0.0543074446,0.0560953164,10.97471649
291.00000000,-3.71731829,2.57602299,-0.95574167,-0.52939761,0.92743800,-0.33103082,0.0545058510,0.0559493820,10.75381020
291.20000000,-3.90306602,2.58170073,-0.99575002,-0.74216805,-0.80075530,0.24075301,0.0597902347,0.0563109736,9.70605080
291.40000000,-3.88583663,2.44596608,-0.86087900,0.75816206,-0.01623613,0.82152976,0.0541859913,0.0561812664,10.29621123
291.60000000,-3.80892042,2.60027926,-0.78052979,-0.42287665,1.03389375,-0.04715411,0.0535590623,0.0559379218,10.17171216
291.80000000,-3.99651857,2.65521990,-0.78963757,-0.93880504,-0.57127462,0.20560853,0.0604201639,0.0563304109,9.03439851
292.00000000,-4.03579232,2.49879767,-0.67374463,0.57705455,-0.49088617,0.82220634,0.0561864135,0.0563509733,9.33934159
292.20000000,-3.90959844,2.57197362,-0.54139473,0.15221873,1.04258545,0.37393782,0.0511678636,0.0561746499,9.75237043
292.40000000,-4.03615477,2.72035226,-0.50019640,-1.09807680,0.05614085,0.20263264,0.0590113120,0.0560945265,8.66938620
292.60000000,-4.17766447,2.59984118,-0.41852172,-0.02734435,-0.93023166,0.61960132,0.0606041285,0.0566750495,8.39239570
292.80000000,-4.05915854,2.51125881,-0.28067775,0.84503934,0.32029610,0.65825782,0.0514067874,0.0564953327,9.19523501
293.00000000,-4.01502841,2.67575951,-0.17325638,-0.57715996,0.84685947,0.44687790,0.0534416864,0.0561257387,8.90265212
293.20000000,-4.19559104,2.70367295,-0.08255049,-0.79974549,-0.61262801,0.48484895,0.0621020571,0.0565408741,8.04202213
293.40000000,-4.21593147,2.52680247,0.01901297,0.64437436,-0.75443383,0.51535979,0.0577725224,0.0564047221,8.42144708
293.60000000,-4.04287460,2.52568221,0.12437231,0.61003561,0.74762145,0.56471510,0.0499520236,0.0568280726,9.23155648
293.80000000,-4.08044629,2.67905087,0.25053506,-0.84043408,0.32031913,0.66411643,0.0568509052,0.0563155403,8.59760072
294.00000000,-4.22508339,2.59115177,0.36434045,-0.23016974,-1.00982445,0.42102361,0.0618921773,0.0565251919,8.21252953
294.20000000,-4.12148976,2.42722680,0.42292119,1.06482914,-0.22891243,0.25243300,0.0540193889,0.0563254451,9.13676046
294.40000000,-3.97675467,2.53002610,0.51249916,-0.00763913,0.87386893,0.69733718,0.0518079729,0.0567129124,9.54635194
294.60000000,-4.09658368,2.58323751,0.66270396,-0.75169756,-0.54755319,0.62058092,0.0602595202,0.0564273686,8.79455408
294.80000000,-4.11801230,2.39260027,0.71839399,0.68494425,-0.88340781,-0.02064957,0.0578363261,0.0559658084,9.24347162
295.00000000,-3.92407635,2.38472893,0.73173311,0.69463863,0.78490052,0.38909218,0.0516045549,0.0567229792,10.30993212
295.20000000,-3.95801880,2.50742401,0.87624240,-0.78256617,-0.08487938,0.79395846,0.0577422024,0.0563274192,9.69014469
295.40000000,-4.04124939,2.34669206,0.94698086,0.31710445,-1.06213366,-0.14594934,0.0586792666,0.0559990845,9.75507108
295.60000000,-3.86574268,2.29119912,0.90503366,0.88177856,0.67986409,0.10117171,0.0525582568,0.0564306925,10.97221155
295.80000000,-3.86807295,2.42961016,1.02807858,-0.76652390,0.03742585,0.81303428,0.0570056101,0.0562230108,10.42356813
296.00000000,-3.96339294,2.27771474,1.08571501,0.25488649,-1.03663939,-0.33225888,0.0582025908,0.0560032234,10.38501402
296.20000000,-3.80076527,2.24547813,1.01004016,0.74734869,0.83042062,0.04307922,0.0529127912,0.0562977560,11.54287853
296.40000000,-3.83773380,2.37644107,1.12762569,-0.86176242,-0.16831985,0.69211141,0.0575111956,0.0561385793,10.76814406
296.60000000,-3.91685357,2.21017152,1.13492846,0.43389797,-0.83593531,-0.60243583,0.0572504979,0.0559960746,10.88345767
296.80000000,-3.76542932,2.24784824,1.05008300,0.36877631,1.03792435,0.19157582,0.0531394481,0.0561842918,11.75975359
297.00000000,-3.86765074,2.34277050,1.16263312,-0.91054854,-0.50843532,0.40296286,0.0583300306,0.0561235253,10.70019271
297.20000000,-3.90913135,2.17381561,1.10384243,0.64679289,-0.46291483,-0.78571814,0.0560710791,0.0560360369,11.07197918
297.40000000,-3.78844527,2.28256688,1.03116909,-0.09307058,1.06902781,0.31384960,0.0535931167,0.0560535114,11.47129250
297.60000000,-3.94264668,2.33226522,1.11703727,-0.85601692,-0.71532103,0.07439758,0.0590253898,0.0561936623,10.31175743
297.80000000,-3.95227425,2.17811608,1.01187045,0.72155124,-0.17604550,-0.83567692,0.0551498316,0.0561030772,10.81104042
298.00000000,-3.86260910,2.32072643,0.93961088,-0.35047264,1.03735018,0.22595938,0.0537268814,0.0559750263,10.87501543
298.20000000,-4.04137281,2.36035184,0.98861220,-0.86637489,-0.70028150,-0.09478648,0.0596619453,0.0562556502,9.70421989
298.40000000,-4.05574566,2.20815115,0.87110056,0.67395504,-0.24762058,-0.85700219,0.0552718760,0.0562011021,10.12028216
298.60000000,-3.95890393,2.33457481,0.76633354,-0.22176486,1.09377606,-0.06677100,0.0526880696,0.0560111899,10.27875303
298.80000000,-4.13247318,2.42326020,0.77635763,-1.03299006,-0.41493879,-0.10364082,0.0598896490,0.0562173443,9.07848653
299.00000000,-4.20561692,2.26568744,0.67927723,0.42265956,-0.66984075,-0.78908576,0.0576074792,0.0564208568,9.16245489
299.20000000,-4.07424501,2.29757442,0.53525864,0.35580379,0.94336234,-0.48317206,0.0508458286,0.0562597732,9.76708500
299.40000000,-4.16787857,2.46519325,0.48319230,-1.07042228,0.26477573,-0.18459153,0.0576245359,0.0559969866,8.80451541
299.60000000,-4.33290202,2.37042699,0.41260334,-0.23220840,-0.94107260,-0.55717653,0.0614879611,0.0566807137,8.29929342
299.80000000,-4.23950544,2.24965558,0.27918768,0.88188210,0.07590115,-0.68301321,0.0527339847,0.0564587484,9.04526131
300.00000000,-4.15835245,2.39341716,0.16382461,-0.36128772,0.94340951,-0.47899241,0.0519258590,0.0562335626,9.05379408
