t,x,y,z,vx,vy,vz,mu,mu_avg,Bmag
0.00000000,5.00000000,0.00000000,0.00000000,0.00000000,1.00000000,0.50000000,0.0625000000,0.0625000000,8.00000000
0.20000000,4.87010251,0.12418813,0.09783349,-1.00943128,-0.05523617,0.47748796,0.0555650118,0.0598728995,8.64892267
0.40000000,4.76393882,-0.01268347,0.20171419,0.23523830,-0.91297232,0.60094656,0.0502521947,0.0558574873,9.24895559
0.60000000,4.90603124,-0.06652821,0.33507934,0.73438994,0.52113921,0.66262588,0.0589661866,0.0554313388,8.46567098
0.80000000,4.91887551,0.10977298,0.43622842,-0.68741155,0.82334299,0.31552552,0.0607804434,0.0562772938,8.39459392
1.00000000,4.72375893,0.12545798,0.48227100,-0.79772666,-0.73192567,0.27909998,0.0522318477,0.0566631699,9.47416341
1.20000000,4.72667136,-0.03917197,0.59183728,0.70334914,-0.36103510,0.79052221,0.0537917509,0.0565172358,9.46203989
1.40000000,4.83113645,0.05494594,0.73277413,-0.05599613,1.02695393,0.43840194,0.0608739647,0.0562937660,8.85375941
1.60000000,4.68276429,0.18470010,0.75206105,-1.10616922,-0.12860208,-0.09905100,0.0555968386,0.0560606274,9.69806229
1.80000000,4.57930803,0.02752851,0.79083075,0.32227193,-0.86127277,0.63584413,0.0523118586,0.0566210375,10.38779594
2.00000000,4.69369357,0.03685566,0.94511354,0.27860975,0.91489239,0.57903851,0.0593634956,0.0563275580,9.62788311
2.20000000,4.59580602,0.20245848,0.95639822,-1.05014136,0.16912060,-0.34428004,0.0566491516,0.0559136398,10.22178313
2.40000000,4.47380405,0.06357955,0.94214057,0.21709864,-0.98473368,0.48278058,0.0527087023,0.0564562634,11.10729836
2.60000000,4.58763266,0.05510895,1.08832053,0.32705928,0.92405068,0.53763842,0.0587333860,0.0562395614,10.27241316
2.80000000,4.49884011,0.21837212,1.06880948,-0.96905282,0.06319274,-0.55391471,0.0562054704,0.0559406623,10.85658380
3.00000000,4.41469680,0.06355943,1.03761055,0.44574808,-0.88733203,0.51361826,0.0534280842,0.0562450924,11.52953134
3.20000000,4.53705399,0.09875954,1.16695115,0.18446388,1.06722694,0.27718722,0.0588087368,0.0561930372,10.58553961
3.40000000,4.43218929,0.22891904,1.09290085,-0.82443847,-0.33066596,-0.67880505,0.0551095575,0.0559949061,11.33527700
3.60000000,4.42006565,0.05403809,1.07745225,0.76790373,-0.54794266,0.59989138,0.0544268670,0.0560729471,11.47586107
3.80000000,4.53996822,0.15603779,1.16910677,-0.04788358,1.11172730,-0.10741686,0.0589522937,0.0562056602,10.55362176
4.00000000,4.42426161,0.22777937,1.04766789,-0.56090949,-0.71461033,-0.65150853,0.0539444235,0.0560400394,11.41101698
4.20000000,4.48502474,0.05976913,1.05042407,0.96699925,-0.16225527,0.53694738,0.0554099337,0.0559626850,10.99720272
4.40000000,4.59506789,0.20441055,1.09251774,-0.19431965,1.02980082,-0.38918378,0.0591217789,0.0562739188,10.19417150
4.60000000,4.48169820,0.23591396,0.94791215,-0.36859248,-0.84517329,-0.63207722,0.0531299118,0.0560764958,11.00562733
4.80000000,4.57938354,0.07904353,0.93691873,1.06380855,-0.05062983,0.33975206,0.0556981319,0.0559256849,10.36059366
5.00000000,4.70165114,0.22742745,0.94614367,-0.13055663,1.01689749,-0.44558937,0.0598161204,0.0563933200,9.54671128
5.20000000,4.59033609,0.27759560,0.79653887,-0.47366263,-0.68667011,-0.74417399,0.0530202765,0.0561510751,10.25706212
5.40000000,4.66187839,0.11076963,0.73374942,1.06241971,-0.34387166,0.05170369,0.0544014156,0.0558911135,9.84491539
5.60000000,4.83090156,0.21291331,0.72508618,0.23684499,1.04205707,-0.32813536,0.0608933413,0.0564766658,8.83158620
5.80000000,4.74536449,0.34001549,0.59710031,-0.76305265,-0.12268812,-0.80767900,0.0552333138,0.0563176366,9.28000493
6.00000000,4.70577403,0.19179042,0.47180594,0.61124663,-0.86166100,-0.36545654,0.0512622642,0.0561162854,9.56970675
6.20000000,4.89863796,0.16944586,0.42134119,0.83702004,0.68713084,-0.27728062,0.0596772104,0.0561822707,8.49034936
6.40000000,4.92087755,0.35067751,0.33092857,-0.61405827,0.69975011,-0.61880179,0.0603480788,0.0566662803,8.32810892
6.60000000,4.76799558,0.33720874,0.19859414,-0.45788725,-0.80182062,-0.63012114,0.0510172968,0.0566054826,9.15668660
6.80000000,4.83606397,0.18225565,0.08869295,0.96127889,-0.27994222,-0.49719206,0.0537609040,0.0561256658,8.82265222
7.00000000,4.98788846,0.27550698,-0.01109373,0.20191350,0.97768201,-0.50298181,0.0622283613,0.0565635307,8.02167984
7.20000000,4.88587759,0.42435920,-0.10807593,-1.00391288,0.16752608,-0.46229136,0.0573600329,0.0563247057,8.47766274
7.40000000,4.74762769,0.31374723,-0.20578165,-0.00755777,-0.96619963,-0.56215288,0.0500077308,0.0568063385,9.28381984
7.60000000,4.87007303,0.22223361,-0.33736056,0.81712370,0.31291136,-0.69570464,0.0572989647,0.0563126867,8.62996568
7.80000000,4.91644326,0.38535254,-0.44964237,-0.51559175,0.92073035,-0.36881870,0.0614861301,0.0564642021,8.33622481
8.00000000,4.72739231,0.43799823,-0.49536385,-0.94428487,-0.56082788,-0.20832706,0.0534635220,0.0563384998,9.34152560
8.20000000,4.69200237,0.26664163,-0.58712339,0.59877580,-0.58385860,-0.74173479,0.0525266625,0.0565852749,9.62771495
8.40000000,4.80950636,0.32280644,-0.73680271,0.12067688,0.96640306,-0.54871660,0.0604613993,0.0563361428,8.91478329
8.60000000,4.68606141,0.47404264,-0.77120030,-1.10879681,0.08960782,0.11009876,0.0567680487,0.0559286265,9.55177776
8.80000000,4.55413346,0.33515647,-0.78826905,0.14636087,-0.98890452,-0.50021624,0.0518949693,0.0566339066,10.47640309
9.00000000,4.66576931,0.30287145,-0.94035610,0.41357035,0.77129641,-0.69542759,0.0586339476,0.0562362194,9.74124061
9.20000000,4.59424034,0.47834306,-0.97532497,-1.00623855,0.37801221,0.30682141,0.0575180071,0.0558933229,10.09444910
9.40000000,4.45156027,0.36455052,-0.94022731,0.05015658,-1.07247970,-0.31113175,0.0525155720,0.0564432468,11.16560468
9.60000000,4.56121445,0.31629826,-1.08048293,0.44939183,0.77794614,-0.66510135,0.0581299190,0.0561474519,10.38038975
9.80000000,4.49547593,0.49119302,-1.08695220,-0.94541219,0.28297637,0.52499448,0.0569556715,0.0559151826,10.72265122
10.00000000,4.39012670,0.35717630,-1.03101469,0.31097255,-1.01694849,-0.34436430,0.0530710184,0.0562436325,11.61366205
10.20000000,4.51541135,0.35411426,-1.16085579,0.31738592,0.97946783,-0.43515752,0.0584642529,0.0561713377,10.64908804
10.40000000,4.42813687,0.50690490,-1.10959731,-0.85680768,-0.10076112,0.71074873,0.0558269731,0.0559699457,11.18707894
10.60000000,4.39193834,0.34049809,-1.06424945,0.68625684,-0.74171548,-0.47782641,0.0538242283,0.0560762175,11.59895232
10.80000000,4.52404506,0.40989224,-1.16726934,0.09173753,1.11207811,-0.06523387,0.0588938081,0.0561798061,10.55477069
11.00000000,4.41847970,0.51497262,-1.06053763,-0.65476686,-0.50887580,0.74946506,0.0545944132,0.0560279786,11.26832850
11.20000000,4.45410503,0.34206835,-1.03306633,0.93699948,-0.38280693,-0.47417198,0.0546286467,0.0559636794,11.13602755
11.40000000,4.58316691,0.46191729,-1.09299076,-0.05316916,1.09276004,0.22887346,0.0592901315,0.0562432013,10.14957978
11.60000000,4.47473791,0.53173768,-0.95714518,-0.49960406,-0.66322964,0.74822722,0.0537699756,0.0560845587,10.87076294
11.80000000,4.54518238,0.36505878,-0.91839667,1.04432930,-0.26998186,-0.29290159,0.0547452076,0.0558966232,10.50195727
12.00000000,4.68909295,0.48978121,-0.94360748,0.02659189,1.07511823,0.30448365,0.0599906303,0.0563393858,9.50215223
12.20000000,4.58635818,0.57798764,-0.80490286,-0.59404113,-0.47800432,0.81726133,0.0539833943,0.0561773408,10.09820470
12.40000000,4.62408363,0.41082467,-0.71783965,0.97686976,-0.54239937,0.02841138,0.0532983796,0.0559383560,9.97956077
12.60000000,4.80843860,0.48074951,-0.71456273,0.41543694,1.01275893,0.22584161,0.0605581712,0.0562979199,8.84968544
12.80000000,4.74662605,0.63445642,-0.60242506,-0.77787380,0.11548609,0.79425714,0.0567344155,0.0563765327,9.09911139
13.00000000,4.67424908,0.51103314,-0.46484002,0.39667627,-0.93881720,0.45883899,0.0506895399,0.0561827606,9.61619968
13.20000000,4.85635008,0.45205613,-0.40633659,0.95625599,0.51866620,0.25654963,0.0582993193,0.0560364389,8.61763944
13.40000000,4.91346434,0.63002805,-0.32536823,-0.46488946,0.84191774,0.56948017,0.0613669814,0.0566513429,8.22600597
13.60000000,4.75880431,0.65691361,-0.19646614,-0.64436947,-0.64408271,0.64745461,0.0522450024,0.0564526956,9.01999022
13.80000000,4.78550415,0.49341859,-0.08132761,0.85969959,-0.49090657,0.51882016,0.0521559778,0.0562224103,8.98106533
14.00000000,4.95186708,0.55114729,0.02118130,0.39409397,0.91235590,0.51141026,0.0614810290,0.0564650304,8.08486270
14.20000000,4.88185196,0.71737714,0.11859327,-0.95012955,0.37484663,0.45385600,0.0590186733,0.0563849672,8.32393113
14.40000000,4.71940585,0.63892251,0.21072010,-0.25115507,-0.95796271,0.51813679,0.0503238696,0.0568054102,9.25766266
14.60000000,4.81452590,0.51507238,0.33773873,0.85584614,0.08570098,0.71373270,0.0555337675,0.0563367902,8.80836757
14.80000000,4.89118781,0.65737603,0.46054034,-0.33055344,0.97593174,0.43303573,0.0617818302,0.0564927415,8.31761369
15.00000000,4.71558127,0.74372072,0.51005617,-1.04478172,-0.36356737,0.15960590,0.0548630451,0.0562021158,9.18808287
15.20000000,4.64268771,0.57551648,0.58366399,0.45407526,-0.77534078,0.66473937,0.0515918089,0.0567159579,9.76016690
15.40000000,4.76660244,0.59076911,0.73695679,0.28670588,0.86243392,0.65055108,0.0597183384,0.0563649838,9.01100418
15.60000000,4.67112373,0.75631757,0.78974161,-1.07393981,0.29766493,-0.08516003,0.0578648573,0.0558892909,9.41788109
15.80000000,4.51540070,0.64282562,0.78927152,-0.04458900,-1.06075666,0.34928416,0.0518198226,0.0566022521,10.51425265
16.00000000,4.61848222,0.57049014,0.93229587,0.53101453,0.59149135,0.78571043,0.0577099329,0.0562578970,9.88070882
16.20000000,4.57444392,0.74798505,0.99242204,-0.93585450,0.56555923,-0.23127676,0.0582803905,0.0558892293,9.98675079
16.40000000,4.41532802,0.66466334,0.94244033,-0.12504652,-1.10287092,0.13112064,0.0525794652,0.0564002311,11.17543946
16.60000000,4.51618459,0.57894914,1.06955003,0.55823106,0.59680244,0.76245569,0.0573769467,0.0561498123,10.51286938
16.80000000,4.47478262,0.75792829,1.10366713,-0.89835388,0.48628030,-0.45344419,0.0576393053,0.0559575764,10.60375154
17.00000000,4.35095324,0.65101355,1.02842417,0.16050793,-1.09498968,0.15598616,0.0529172509,0.0562257847,11.65567860
17.20000000,4.47519345,0.60987059,1.15116001,0.44465234,0.85132495,0.57149238,0.0579598040,0.0560743487,10.74157740
17.40000000,4.40773996,0.77876052,1.12639495,-0.86556907,0.12953784,-0.69503016,0.0565497128,0.0559474166,11.04136395
17.60000000,4.34825231,0.62880754,1.05419489,0.57999106,-0.90015811,0.31993108,0.0533596857,0.0560743686,11.69381775
17.80000000,4.48929581,0.66267100,1.16146535,0.23288984,1.06843794,0.23067717,0.0586527520,0.0561421035,10.58876161
18.00000000,4.39715163,0.79640701,1.07519573,-0.72544000,-0.28238425,-0.80186618,0.0553424199,0.0560134160,11.11233653
18.20000000,4.40656239,0.62722044,1.01780845,0.87732765,-0.58616639,0.36834109,0.0539224499,0.0559572750,11.26172373
18.40000000,4.55183756,0.71727082,1.08957770,0.09424716,1.11159702,-0.06651944,0.0592414569,0.0561969976,10.13991730
18.60000000,4.45264603,0.82201148,0.96888886,-0.60598303,-0.45075488,-0.82374033,0.0545858292,0.0560864842,10.71386596
18.80000000,4.49385278,0.65431544,0.90191941,0.98960297,-0.47668922,0.20586546,0.0538580296,0.0558779964,10.63377028
19.00000000,4.65589031,0.75010603,0.93747778,0.18920961,1.08900852,-0.16485781,0.0598894591,0.0562651781,9.49516262
19.20000000,4.56678920,0.87192349,0.81484901,-0.67986763,-0.24895589,-0.85130020,0.0551172403,0.0561646741,9.92494387
19.40000000,4.57035154,0.71371980,0.70517121,0.85116396,-0.71138322,-0.13548049,0.0523758922,0.0559701770,10.08793589
19.60000000,4.76387894,0.74844992,0.70165240,0.58623804,0.94135492,-0.13809606,0.0599046026,0.0561787598,8.90610940
19.80000000,4.72950210,0.92160788,0.60693706,-0.75091395,0.34160553,-0.75387330,0.0581627626,0.0564126926,8.93231278
20.00000000,4.62981831,0.82962589,0.46133237,0.16732058,-0.95786162,-0.55080887,0.0505778714,0.0562474918,9.60732592
20.20000000,4.79295888,0.73756430,0.39187827,1.03853352,0.32493022,-0.25445711,0.0567482907,0.0559470880,8.76774311
20.40000000,4.88329966,0.90447940,0.31843597,-0.29467540,0.94482689,-0.51898542,0.0619619284,0.0566000208,8.16327748
20.60000000,4.73528402,0.96965188,0.19482282,-0.78590049,-0.45331745,-0.65248605,0.0538026727,0.0564387696,8.85522860
20.80000000,4.71993690,0.80750143,0.07565208,0.70876867,-0.67430777,-0.54020869,0.0508940374,0.0563904811,9.10746965
21.00000000,4.89253904,0.82682852,-0.02998218,0.56901167,0.80658251,-0.52394291,0.0603183429,0.0562918920,8.18563703
21.20000000,4.85703836,1.00276559,-0.12904783,-0.85540559,0.55843590,-0.45309391,0.0604189139,0.0563999660,8.19772092
21.40000000,4.67905342,0.96009296,-0.21674793,-0.47922315,-0.89160529,-0.47354491,0.0511426899,0.0567528625,9.17602703
21.60000000,4.74075602,0.81115449,-0.33681042,0.84659123,-0.14947556,-0.71399870,0.0538220992,0.0563818762,8.98728632
21.80000000,4.84321073,0.92585643,-0.46857550,-0.13917335,0.98802109,-0.50328444,0.0616510045,0.0565022407,8.33901810
22.00000000,4.68731395,1.04116437,-0.52558702,-1.09847201,-0.15399184,-0.13598512,0.0563151014,0.0560314436,9.02972011
22.20000000,4.57964964,0.88536240,-0.58229572,0.27648194,-0.92306712,-0.56598884,0.0510606407,0.0567545740,9.84688810
22.40000000,4.70295811,0.85876336,-0.73362101,0.43695011,0.71836579,-0.73610872,0.0586940131,0.0562778347,9.13798080
22.60000000,4.63748850,1.03092470,-0.80668098,-1.00592622,0.48598119,0.02756329,0.0588208384,0.0559656303,9.30552323
22.80000000,4.46339204,0.94812942,-0.79410043,-0.24098896,-1.07346132,-0.19600971,0.0520704040,0.0565296851,10.49949399
23.00000000,4.55232910,0.83940246,-0.92176369,0.62686383,0.38217430,-0.84248753,0.0566555308,0.0562104752,10.03947268
23.20000000,4.53625096,1.01097300,-1.00678684,-0.84210838,0.72409718,0.12380538,0.0588915758,0.0560092832,9.90494877
23.40000000,4.36531846,0.96164428,-0.94882196,-0.30140485,-1.07521219,0.04300675,0.0528815082,0.0563312015,11.13742725
23.60000000,4.45285406,0.84271018,-1.05636992,0.65021076,0.38739041,-0.82213707,0.0565225229,0.0560963065,10.66373544
23.80000000,4.43665250,1.01803192,-1.11801121,-0.82959510,0.66446292,0.34496615,0.0582156669,0.0559736658,10.50671930
24.00000000,4.29753694,0.94294270,-1.03014908,-0.00096446,-1.11682698,0.03762347,0.0529726087,0.0561924913,11.65213355
24.20000000,4.41653275,0.86579250,-1.13847562,0.56377842,0.68719660,-0.67720653,0.0573234694,0.0560542770,10.85932937
24.40000000,4.37087726,1.04358698,-1.14223178,-0.85123828,0.34923721,0.63411701,0.0572306840,0.0559685786,10.90720092
24.60000000,4.28950360,0.91711577,-1.04802385,0.45069965,-1.01333129,-0.13668099,0.0530660188,0.0560667131,11.75168271
24.80000000,4.43573988,0.91422122,-1.15197928,0.37377794,0.98245412,-0.37908272,0.0582427020,0.0560327408,10.65430621
25.00000000,4.36011678,1.07074998,-1.09055549,-0.77171305,-0.04757918,0.80672788,0.0561323255,0.0559949449,10.95403767
25.20000000,4.34299047,0.91367190,-1.00563156,0.78721738,-0.76024040,-0.22564433,0.0533390827,0.0559536513,11.36298722
25.40000000,4.50103536,0.97033996,-1.08236877,0.24569642,1.08647991,-0.08815253,0.0589817338,0.0561375212,10.16518753
25.60000000,4.41515396,1.10515347,-0.98206429,-0.68493650,-0.22059141,0.85484892,0.0555092153,0.0560588287,10.54708401
25.80000000,4.42617640,0.94526945,-0.88847206,0.89893493,-0.65833401,-0.08403449,0.0530976482,0.0559416412,10.74351993
26.00000000,4.60202114,1.00828691,-0.92797332,0.35354955,1.05938039,0.03542939,0.0595263313,0.0561753336,9.52522106
26.20000000,4.53106288,1.15802969,-0.82527014,-0.72974874,-0.01290274,0.84606932,0.0563185056,0.0561934894,9.75071204
26.40000000,4.50168443,1.01742761,-0.69635614,0.68983758,-0.83933451,0.26108478,0.0517124805,0.0560119441,10.15765211
26.60000000,4.69754368,1.01581589,-0.68697277,0.74342361,0.83118538,0.07048889,0.0589824812,0.0560546551,8.99718931
26.80000000,4.69320928,1.20085270,-0.60993738,-0.68656701,0.54644926,0.69176004,0.0594020215,0.0565106176,8.78957186
27.00000000,4.57282386,1.14489206,-0.46097661,-0.06233651,-0.91848775,0.63324746,0.0509445491,0.0563018169,9.54387201
27.20000000,4.70964684,1.02527847,-0.37860122,1.07794132,0.11458316,0.27095267,0.0551361110,0.0559067147,8.92940178
27.40000000,4.83016857,1.17395109,-0.31031253,-0.11074833,1.00713431,0.47107810,0.0621057364,0.0566119998,8.14152753
27.60000000,4.69628219,1.27370456,-0.19321820,-0.87847132,-0.24360198,0.64609814,0.0555340607,0.0563577535,8.67952669
27.80000000,4.64074503,1.12236883,-0.07148328,0.51692099,-0.81751181,0.55942743,0.0500889804,0.0564940399,9.18767230
28.00000000,4.81075692,1.10237380,0.03730668,0.71925281,0.66394819,0.53882842,0.0588286623,0.0562096724,8.31804447
28.20000000,4.81076942,1.28021573,0.13906518,-0.72738946,0.71249144,0.46015871,0.0614681517,0.0565442829,8.10555443
28.40000000,4.62602695,1.27473465,0.22389722,-0.67822359,-0.77535483,0.43280442,0.0523621730,0.0564755194,9.05091160
28.60000000,4.65022956,1.10934124,0.33525286,0.78768224,-0.37984623,0.69552114,0.0523143998,0.0564926110,9.15143887
28.80000000,4.77282270,1.19080691,0.47358466,0.05211124,0.95706831,0.57426187,0.0611039509,0.0563621160,8.39897049
29.00000000,4.64173093,1.32923201,0.54112709,-1.10738786,0.05549931,0.13813120,0.0577143515,0.0559734990,8.88011902
29.20000000,4.50365540,1.19384470,0.58360532,0.07600187,-1.01794329,0.45439658,0.0509604092,0.0567407255,9.88007457
29.40000000,4.61923977,1.12661668,0.72740649,0.56601206,0.53916976,0.79836015,0.0574609676,0.0563103035,9.28932297
29.60000000,4.58486787,1.29747326,0.82114534,-0.90908924,0.64706830,0.05749841,0.0595791681,0.0560027609,9.22122127
29.80000000,4.39827575,1.24867871,0.80265046,-0.43309628,-1.02860060,0.05334313,0.0526040873,0.0564236462,10.43598432
30.00000000,4.46792154,1.10912337,0.90975923,0.69662906,0.15199751,0.86024823,0.0555486748,0.0562407264,10.20870395
30.20000000,4.47959324,1.26705344,1.01770039,-0.72768795,0.84783227,0.00793205,0.0593140413,0.0560477263,9.85332140
30.40000000,4.30171045,1.25328128,0.95906375,-0.47183008,-0.99331208,-0.19775079,0.0533869735,0.0562420324,11.05688900
30.60000000,4.37164025,1.10706441,1.04195042,0.72122582,0.15836301,0.83852876,0.0556247007,0.0561109921,10.82500260
30.80000000,4.38103992,1.27113494,1.12919785,-0.74045825,0.81068475,-0.20705866,0.0586495412,0.0559912218,10.43662827
31.00000000,4.23025563,1.23079650,1.03616488,-0.16792876,-1.08206856,-0.22196546,0.0532277387,0.0561457508,11.60390760
31.20000000,4.33964487,1.12153523,1.12361100,0.67130196,0.49326951,0.74454932,0.0565926638,0.0560272280,10.99698585
31.40000000,4.31748160,1.30071527,1.15612729,-0.81419848,0.54883445,-0.53306660,0.0578262541,0.0559734742,10.79210175
31.60000000,4.21626086,1.20340057,1.04620111,0.30144362,-1.07421560,-0.05888093,0.0529650327,0.0560529008,11.76674640
31.80000000,4.36345923,1.16434043,1.13932021,0.51181965,0.85737773,0.50119315,0.0576870055,0.0559956490,10.74868830
32.00000000,4.30725772,1.33694509,1.10551809,-0.79283838,0.18376828,-0.76542304,0.0569058750,0.0559992331,10.80353233
32.20000000,4.26409701,1.19962694,0.99732701,0.66746429,-0.89420909,0.05563994,0.0529218627,0.0560399617,11.42977055
32.40000000,4.43079028,1.22097154,1.07169078,0.39843236,1.01904905,0.22580508,0.0585293532,0.0560676188,10.22400535
32.60000000,4.36201572,1.37989026,0.99554594,-0.73486104,0.01464404,-0.84139868,0.0564634099,0.0560703832,10.38213309
32.80000000,4.34304057,1.23611269,0.87884686,0.77368961,-0.80341741,-0.06400574,0.0525225288,0.0559632025,10.81972907
33.00000000,4.52758945,1.26416516,0.91553780,0.51541503,0.98831558,0.07576634,0.0589301010,0.0560751143,9.59029161
33.20000000,4.47866566,1.43525907,0.83511640,-0.74396970,0.21818100,-0.80440103,0.0574832455,0.0562561593,9.58732683
33.40000000,4.41904108,1.31969620,0.69171674,0.50038100,-0.91752048,-0.39486848,0.0513727633,0.0560583603,10.18005784
33.60000000,4.60996265,1.28254355,0.67127080,0.88076926,0.68675363,-0.02744859,0.0578552280,0.0559249016,9.11733639
33.80000000,4.63715255,1.47176832,0.61093321,-0.58983655,0.72333457,-0.61401540,0.0603628791,0.0565018435,8.67789760
34.00000000,4.50330743,1.45426997,0.46324324,-0.27848604,-0.82550273,-0.69937198,0.0517561302,0.0563384289,9.43336881
34.20000000,4.60780546,1.31427233,0.36707189,1.06998367,-0.10195634,-0.30473653,0.0535818591,0.0558917069,9.08910973
34.40000000,4.75411549,1.43835821,0.30128738,0.07991429,1.02850494,-0.42885032,0.0618031509,0.0564091825,8.16048468
34.60000000,4.64070426,1.56775342,0.19130605,-0.92207456,-0.02786223,-0.63017540,0.0572812062,0.0563723562,8.50831106
34.80000000,4.54906389,1.43561995,0.06856748,0.29648016,-0.91086837,-0.57491983,0.0498102325,0.0565732780,9.21266033
35.00000000,4.70761359,1.37750059,-0.04306840,0.83757257,0.48942073,-0.55412055,0.0571242784,0.0561201708,8.47383526
35.20000000,4.74267888,1.54952656,-0.14827167,-0.57349393,0.83310740,-0.47449379,0.0621040724,0.0565413886,8.05111498
35.40000000,4.55957668,1.58065662,-0.23202855,-0.83866120,-0.62054785,-0.39958997,0.0538547041,0.0563727349,8.89792602
35.60000000,4.54444359,1.40816035,-0.33375320,0.68058356,-0.59174685,-0.65934836,0.0511427863,0.0565822780,9.28542039
35.80000000,4.68052443,1.45222232,-0.47559723,0.23699677,0.88412154,-0.64051198,0.0601781798,0.0563592716,8.49434556
36.00000000,4.57816692,1.60713386,-0.55585394,-1.07524949,0.25456634,-0.16469613,0.0589687234,0.0560193188,8.74996631
36.20000000,4.41527395,1.49850094,-0.58787244,-0.13554226,-1.05545442,-0.34018806,0.0512731010,0.0566759775,9.85810853
36.40000000,4.51625831,1.39401447,-0.71911539,0.66823139,0.33166732,-0.83158770,0.0561119515,0.0562854539,9.45651791
36.60000000,4.51312448,1.55573144,-0.83243747,-0.78749153,0.77536614,-0.16350170,0.0600937888,0.0560480496,9.16917997
36.80000000,4.32011885,1.54222286,-0.81447488,-0.61195064,-0.93222847,0.06727484,0.0533613787,0.0562940570,10.33242183
37.00000000,4.36600584,1.37895210,-0.89738982,0.73568639,-0.08856028,-0.83604233,0.0544754124,0.0562582696,10.37769373
37.20000000,4.40447721,1.51608923,-1.02465802,-0.59494004,0.93272554,-0.15525104,0.0595193010,0.0560845632,9.83441734
37.40000000,4.22465327,1.53752453,-0.97254459,-0.62977032,-0.86481053,0.32173295,0.0540508372,0.0560091424,10.94287157
37.60000000,4.27309536,1.37129354,-1.02740372,0.76663269,-0.07992133,-0.80863126,0.0547477551,0.0561146204,10.98690992
37.80000000,4.30794126,1.51700643,-1.13663342,-0.63196382,0.91991869,0.04851449,0.0589128385,0.0560076500,10.39693161
38.00000000,4.14948857,1.51246861,-1.04611450,-0.33439196,-0.99455284,0.38341866,0.0536599332,0.0560882657,11.51608621
38.20000000,4.24486160,1.37660960,-1.10753685,0.76271246,0.27749477,-0.76759520,0.0558125496,0.0559870107,11.14737586
38.40000000,4.24752247,1.54967299,-1.16723656,-0.75463299,0.72060496,0.39896963,0.0582985833,0.0559763303,10.70191627
38.60000000,4.12913821,1.48554880,-1.04887250,0.13676138,-1.07959353,0.25233078,0.0530653834,0.0560328538,11.73717621
38.80000000,4.27262564,1.41274316,-1.12420464,0.64337304,0.69807698,-0.58875392,0.0570174673,0.0559546100,10.86758686
39.00000000,4.23849261,1.59419185,-1.11904730,-0.78832502,0.40127697,0.68218586,0.0576078767,0.0559984938,10.66943365
39.20000000,4.17067299,1.48309786,-0.99342089,0.52079468,-0.97973019,0.12937681,0.0527059169,0.0560545099,11.45476788
39.40000000,4.34122765,1.46895963,-1.05809286,0.54888887,0.91236791,-0.33782292,0.0579131151,0.0559563621,10.31349122
39.60000000,4.29301733,1.64524053,-1.00824949,-0.75505518,0.24353860,0.78637725,0.0573721942,0.0561216104,10.22932054
39.80000000,4.24539025,1.52481998,-0.87356749,0.61765886,-0.90263205,0.22704031,0.0521835344,0.0559876371,10.85367048
40.00000000,4.43284583,1.51751333,-0.90081351,0.66992539,0.87912104,-0.16164384,0.0581415201,0.0559482178,9.68671387
40.20000000,4.40916129,1.70284230,-0.84347041,-0.72396110,0.43435697,0.73143086,0.0585183215,0.0562721438,9.44431577
40.40000000,4.32326517,1.61814588,-0.69125344,0.29268589,-0.94117748,0.52563157,0.0513973659,0.0561034018,10.15185633
40.60000000,4.50188965,1.54820345,-0.65537875,0.99172913,0.51389610,0.01202911,0.0565963286,0.0558392965,9.25884263
40.80000000,4.56092994,1.73406068,-0.60964591,-0.46590837,0.86772762,0.52700578,0.0609860963,0.0565549131,8.60171797
41.00000000,4.42105289,1.75543892,-0.46744846,-0.46958590,-0.68773378,0.74448920,0.0529319042,0.0562465109,9.28825068
41.20000000,4.48898315,1.60335246,-0.35775075,1.01248783,-0.31280629,0.35322456,0.0522050466,0.0559747366,9.23204553
41.40000000,4.65543082,1.69759892,-0.29172419,0.27049713,1.00934799,0.39470410,0.0610869607,0.0562839800,8.21822167
41.60000000,4.56760853,1.85081887,-0.18885952,-0.91954299,0.18305074,0.60718546,0.0589008619,0.0564652253,8.35399222
41.80000000,4.44569662,1.74470548,-0.06661173,0.06227440,-0.94917070,0.58560565,0.0500733861,0.0566183728,9.18042921
42.00000000,4.58442920,1.65178735,0.04728590,0.91720701,0.28972171,0.56791280,0.0553355731,0.0560956633,8.64233222
42.20000000,4.65267345,1.81056555,0.15632747,-0.40069701,0.91773030,0.49491684,0.0622941286,0.0565141041,8.03586192
42.40000000,4.47887608,1.87604890,0.24086377,-0.95532039,-0.43968011,0.37652501,0.0554843719,0.0561879181,8.73332262
42.60000000,4.42483973,1.70581092,0.33293331,0.53045728,-0.77200117,0.60856424,0.0504042987,0.0566386777,9.37591615
42.80000000,4.56699931,1.71005839,0.47483349,0.40905420,0.77134181,0.69672267,0.0589379589,0.0562567248,8.62025048
43.00000000,4.49616206,1.87432501,0.56901280,-1.00657406,0.43503509,0.21275683,0.0600009856,0.0560412102,8.64690566
43.20000000,4.31486113,1.79687751,0.59505312,-0.34587226,-1.03611681,0.23353920,0.0519443876,0.0565670781,9.78574118
43.40000000,4.39498096,1.66045749,0.70968924,0.73793239,0.10462029,0.83198977,0.0547538538,0.0563316003,9.62893890
43.60000000,4.42224694,1.80558185,0.84006588,-0.64489811,0.86699884,0.28303625,0.0603312141,0.0560957511,9.15166668
43.80000000,4.22891309,1.82674708,0.82884739,-0.77006733,-0.79373677,-0.15703474,0.0542749267,0.0560160403,10.20066249
44.00000000,4.24747530,1.64794085,0.88579321,0.73980776,-0.32759272,0.77008687,0.0535216976,0.0562965705,10.53437458
44.20000000,4.31096880,1.75802042,1.02738883,-0.44610701,0.97634984,0.30884348,0.0594900141,0.0561154278,9.84926906
44.40000000,4.13427344,1.81256384,0.98839736,-0.76956177,-0.70003397,-0.40665604,0.0548225937,0.0559260460,10.80666624
44.60000000,4.15792925,1.63445074,1.01387534,0.78170067,-0.31580975,0.73268537,0.0539568012,0.0561445965,11.13834314
44.80000000,4.21738181,1.75551410,1.13994292,-0.50505718,0.98887639,0.12101233,0.0589863030,0.0560204504,10.38961958
45.00000000,4.05560291,1.78600560,1.05934344,-0.49427697,-0.86174476,-0.51056001,0.0542356253,0.0559208453,11.39713209
45.20000000,4.13266525,1.63035002,1.09133737,0.83259782,0.04944239,0.74289564,0.0550337165,0.0559781814,11.30153797
45.40000000,4.16099097,1.79014532,1.17489216,-0.67259740,0.85869243,-0.24041658,0.0586175152,0.0560735444,10.64089026
45.60000000,4.02876455,1.76145096,1.05584703,-0.03756117,-1.03043631,-0.42931244,0.0533611850,0.0560067021,11.66547048
45.80000000,4.16353501,1.65902920,1.10752819,0.76359531,0.51103472,0.63502645,0.0562728618,0.0559109172,11.00489888
46.00000000,4.15376586,1.84191123,1.13023134,-0.75781809,0.59636461,-0.56350624,0.0581903126,0.0560699124,10.55862018
46.20000000,4.06355154,1.76198092,0.99411949,0.35194415,-1.01196348,-0.31547498,0.0527139011,0.0560619863,11.43465255
46.40000000,4.23259711,1.71401711,1.04232306,0.69245806,0.77091483,0.41669196,0.0571700561,0.0558979426,10.42909909
46.60000000,4.20798148,1.90047855,1.01920427,-0.74544806,0.45647063,-0.69524953,0.0581673256,0.0561315482,10.09704911
46.80000000,4.13417109,1.80922517,0.87283561,0.43703792,-0.95002463,-0.39226015,0.0521173406,0.0560113979,10.84086973
47.00000000,4.31821308,1.76801274,0.88460739,0.81139164,0.73636402,0.21637027,0.0572101778,0.0558669832,9.80902349
47.20000000,4.32220542,1.96022955,0.84959865,-0.67186260,0.62790603,-0.63382433,0.0593489701,0.0563539834,9.32877680
47.40000000,4.21503237,1.91038730,0.69464915,0.07798995,-0.91012282,-0.64263925,0.0517937781,0.0561410099,10.07569608
47.60000000,4.37431196,1.81221667,0.64016527,1.06974386,0.31995740,-0.02565544,0.0552864093,0.0557939111,9.41180856
47.80000000,4.46433061,1.98751373,0.60600247,-0.31997120,0.97676614,-0.43694995,0.0612420220,0.0564748108,8.56333534
48.00000000,4.32566349,2.04640076,0.47283561,-0.62728613,-0.51636851,-0.76632298,0.0543562473,0.0562659817,9.12329075
48.20000000,4.35480742,1.89103974,0.35095941,0.90647250,-0.50539959,-0.41261170,0.0511169720,0.0560270204,9.34372331
48.40000000,4.53464388,1.95154767,0.28202870,0.45414481,0.95075832,-0.37037364,0.0600140334,0.0561498093,8.31116662
48.60000000,4.47626263,2.12218609,0.18577343,-0.87541117,0.38060974,-0.57978857,0.0602747825,0.0564829030,8.22563900
48.80000000,4.33108293,2.04707120,0.06531601,-0.17033951,-0.93227224,-0.59094213,0.0508392979,0.0564443825,9.09621162
49.00000000,4.44272679,1.92463056,-0.05007359,0.95246799,0.07356665,-0.57857358,0.0536027051,0.0561189599,8.81063728
49.20000000,4.54090468,2.06324507,-0.16295381,-0.21558468,0.96475707,-0.51972959,0.0620344636,0.0564635995,8.05947710
49.40000000,4.38313612,2.15947790,-0.25002795,-1.02670203,-0.24481621,-0.36509863,0.0571201830,0.0561325588,8.57175757
49.60000000,4.29271303,2.00021230,-0.33328169,0.34611507,-0.90956876,-0.54793509,0.0501490503,0.0568255785,9.41403770
49.80000000,4.43311510,1.96420538,-0.47169115,0.56159540,0.62224265,-0.73808049,0.0574723741,0.0562689549,8.76982610
50.00000000,4.39545331,2.13044754,-0.57996235,-0.90608755,0.59070043,-0.27823145,0.0607498291,0.0562257313,8.57589314
50.20000000,4.20257705,2.08666056,-0.60480448,-0.54364147,-0.96500826,-0.14332393,0.0528965532,0.0564246694,9.67291511
50.40000000,4.25653573,1.92522192,-0.70014058,0.76994934,-0.13139973,-0.79826749,0.0534982805,0.0563858461,9.79422234
50.60000000,4.31233112,2.04698335,-0.84376271,-0.48493092,0.91953958,-0.40816759,0.0602727247,0.0561403155,9.16931492
50.80000000,4.12460679,2.10053414,-0.84484610,-0.90175813,-0.62441065,0.21035083,0.0552760460,0.0559068307,10.05378194
51.00000000,4.11336818,1.91487919,-0.87604801,0.70588714,-0.55249331,-0.66615554,0.0527635935,0.0563780802,10.66633048
51.20000000,4.19918867,1.99282837,-1.02586553,-0.28365607,0.97776059,-0.45912918,0.0592220130,0.0561364523,9.89751136
51.40000000,4.03068231,2.07687531,-1.00559247,-0.88656549,-0.51066924,0.44775275,0.0556498643,0.0558492895,10.66024470
51.60000000,4.02702015,1.89534792,-1.00246014,0.76228648,-0.53704721,-0.61460680,0.0533112347,0.0561580414,11.26768071
51.80000000,4.10941190,1.98658655,-1.13898637,-0.36093012,1.01589810,-0.29138425,0.0588610968,0.0560273356,10.41532862
52.00000000,3.94894313,2.04967909,-1.07496154,-0.64175435,-0.69369293,0.59510399,0.0549132718,0.0558744011,11.25760922
52.20000000,4.00371871,1.88188955,-1.07614587,0.87505015,-0.18002730,-0.67011715,0.0543089403,0.0559945186,11.44902241
52.40000000,4.05789061,2.02193445,-1.17863478,-0.56821194,0.95906408,0.06702460,0.0587620998,0.0560704240,10.61178783
52.60000000,3.91575413,2.02909684,-1.06661314,-0.21489659,-0.93168955,0.57698817,0.0538316850,0.0559747639,11.55807051
52.80000000,4.03664458,1.90265451,-1.09032384,0.86649531,0.30429044,-0.63538003,0.0554973225,0.0558766969,11.15265130
53.00000000,4.05303996,2.07970349,-1.13833047,-0.70109166,0.76239346,0.41752388,0.0586151991,0.0560673415,10.47622964
53.20000000,3.94356333,2.03414991,-0.99928581,0.16740303,-0.99015942,0.48851029,0.0529518175,0.0559479799,11.37069305
53.40000000,4.10530647,1.95574955,-1.02529449,0.82340853,0.60059566,-0.45644829,0.0563434395,0.0558408009,10.56443946
53.60000000,4.10676961,2.14508707,-1.02760759,-0.70641372,0.64584144,0.57525669,0.0587936708,0.0561259566,9.99170239
53.80000000,4.01027391,2.08711872,-0.87651021,0.23996671,-0.94374370,0.54662912,0.0523394273,0.0560306964,10.78192365
54.00000000,4.18431329,2.01523169,-0.86784878,0.93335810,0.56595289,-0.23572557,0.0561919670,0.0557920844,9.94978837
54.20000000,4.21755358,2.20703283,-0.85298074,-0.59024425,0.79319886,0.51910285,0.0599225673,0.0563285501,9.24556104
54.40000000,4.09482645,2.19414115,-0.70131076,-0.13240369,-0.82856283,0.73686270,0.0525316260,0.0560588574,9.95951130
54.60000000,4.22844731,2.07382832,-0.62648127,1.10879977,0.11385818,0.06785785,0.0540105965,0.0557691106,9.56438300
54.80000000,4.34733160,2.23195488,-0.60011647,-0.15721943,1.04881975,0.34965718,0.0611280173,0.0563648075,8.56330624
55.00000000,4.21665253,2.32551031,-0.47865448,-0.74660292,-0.32325515,0.76491033,0.0558960625,0.0562559333,8.95318438
55.20000000,4.20688728,2.17557793,-0.34685612,0.75667840,-0.66772345,0.47809562,0.0504101555,0.0562101549,9.41215491
55.40000000,4.39252082,2.20004795,-0.27262043,0.62382394,0.85464034,0.35696125,0.0586613879,0.0559980736,8.43396236
55.60000000,4.36616790,2.38133653,-0.18205324,-0.79502802,0.55841352,0.55053635,0.0613145702,0.0565958468,8.12926427
55.80000000,4.20532777,2.34029846,-0.06440279,-0.38746307,-0.86466811,0.59093458,0.0520220393,0.0564226730,8.97102569
56.00000000,4.28418902,2.19519861,0.05162262,0.93956846,-0.14840134,0.58494904,0.0520645661,0.0562174813,8.96441062
56.20000000,4.40774661,2.30750829,0.16795363,-0.02452808,0.97330821,0.54684867,0.0613486192,0.0563925634,8.12009603
56.40000000,4.27168860,2.42984673,0.25909305,-1.05405869,-0.04660320,0.36573180,0.0586446689,0.0561213442,8.42508791
56.60000000,4.14913512,2.28909663,0.33510424,0.13921718,-0.99702641,0.48324265,0.0503766843,0.0568255083,9.39701839
56.80000000,4.27992975,2.21445490,0.46671897,0.68773992,0.44196738,0.76068325,0.0558911121,0.0562459779,8.93409104
57.00000000,4.27595607,2.37528218,0.58820699,-0.77843494,0.71700335,0.35623265,0.0611710591,0.0562703798,8.53967489
57.20000000,4.07842961,2.36577908,0.61654204,-0.71947705,-0.85058387,0.07623035,0.0540410057,0.0561104056,9.53269842
57.40000000,4.10220101,2.18732929,0.69147100,0.76038496,-0.36446670,0.73206564,0.0524493708,0.0564370845,9.93916543
57.60000000,4.18357089,2.27993839,0.84349162,-0.31133786,0.93182877,0.53075183,0.0599165409,0.0561767511,9.22129773
57.80000000,4.00713480,2.36218832,0.86144515,-1.00309795,-0.43603079,-0.22493925,0.0562985473,0.0557818280,9.90439922
58.00000000,3.96484667,2.17830130,0.86907986,0.63272135,-0.75099541,0.53158347,0.0522578800,0.0564066839,10.76225210
58.20000000,4.06931931,2.22050281,1.02030574,-0.11065074,0.93740213,0.59659979,0.0587259038,0.0560354186,9.97738491
58.40000000,3.91398167,2.32923639,1.02302592,-0.97712222,-0.30853039,-0.44376464,0.0564808679,0.0557732673,10.51496454
58.60000000,3.88140765,2.15256299,0.99411185,0.70563160,-0.73173883,0.46206805,0.0528581431,0.0561536472,11.36405154
58.80000000,3.98411409,2.21017804,1.13386669,-0.20139770,1.00083903,0.45233357,0.0585400259,0.0560263608,10.47336559
59.00000000,3.82982290,2.30203088,1.09192161,-0.77145867,-0.50179503,-0.63236262,0.0556464509,0.0558311515,11.10880915
59.20000000,3.85888427,2.13014657,1.06306647,0.88432994,-0.39932673,0.55254022,0.0536890525,0.0560047128,11.57857852
59.40000000,3.93823631,2.24492025,1.17823368,-0.44194608,1.01938754,0.11097185,0.0587217244,0.0560557646,10.61600173
59.60000000,3.79068166,2.28665897,1.08038636,-0.38824840,-0.79151027,-0.68522861,0.0544424335,0.0559375830,11.42434443
59.80000000,3.89260767,2.14290665,1.07370556,0.94523633,0.08727186,0.58791884,0.0547384820,0.0558584216,11.30112146
60.00000000,3.93629144,2.30730413,1.14281079,-0.61815232,0.89462460,-0.25348627,0.0588563394,0.0560529002,10.42577746
60.20000000,3.81149563,2.29755476,1.00845208,-0.02511084,-0.91764608,-0.63560949,0.0534060663,0.0559418397,11.26854260
60.40000000,3.95995615,2.19363124,1.00803958,0.93500368,0.40873691,0.45319546,0.0554810699,0.0558016533,10.71119578
60.60000000,3.98928375,2.37870789,1.03286112,-0.63869902,0.80604079,-0.43478179,0.0592120395,0.0561924803,9.91776144
60.80000000,3.87449019,2.35635330,0.88412463,0.03573847,-0.88615102,-0.67832243,0.0528387747,0.0560419486,10.68234962
61.00000000,4.03199092,2.25860380,0.85153775,1.02886306,0.37520436,0.21751173,0.0551471801,0.0557567020,10.09958646
61.20000000,4.09506654,2.44297588,0.85332067,-0.48198844,0.92639673,-0.39511848,0.0602094335,0.0562767721,9.19758041
61.40000000,3.96294645,2.46733869,0.71044033,-0.32828707,-0.70416966,-0.80187840,0.0535448608,0.0560882402,9.81487385
61.60000000,4.06572193,2.33208218,0.61510177,1.10420315,-0.09407477,-0.13606342,0.0528555175,0.0558255672,9.70349092
61.80000000,4.21009691,2.46723371,0.59226327,0.01703177,1.08315803,-0.27037317,0.0606648215,0.0562323829,8.60067235
62.00000000,4.09352808,2.59146245,0.48422685,-0.82551954,-0.11956774,-0.74218664,0.0574183273,0.0563199136,8.79085279
62.20000000,4.04671057,2.45497906,0.34542418,0.57148275,-0.78979181,-0.54428972,0.0501470716,0.0562880174,9.42997552
62.40000000,4.23006483,2.44289926,0.26390821,0.77231690,0.72397191,-0.35496672,0.0571221737,0.0559030155,8.57927210
62.60000000,4.23706176,2.62789338,0.17779574,-0.68398484,0.71177600,-0.52167747,0.0619626762,0.0565610638,8.06835697
62.80000000,4.06827842,2.62221380,0.06364090,-0.57810023,-0.75425992,-0.58608609,0.0535032574,0.0562686610,8.81917334
63.00000000,4.11059218,2.46239447,-0.05217443,0.87751431,-0.36413397,-0.58649379,0.0508456596,0.0562880518,9.08933468
63.20000000,4.25378152,2.54331912,-0.17122505,0.16609292,0.94317594,-0.57395860,0.0602860066,0.0562329626,8.21433872
63.40000000,4.14403511,2.68633969,-0.26761830,-1.04039106,0.14613411,-0.37792181,0.0599587514,0.0562274807,8.30206097
63.60000000,3.99490979,2.57013119,-0.33850166,-0.07714580,-1.03143253,-0.42045775,0.0510416627,0.0565625863,9.32862133
63.80000000,4.10869441,2.46046104,-0.46057646,0.78074174,0.23750892,-0.76198070,0.0543172192,0.0562869100,9.10200350
64.00000000,4.13774450,2.60871023,-0.59341781,-0.62813006,0.81070060,-0.44135667,0.0612390048,0.0563028964,8.53921068
64.20000000,3.94233134,2.63246730,-0.62951576,-0.86648140,-0.70317998,-0.03635286,0.0552876820,0.0559790093,9.37904966
64.40000000,3.93337487,2.44553489,-0.68458220,0.70746003,-0.58213076,-0.63811295,0.0516909071,0.0565572333,10.05116659
64.60000000,4.03626024,2.50446475,-0.83944671,-0.12831321,0.90386523,-0.64274325,0.0592795544,0.0562009257,9.30535796
64.80000000,3.87644144,2.61062733,-0.87760160,-1.07165772,-0.23976977,0.20151510,0.0572805909,0.0557448751,9.76354848
65.00000000,3.80315687,2.43652124,-0.86557499,0.52163954,-0.91239940,-0.37676758,0.0520355769,0.0564005254,10.81359217
65.20000000,3.92162402,2.44101176,-1.01116421,0.06888859,0.85705793,-0.71219756,0.0580279747,0.0560549263,10.08563388
65.40000000,3.78426602,2.56871444,-1.03960203,-1.03840653,-0.10459882,0.39658384,0.0572660609,0.0557528954,10.38071847
65.60000000,3.72226560,2.40447175,-0.98955622,0.61111319,-0.88948245,-0.28609278,0.0526272550,0.0561309251,11.41882753
65.80000000,3.84162195,2.42623652,-1.12492930,-0.02928814,0.94497254,-0.59383153,0.0580382328,0.0560160619,10.56163648
66.00000000,3.69851841,2.54188929,-1.10910364,-0.87858944,-0.29761746,0.62125318,0.0563869271,0.0557968326,10.96158012
66.20000000,3.69922473,2.37382780,-1.05308669,0.85572071,-0.59695163,-0.39726004,0.0532183641,0.0560056258,11.67925443
66.40000000,3.80206327,2.45902414,-1.17369851,-0.29496420,1.03887477,-0.28308755,0.0584967597,0.0559459157,10.65360173
66.60000000,3.65406375,2.53255312,-1.09618026,-0.55068373,-0.62014647,0.74736306,0.0551481520,0.0558453299,11.27524636
66.80000000,3.73229922,2.37888786,-1.05879723,0.99271876,-0.12954624,-0.49405097,0.0540451496,0.0558831130,11.43929287
67.00000000,3.80351309,2.52454204,-1.14336605,-0.50943554,0.99005519,0.08129110,0.0589001543,0.0560266941,10.40930195
67.20000000,3.66806050,2.55031057,-1.02086629,-0.21731222,-0.80121247,0.74643204,0.0540430517,0.0559308424,11.13727246
67.40000000,3.79736842,2.42698426,-0.99165125,1.01987227,0.20399879,-0.40564922,0.0546338372,0.0557783897,10.85926438
67.60000000,3.85547095,2.60109584,-1.03459184,-0.54346237,0.93324820,0.28282771,0.0594001582,0.0561540989,9.87801214
67.80000000,3.72748551,2.61494041,-0.89493877,-0.16611544,-0.78326195,0.77794033,0.0535765510,0.0559566777,10.55152236
68.00000000,3.86232569,2.49740713,-0.83668369,1.09095149,0.17281234,-0.16196337,0.0541389905,0.0557281485,10.24727840
68.20000000,3.95471612,2.66785456,-0.85054481,-0.35030481,1.02509839,0.26967415,0.0602016239,0.0562021820,9.18610087
68.40000000,3.81953847,2.72818838,-0.72112250,-0.50132928,-0.54673136,0.83427366,0.0547407951,0.0560746114,9.65494519
68.60000000,3.88772565,2.58580354,-0.60666688,1.05344718,-0.29262570,0.22554349,0.0519051151,0.0558601141,9.81612641
68.80000000,4.05298046,2.69320979,-0.58285265,0.19718071,1.07975819,0.20368419,0.0598925219,0.0560548972,8.67302822
69.00000000,3.95586023,2.84325101,-0.48899215,-0.86429983,0.08499380,0.70143008,0.0588039964,0.0563450725,8.64660577
69.20000000,3.87555605,2.72710557,-0.34647708,0.36208881,-0.86495546,0.60578992,0.0503506547,0.0563469670,9.39581957
69.40000000,4.04851398,2.67983540,-0.25626937,0.89240811,0.56313970,0.36429930,0.0555012638,0.0558479119,8.73767315
69.60000000,4.08890789,2.86158346,-0.17316611,-0.54782622,0.83727699,0.49505925,0.0621911400,0.0564938569,8.04441266
69.80000000,3.91962669,2.89095282,-0.06286153,-0.73478763,-0.61078058,0.57728809,0.0551489175,0.0562427595,8.65562101
70.00000000,3.92371988,2.72484067,0.05199030,0.76879343,-0.56119830,0.58329730,0.0500427152,0.0564799060,9.17311793
70.20000000,4.07979387,2.77065089,0.17276717,0.34969453,0.87493045,0.59868935,0.0589198467,0.0561706752,8.33719373
70.40000000,3.99986724,2.92836567,0.27518492,-0.98962746,0.32637933,0.40041223,0.0609841349,0.0562489442,8.20856021
70.60000000,3.83057076,2.84104744,0.34337524,-0.29009801,-1.01432713,0.36495967,0.0520648049,0.0564616501,9.21810696
70.80000000,3.92084596,2.70169942,0.45398065,0.83459301,0.01775137,0.74117789,0.0528765659,0.0563598031,9.26093092
71.00000000,3.98103635,2.83068455,0.59544408,-0.45967196,0.86959425,0.52792822,0.0609479745,0.0563193540,8.57395847
71.20000000,3.79415612,2.88528580,0.64289063,-0.98021623,-0.53360705,0.02521283,0.0565508083,0.0558261087,9.22501134
71.40000000,3.75152368,2.69834300,0.68019084,0.61222612,-0.77256694,0.52393359,0.0512759081,0.0565845632,10.12000896
71.60000000,3.87080654,2.72057001,0.83204244,0.05919134,0.83677461,0.73653387,0.0583982489,0.0561119088,9.41771606
71.80000000,3.73249456,2.84505173,0.89232994,-1.10615213,-0.04548043,-0.14328033,0.0581655504,0.0558021323,9.64013173
72.00000000,3.62957429,2.68769641,0.86591436,0.37677702,-1.02875313,0.21415726,0.0521001839,0.0563597296,10.81600143
72.20000000,3.75647656,2.65427373,0.99911484,0.24969470,0.73984164,0.79776440,0.0571701876,0.0560645511,10.21733491
72.40000000,3.64162179,2.79463621,1.05430468,-1.06826801,0.09159572,-0.31071422,0.0579593511,0.0558213946,10.26552689
72.60000000,3.55085658,2.64930476,0.98922017,0.48075282,-1.00247824,0.10012286,0.0526286600,0.0562265527,11.42701327
72.80000000,3.68215013,2.63467482,1.11275242,0.15120304,0.85091967,0.70651377,0.0573832706,0.0559322988,10.67649390
73.00000000,3.55526291,2.76836022,1.12539574,-0.95893650,-0.09194516,-0.56396791,0.0570873995,0.0557919203,10.82552153
73.20000000,3.52598288,2.61145194,1.04698971,0.78642883,-0.76248202,0.21493860,0.0529304416,0.0559962081,11.74179511
73.40000000,3.64944653,2.66417718,1.16528255,-0.12949846,1.01812624,0.43894612,0.0580986472,0.0559243917,10.72329663
73.60000000,3.50634656,2.76547058,1.11289006,-0.69566154,-0.42871258,-0.76043963,0.0558969393,0.0558272882,11.12199609
73.80000000,3.55682484,2.60950934,1.04664980,1.00241686,-0.33520480,0.35885944,0.0534644009,0.0558904586,11.55573112
74.00000000,3.65472409,2.73130244,1.13992923,-0.37607041,1.04720186,0.08889809,0.0587457046,0.0559894289,10.42746693
74.20000000,3.51387475,2.79076479,1.03556468,-0.40098424,-0.65005437,-0.81399645,0.0548120766,0.0558685303,10.98795765
74.40000000,3.61860455,2.65496293,0.97721151,1.07065263,-0.00386557,0.31562147,0.0538541583,0.0557607619,10.99725312
74.60000000,3.70533209,2.81207948,1.03266061,-0.42240363,1.02515948,-0.12860805,0.0593522504,0.0560974741,9.87373941
74.80000000,3.56979201,2.86112389,0.90801692,-0.35664233,-0.64368462,-0.83927569,0.0544899372,0.0559669907,10.40106427
75.00000000,3.67662888,2.73074711,0.82423550,1.11342524,-0.03137868,0.07206761,0.0532317663,0.0557733709,10.38071294
75.20000000,3.79659387,2.88150826,0.84479056,-0.19883971,1.08801300,-0.15025590,0.0599104506,0.0561094160,9.21094250
75.40000000,3.66464128,2.97520378,0.73241322,-0.64539530,-0.36675760,-0.83356762,0.0560133082,0.0561083799,9.49262852
75.60000000,3.69614451,2.83359944,0.60162807,0.95696331,-0.47058058,-0.32961886,0.0512346025,0.0559028347,9.89108465
75.80000000,3.87653324,2.90974532,0.57240017,0.37717800,1.03926003,-0.15343685,0.0588665519,0.0559274648,8.77645047
76.00000000,3.80332703,3.08011589,0.49253286,-0.86476638,0.28250321,-0.64671143,0.0599567730,0.0564440067,8.52799411
76.20000000,3.69443867,2.98977765,0.34968170,0.14114710,-0.89064653,-0.65778923,0.0509995975,0.0562247367,9.31442379
76.40000000,3.84933086,2.91049319,0.25003193,0.97730395,0.37824241,-0.38427175,0.0539100833,0.0558568146,8.89781745
76.60000000,3.92188194,3.08221354,0.16837452,-0.39197415,0.93237782,-0.47210182,0.0619992213,0.0563988341,8.05733419
76.80000000,3.75901177,3.14497836,0.06196553,-0.85347478,-0.44435031,-0.56567077,0.0568246644,0.0562130031,8.49399027
77.00000000,3.72526691,2.98089879,-0.05132170,0.61956614,-0.72815412,-0.57599894,0.0497137333,0.0565505893,9.20757178
77.20000000,3.88677023,2.98947015,-0.17267780,0.51939170,0.77015417,-0.61881799,0.0573441038,0.0560819372,8.48184322
77.40000000,3.83906677,3.15550893,-0.28142410,-0.90606846,0.48867952,-0.43135891,0.0616642996,0.0564125503,8.14808431
77.60000000,3.65641895,3.09975252,-0.34945602,-0.48839043,-0.95094074,-0.32096898,0.0533469951,0.0561840852,9.07819117
77.80000000,3.71798168,2.93743102,-0.44764290,0.84484290,-0.20679186,-0.69950379,0.0516848067,0.0564876868,9.39766363
78.00000000,3.80618560,3.04120730,-0.59431663,-0.27775829,0.89235250,-0.61022967,0.0603134561,0.0561926833,8.64199708
78.20000000,3.63378581,3.12310936,-0.65582095,-1.05833971,-0.35208751,-0.04206940,0.0577518695,0.0558144739,9.08160532
78.40000000,3.55811597,2.94405282,-0.67876011,0.47889297,-0.92584847,-0.39909396,0.0512216987,0.0565669422,10.13955582
78.60000000,3.68775375,2.92822770,-0.82189321,0.24523030,0.73284786,-0.80535444,0.0573284260,0.0561410225,9.55290641
78.80000000,3.57529192,3.06490193,-0.90476105,-1.10612206,0.13864557,0.05535118,0.0589027451,0.0558301010,9.54082185
79.00000000,3.44534416,2.92991333,-0.87013966,0.20487769,-1.09570524,-0.05688078,0.0524306985,0.0562875194,10.77009890
79.20000000,3.57439837,2.86013222,-0.98502040,0.42510561,0.59021388,-0.84657900,0.0562089501,0.0560201679,10.36572735
79.40000000,3.48612546,3.00654634,-1.06625440,-1.06512505,0.27227364,0.19268428,0.0585192956,0.0558451288,10.17546622
79.60000000,3.36847422,2.88522489,-0.99318870,0.31933097,-1.06637004,0.08134046,0.0528535400,0.0560361610,11.38813494
79.80000000,3.50603374,2.83534537,-1.09812625,0.33425636,0.72260407,-0.78219323,0.0566144893,0.0559307087,10.81254631
80.00000000,3.40024258,2.98079918,-1.13976533,-1.00888288,0.10585759,0.46545061,0.0577037963,0.0557903987,10.70856133
80.20000000,3.34053858,2.84139560,-1.04527769,0.67633001,-0.88762976,-0.01902805,0.0528450188,0.0559762046,11.76006324
80.40000000,3.48053124,2.86029290,-1.15347733,0.05079108,0.95899745,-0.56867420,0.0575494514,0.0558968009,10.82230903
80.60000000,3.34789898,2.98438270,-1.12937787,-0.81724523,-0.22808957,0.72506231,0.0566349754,0.0558348866,10.97503479
80.80000000,3.36750780,2.83350130,-1.03815326,0.96936409,-0.51905035,-0.19111515,0.0530381707,0.0558940660,11.63985548
81.00000000,3.48998905,2.92749592,-1.13267523,-0.22018471,1.06587860,-0.24699532,0.0584039913,0.0559423316,10.47958250
81.20000000,3.34945141,3.01753549,-1.05145836,-0.56847640,-0.47454458,0.83499323,0.0556510848,0.0558714412,10.83221111
81.40000000,3.42496308,2.87654714,-0.96571071,1.08087123,-0.20447073,-0.18831070,0.0531938894,0.0558176616,11.11342372
81.60000000,3.53893644,3.01153012,-1.02716096,-0.27795872,1.08070582,-0.01877643,0.0590775873,0.0560255212,9.90484601
81.80000000,3.40181696,3.09342190,-0.92231761,-0.52803781,-0.47735124,0.85955901,0.0555002932,0.0559584778,10.24317257
82.00000000,3.47641759,2.95754815,-0.81500793,1.09174108,-0.22687406,0.04633137,0.0524884938,0.0557902601,10.48791419
82.20000000,3.62092384,3.08380087,-0.83638870,-0.03184074,1.11470779,0.04383128,0.0593632909,0.0560038060,9.27055530
82.40000000,3.49823485,3.20719744,-0.74341762,-0.75647633,-0.17434219,0.80178051,0.0572564733,0.0561751490,9.33928706
82.60000000,3.49267740,3.07388378,-0.60020753,0.81851252,-0.61787912,0.44018061,0.0509025562,0.0559486136,9.92075812
82.80000000,3.68151336,3.11669822,-0.56149781,0.55042371,0.96305909,0.12264106,0.0576539787,0.0558015078,8.90534603
83.00000000,3.63574134,3.30149094,-0.49458241,-0.82969812,0.46674751,0.58243861,0.0608071290,0.0564251211,8.44007058
83.20000000,3.50409793,3.24088567,-0.35459699,-0.07881543,-0.86834418,0.69659864,0.0520305498,0.0562412991,9.19543017
83.40000000,3.63417803,3.13437455,-0.24545942,1.02128086,0.17722590,0.41358698,0.0524603257,0.0558783748,9.04703572
83.60000000,3.73635782,3.28965727,-0.16365486,-0.22179192,0.99515336,0.45382018,0.0614105999,0.0562819922,8.10565865
83.80000000,3.58610590,3.38306392,-0.06092237,-0.93292386,-0.26444544,0.55244365,0.0584075474,0.0562793295,8.34543744
84.00000000,3.51675071,3.22872758,0.05038556,0.43917364,-0.85596165,0.56561861,0.0498721218,0.0565851788,9.19009745
84.20000000,3.67590140,3.19971285,0.17114288,0.66806492,0.63175466,0.63248612,0.0556688528,0.0560494887,8.63955286
84.40000000,3.66169507,3.36749078,0.28603835,-0.79408700,0.62881770,0.46848131,0.0619648052,0.0564110563,8.12223636
84.60000000,3.47258584,3.34440641,0.35634874,-0.66326535,-0.84894083,0.29126576,0.0547815698,0.0560815898,8.92273772
84.80000000,3.50181211,3.16667985,0.44220232,0.80946772,-0.42462424,0.64023984,0.0508339999,0.0565690933,9.49995247
85.00000000,3.61368429,3.24031186,0.59024329,-0.08753209,0.87843357,0.68274281,0.0593727210,0.0562030044,8.74000329
85.20000000,3.46114273,3.34509328,0.66751213,-1.10010319,-0.16761840,0.08436702,0.0588210602,0.0558206406,8.95739833
85.40000000,3.35455263,3.18083299,0.68045946,0.31460977,-1.03505074,0.27408669,0.0515116333,0.0565056748,10.10883139
85.60000000,3.48781184,3.12735393,0.80978130,0.42277494,0.59562993,0.84374657,0.0561432539,0.0561078635,9.70362626
85.80000000,3.40486324,3.26981127,0.91418555,-1.07172075,0.30613371,0.05577882,0.0594485709,0.0558651404,9.47023106
86.00000000,3.25162700,3.16128366,0.87795688,0.01465955,-1.11280937,-0.08272640,0.0529877654,0.0561896037,10.68131287
86.20000000,3.37609880,3.05833238,0.96988785,0.58713727,0.41399501,0.85396925,0.0552122447,0.0560441640,10.52215026
86.40000000,3.31784300,3.20416201,1.07475148,-1.02794619,0.43145127,-0.05049642,0.0589105716,0.0558705028,10.11479158
86.60000000,3.17638238,3.11041591,1.00119723,0.13406625,-1.08060499,-0.24428630,0.0532771331,0.0559699081,11.30634033
86.80000000,3.31377382,3.02801818,1.08201871,0.51234449,0.56521943,0.81447068,0.0557815675,0.0559223550,10.96250592
87.00000000,3.23359515,3.17877180,1.15131756,-1.02543118,0.28817641,-0.33280903,0.0581971896,0.0558839402,10.61683673
87.20000000,3.14434819,3.06195928,1.04811849,0.52836998,-0.96712131,-0.17548729,0.0529664341,0.0559460900,11.73210795
87.40000000,3.29557234,3.04724473,1.13899705,0.24052078,0.86449968,0.66336879,0.0568809789,0.0558634573,10.94618917
87.60000000,3.17901052,3.18852230,1.14455124,-0.91022730,-0.02809692,-0.64494096,0.0573108462,0.0558401885,10.84336471
87.80000000,3.16585100,3.04944189,1.03395326,0.89110264,-0.67168185,0.00280287,0.0527996226,0.0558925984,11.68341877
88.00000000,3.30944591,3.11303388,1.12201534,-0.04521828,1.04700302,0.38333664,0.0578966745,0.0558870785,10.56353124
88.20000000,3.17520039,3.22952024,1.06742185,-0.71302320,-0.28508621,-0.80964052,0.0564937923,0.0558696471,10.68098432
88.40000000,3.21795423,3.09054894,0.95796417,1.04593307,-0.38750340,0.03225023,0.0527013351,0.0558304480,11.19703883
88.60000000,3.35644260,3.19933889,1.01841013,-0.11352958,1.09981182,0.15061760,0.0585983242,0.0559418132,9.96986788
88.80000000,3.22386192,3.31063712,0.93678243,-0.67392980,-0.29433418,-0.83924865,0.0565233421,0.0559778320,10.08926969
89.00000000,3.26336524,3.17655992,0.80961120,1.02388337,-0.40331683,-0.18476583,0.0519666763,0.0558127468,10.55862951
89.20000000,3.42807960,3.27460890,0.82584102,0.14566350,1.10545699,0.04333238,0.0586001347,0.0558910191,9.36197466
89.40000000,3.32028412,3.42325125,0.75335002,-0.83238521,0.02157369,-0.74282936,0.0583756247,0.0561977735,9.20410274
89.60000000,3.27894963,3.30493026,0.60237865,0.64503495,-0.72677441,-0.54849622,0.0509423013,0.0559920639,9.90246542
89.80000000,3.46889688,3.31391183,0.55078320,0.70977921,0.85351063,-0.11333805,0.0563301926,0.0557146849,9.05231049
90.00000000,3.45306329,3.50695999,0.49502050,-0.76240843,0.63296576,-0.51302731,0.0613128324,0.0563749869,8.38580714
90.20000000,3.30502689,3.47848674,0.36072172,-0.28673812,-0.80283768,-0.71995747,0.0533471359,0.0561481396,9.05136806
90.40000000,3.40487436,3.35080874,0.24273826,1.02047846,-0.03029159,-0.45034067,0.0512564001,0.0560011079,9.17248167
90.60000000,3.53289767,3.48384835,0.15924662,-0.04272364,1.02415955,-0.44087290,0.0604704402,0.0560982089,8.18661777
90.80000000,3.40067504,3.60425748,0.05976231,-0.97393118,-0.07934219,-0.53875567,0.0597935324,0.0562976735,8.21832091
91.00000000,3.29944856,3.46637307,-0.04934735,0.23901546,-0.93902141,-0.55335475,0.0504873839,0.0565798641,9.12403489
91.20000000,3.44858125,3.40125233,-0.16841767,0.78864540,0.46427837,-0.63841211,0.0540136059,0.0560730312,8.79978247
91.40000000,3.46797895,3.56414191,-0.28881665,-0.65803279,0.74349882,-0.50920066,0.0618732651,0.0563866865,8.13110460
91.60000000,3.27910573,3.57345992,-0.36358119,-0.80870612,-0.71711378,-0.27716788,0.0562636358,0.0559482233,8.76484180
91.80000000,3.27409371,3.38823378,-0.43816441,0.72954465,-0.62427294,-0.56843788,0.0503819999,0.0566117659,9.55831142
92.00000000,3.40417306,3.42804658,-0.58359603,0.10519915,0.82811263,-0.74042565,0.0581844360,0.0561170220,8.86312862
92.20000000,3.27620868,3.55062985,-0.67726784,-1.10587003,0.01228951,-0.14820113,0.0596982701,0.0558395008,8.85854078
92.40000000,3.14210707,3.40681454,-0.68515917,0.12871659,-1.09689687,-0.15907590,0.0521021635,0.0564059240,10.03210919
92.60000000,3.27188748,3.31778420,-0.79661136,0.58384564,0.43002242,-0.84808574,0.0549290738,0.0561539898,9.86071628
92.80000000,3.22127130,3.45956121,-0.92008351,-1.00362694,0.45209658,-0.18269731,0.0597681946,0.0559032968,9.43117991
93.00000000,3.04945821,3.38003560,-0.88877572,-0.18408347,-1.08321269,0.19439578,0.0537206506,0.0559262336,10.55885057
93.20000000,3.16251136,3.24850064,-0.95480808,0.72684947,0.21832720,-0.81794329,0.0542546990,0.0560642138,10.67622100
93.40000000,3.13683310,3.38732893,-1.07930639,-0.95632775,0.56481461,-0.10685089,0.0591057884,0.0558946384,10.08612748
93.60000000,2.97576038,3.32316918,-1.01266052,-0.06605210,-1.04821815,0.37663718,0.0538627404,0.0558960256,11.18967490
93.80000000,3.10608354,3.21236253,-1.06552552,0.67640465,0.38518188,-0.79941639,0.0549418822,0.0559112362,11.11718832
94.00000000,3.05541244,3.36200946,-1.15934067,-1.00628232,0.44921786,0.17475036,0.0585355147,0.0558977522,10.55476050
94.20000000,2.93887446,3.27144623,-1.05532527,0.34850774,-0.99919898,0.35364011,0.0532835415,0.0559069236,11.66055132
94.40000000,3.09498133,3.22484787,-1.12275088,0.43241963,0.73873632,-0.71566209,0.0561335361,0.0558075202,11.08862557
94.60000000,2.99989356,3.37734942,-1.15742992,-0.97021009,0.16301139,0.52630194,0.0578789806,0.0558420000,10.73424895
94.80000000,2.95347636,3.25580583,-1.03438490,0.76837485,-0.78589878,0.19187213,0.0527696256,0.0558849718,11.68185517
95.00000000,3.11334220,3.28781004,-1.10858274,0.14379686,0.99245330,-0.48906847,0.0572544457,0.0557934987,10.67561340
95.20000000,2.99143590,3.42588033,-1.08237395,-0.82890387,-0.09122761,0.74122345,0.0572765194,0.0559130614,10.54378704
95.40000000,2.99924940,3.29563655,-0.95453617,0.96402429,-0.54361570,0.14119968,0.0524171834,0.0558422975,11.23989768
95.60000000,3.15812571,3.37540103,-1.00693303,0.06628490,1.08322189,-0.25888119,0.0579469588,0.0558245464,10.06588806
95.80000000,3.03614690,3.51184087,-0.95041369,-0.78942671,-0.10394508,0.78152131,0.0574787811,0.0560435926,9.94915369
96.00000000,3.03923159,3.38638339,-0.80839406,0.91098751,-0.55147083,0.33278344,0.0517125186,0.0558377435,10.58591680
96.20000000,3.21860527,3.45381388,-0.81379348,0.32771170,1.06120205,-0.10586941,0.0576702770,0.0557710380,9.48068987
96.40000000,3.13077410,3.62267494,-0.76157405,-0.87237032,0.21353923,0.66190591,0.0592945470,0.0562869828,9.09394747
96.60000000,3.05643812,3.52494829,-0.60787271,0.44593687,-0.79268613,0.64616652,0.0513549067,0.0560281262,9.83885639
96.80000000,3.23988541,3.50119889,-0.54090673,0.84774900,0.71419291,0.12643261,0.0549759295,0.0556749295,9.20812127
97.00000000,3.25540361,3.69622421,-0.49386050,-0.66650268,0.77751596,0.44269040,0.0614573033,0.0563825841,8.36649872
97.20000000,3.09752971,3.70087092,-0.36754333,-0.47386270,-0.70108725,0.72708965,0.0548334174,0.0561602979,8.89551304
97.40000000,3.16333129,3.55892467,-0.24196810,0.97366400,-0.23359674,0.49207159,0.0503868735,0.0560704759,9.26273244
97.60000000,3.31224651,3.66477569,-0.15538060,0.13954674,1.01843937,0.43362132,0.0592423547,0.0559895259,8.29606986
97.80000000,3.20261460,3.80783873,-0.05856417,-0.97859242,0.10404773,0.52559321,0.0609013721,0.0564240807,8.11837987
98.00000000,3.07437289,3.69187430,0.04831286,0.03108876,-0.97555769,0.54040225,0.0514919235,0.0563538134,9.01774956
98.20000000,3.20639565,3.59386094,0.16480101,0.87463773,0.27411611,0.63606439,0.0524984906,0.0561503800,8.95067599
98.40000000,3.25829789,3.74538371,0.28964370,-0.50228047,0.83010218,0.55077226,0.0613990991,0.0562231380,8.17349093
98.60000000,3.07598217,3.78565829,0.37065140,-0.92120725,-0.56428096,0.27868724,0.0576961848,0.0559043813,8.61562919
98.80000000,3.03655001,3.60067475,0.43585465,0.60947883,-0.79548973,0.49033497,0.0503474258,0.0566113703,9.56760973
99.00000000,3.17845816,3.60445807,0.57488896,0.29383634,0.74260143,0.77903357,0.0568267980,0.0561437304,9.00484978
99.20000000,3.07903371,3.73930354,0.68452350,-1.07674840,0.18160129,0.22873430,0.0603342176,0.0560193388,8.78905248
99.40000000,2.92188563,3.62018730,0.69245902,-0.06833549,-1.11178625,0.06277254,0.0529322950,0.0560966105,9.91798147
99.60000000,3.04110890,3.49925057,0.78335132,0.71992643,0.24234250,0.81709437,0.0537785683,0.0561958533,10.01341467
99.80000000,3.02461546,3.63404208,0.92214274,-0.90307791,0.57300468,0.31745047,0.0598376655,0.0559406901,9.42495077
100.00000000,2.83972542,3.58458721,0.90177632,-0.38141063,-1.01284351,-0.27078221,0.0545732421,0.0558253283,10.41414348
100.20000000,2.93481804,3.43012898,0.94088086,0.83504194,0.01152457,0.73973186,0.0534105728,0.0561026032,10.81638830
100.40000000,2.94315652,3.55598223,1.07965957,-0.85065868,0.66949381,0.26976898,0.0590874842,0.0559147926,10.09063573
100.60000000,2.76766112,3.52195567,1.02673237,-0.27110064,-0.97510990,-0.46932700,0.0545658149,0.0558184021,11.04877048
100.80000000,2.88392776,3.38793292,1.04980357,0.81633921,0.19002375,0.73624660,0.0541564194,0.0559217611,11.26579956
101.00000000,2.86574861,3.53036568,1.16333901,-0.94997855,0.58489317,-0.00108151,0.0586952006,0.0559050589,10.52516052
101.20000000,2.72551737,3.46824345,1.06637287,0.14521795,-0.98560363,-0.50203396,0.0537708978,0.0558601867,11.55216311
101.40000000,2.87937581,3.39284502,1.10580049,0.61737960,0.58686298,0.72037989,0.0553542560,0.0557936338,11.24134796
101.60000000,2.81069017,3.55050872,1.16719874,-0.99368351,0.33874834,-0.37727810,0.0583021384,0.0558393647,10.65317221
101.80000000,2.73204857,3.45102944,1.03943468,0.60537068,-0.85743903,-0.37788867,0.0529537253,0.0558703809,11.63510821
102.00000000,2.90207776,3.45168700,1.09320784,0.34004482,0.90498705,0.55661422,0.0565153215,0.0557523044,10.81035482
102.20000000,2.79838832,3.60600800,1.09534513,-0.91149702,0.09888783,-0.63547854,0.0579435687,0.0559183848,10.42831949
102.40000000,2.77060974,3.49037715,0.95568286,0.83669970,-0.66535795,-0.31883224,0.0523695573,0.0558509805,11.23768771
102.60000000,2.94440988,3.53960549,0.99343878,0.25549959,1.03241121,0.33652973,0.0571637931,0.0557518735,10.18837857
102.80000000,2.83883538,3.69634027,0.96233548,-0.87102044,0.08580890,-0.69163378,0.0582975936,0.0560552604,9.83063081
103.00000000,2.80578091,3.58551802,0.81141004,0.75751592,-0.66419916,-0.47895238,0.0517540531,0.0558618582,10.56732665
103.20000000,2.99323856,3.62129603,0.80100442,0.50733711,0.98361919,0.13956356,0.0566294748,0.0556846131,9.62048891
103.40000000,2.92973598,3.80496260,0.76762485,-0.87675743,0.39561954,-0.56493574,0.0599589273,0.0562674702,9.01356494
103.60000000,2.82642147,3.73216983,0.61621164,0.23198513,-0.81450836,-0.72603314,0.0521064534,0.0560526487,9.73725206
103.80000000,2.99590593,3.67831874,0.53249597,0.95687407,0.55014896,-0.16151164,0.0536743608,0.0556469930,9.36200958
104.00000000,3.04302244,3.86908055,0.49123269,-0.54578541,0.89755684,-0.37531865,0.0612468101,0.0561966129,8.38206447
104.20000000,2.88179105,3.90659324,0.37458072,-0.63400550,-0.57103898,-0.71854208,0.0563683325,0.0561675872,8.74018530
104.40000000,2.91147373,3.75764374,0.24315662,0.88273531,-0.42183790,-0.53588951,0.0499157920,0.0561334127,9.30952448
104.60000000,3.07533153,3.83247650,0.15226847,0.31896955,0.97765814,-0.43218634,0.0578051405,0.0558682109,8.42836656
104.80000000,2.99196508,3.99327891,0.05744096,-0.94972714,0.28008583,-0.51372178,0.0616738515,0.0564138308,8.04914670
105.00000000,2.84228621,3.90336447,-0.04732772,-0.17340922,-0.96730006,-0.52782246,0.0527918926,0.0562945620,8.88282665
105.20000000,2.95109581,3.77717024,-0.16060498,0.92083503,0.06947454,-0.62575370,0.0512338314,0.0562142451,9.08002941
105.40000000,3.03317598,3.91121568,-0.28850356,-0.33136426,0.88652605,-0.59042115,0.0605729945,0.0561847433,8.24698951
105.60000000,2.86323980,3.98002104,-0.37706830,-0.99928321,-0.39858102,-0.29477313,0.0589937414,0.0559535741,8.48376393
105.80000000,2.79079493,3.80243784,-0.43539455,0.45664502,-0.93036656,-0.41256897,0.0507112892,0.0565674523,9.52793506
106.00000000,2.93753123,3.76957223,-0.56474625,0.47102007,0.62423642,-0.79547569,0.0553936381,0.0561330800,9.15689716
106.20000000,2.86973934,3.91085055,-0.68886790,-1.01436897,0.33558610,-0.32053939,0.0606919181,0.0560628815,8.75117532
106.40000000,2.69481296,3.81928404,-0.70174366,-0.26610458,-1.08324529,0.00834869,0.0539324960,0.0559698968,9.77774716
106.60000000,2.79683691,3.67136107,-0.77096149,0.82267816,0.04026304,-0.75224306,0.0527815345,0.0562550320,10.15001161
106.80000000,2.81504016,3.79322140,-0.92026772,-0.77199893,0.66642330,-0.45186146,0.0596461234,0.0559737373,9.45145976
107.00000000,2.62316336,3.77359302,-0.91599124,-0.56800043,-0.90933637,0.30782255,0.0554882988,0.0556708617,10.25922509
107.20000000,2.69445318,3.60256616,-0.92912903,0.90324623,-0.19725021,-0.62409370,0.0527454603,0.0561220760,10.93093332
107.40000000,2.73689291,3.71011433,-1.07579178,-0.71235312,0.74379644,-0.42843843,0.0588500265,0.0559284987,10.12810616
107.60000000,2.55298503,3.70547436,-1.04238575,-0.47103823,-0.86901479,0.51687707,0.0553376083,0.0556830820,10.89533482
107.80000000,2.64854730,3.55416080,-1.03598910,0.92187244,-0.01182566,-0.62786339,0.0534842676,0.0559225557,11.39663133
108.00000000,2.66463550,3.68377719,-1.16305536,-0.85610971,0.69258452,-0.17772261,0.0586626630,0.0559042457,10.52940637
108.20000000,2.50555505,3.65089279,-1.08044805,-0.07131163,-0.93104204,0.61011432,0.0543911043,0.0557266422,11.41676130
108.40000000,2.64962548,3.55089586,-1.08930126,0.78480541,0.41504279,-0.67524504,0.0545947531,0.0557770456,11.39425113
108.60000000,2.61148390,3.70778540,-1.17324697,-0.97812921,0.49435548,0.20735023,0.0585531224,0.0559265450,10.60394283
108.80000000,2.50319453,3.63358408,-1.04873837,0.40945896,-0.88531183,0.54098522,0.0533401972,0.0558483505,11.54767087
109.00000000,2.67625084,3.60448665,-1.07688127,0.53489422,0.78822121,-0.58023237,0.0557230234,0.0557110063,10.96035664
109.20000000,2.59621936,3.76948517,-1.10552921,-0.95728890,0.27875118,0.49995660,0.0584507833,0.0559130375,10.34041346
109.40000000,2.53380332,3.67329603,-0.96132461,0.66898253,-0.74793623,0.48692787,0.0525689539,0.0558543195,11.19074909
109.60000000,2.71590403,3.69182794,-0.97878872,0.44665131,0.94958494,-0.37791381,0.0562947255,0.0556791954,10.33103153
109.80000000,2.63205815,3.86363752,-0.97183693,-0.91643339,0.26843631,0.57629093,0.0589265313,0.0560485116,9.73949910
110.00000000,2.56470108,3.77242611,-0.81841390,0.57090261,-0.73718861,0.61207238,0.0520948793,0.0558817265,10.50529508
110.20000000,2.75293332,3.77692649,-0.78830662,0.67663248,0.87527272,-0.14164931,0.0555377209,0.0556293114,9.77337532
110.40000000,2.71726565,3.96975388,-0.77121682,-0.84667768,0.56322237,0.45816008,0.0603369438,0.0562200000,8.96587809
110.60000000,2.58996055,3.92493210,-0.62676142,0.01409979,-0.79431800,0.78284615,0.0531311869,0.0559759840,9.60817173
110.80000000,2.73859740,3.84494973,-0.52611785,1.03033985,0.36799987,0.21669489,0.0525078096,0.0557059604,9.50233390
111.00000000,2.81632703,4.02540946,-0.48736606,-0.40427843,0.99079552,0.31441971,0.0607071538,0.0560791459,8.43121493
111.20000000,2.65794318,4.09447601,-0.38141627,-0.76338498,-0.42065819,0.69589075,0.0578381030,0.0562482011,8.59573196
111.40000000,2.65115619,3.94570084,-0.24622014,0.75275512,-0.58518775,0.57869199,0.0498753954,0.0561834012,9.30913260
111.60000000,2.82326407,3.98702425,-0.15009583,0.48909008,0.90234653,0.43649323,0.0562490793,0.0558023939,8.57624375
111.80000000,2.76891385,4.16020783,-0.05652520,-0.89049365,0.44418689,0.50366790,0.0620773986,0.0563769033,8.01239333
112.00000000,2.60374670,4.09915085,0.04638295,-0.36508940,-0.91865536,0.51647029,0.0542793555,0.0561216731,8.73201090
112.20000000,2.68455257,3.95063757,0.15612336,0.92409628,-0.13999011,0.60860771,0.0503095007,0.0563828201,9.17669065
112.40000000,2.79327959,4.06170641,0.28547770,-0.15014801,0.91113601,0.62548950,0.0594458819,0.0561354636,8.34794514
112.60000000,2.64095926,4.15580924,0.38238380,-1.04291375,-0.22711077,0.32357248,0.0600844594,0.0560943078,8.37546800
112.80000000,2.53827287,3.99189127,0.43670306,0.28050100,-1.02407574,0.34136618,0.0514240806,0.0564833827,9.44442146
113.00000000,2.68258624,3.92337210,0.55386006,0.62888002,0.47668875,0.78817073,0.0539880543,0.0561864189,9.30939070
113.20000000,2.64852012,4.06512566,0.69005530,-0.92079971,0.47057234,0.41787553,0.0607483857,0.0560979612,8.74568030
113.40000000,2.46163981,4.00264094,0.71225312,-0.45506465,-1.01700551,-0.05040345,0.0550313462,0.0557524099,9.62363277
113.60000000,2.54065489,3.83358443,0.76031675,0.88488885,-0.16744347,0.65791158,0.0520145531,0.0562895479,10.25895039
113.80000000,2.59275001,3.93712009,0.91458034,-0.61319798,0.73076126,0.57782329,0.0591977524,0.0559993411,9.50931999
114.00000000,2.40036186,3.94596209,0.93039019,-0.73565687,-0.78095512,-0.30465173,0.0564100168,0.0556213410,10.10540919
114.20000000,2.44308050,3.76501957,0.92040988,0.92487845,-0.39851806,0.47922963,0.0523084074,0.0561198015,11.00935813
114.40000000,2.51816625,3.84975082,1.06792597,-0.54412315,0.78694309,0.57316005,0.0584011367,0.0559337078,10.19694748
114.60000000,2.33246947,3.87267336,1.05850095,-0.65636874,-0.73840876,-0.51747565,0.0561281525,0.0556412831,10.74080783
114.80000000,2.40145939,3.71035401,1.02510567,0.98370717,-0.21142193,0.48108802,0.0529763867,0.0559933723,11.49820365
115.00000000,2.45210597,3.82223221,1.15848388,-0.72557151,0.77085347,0.35090678,0.0584355012,0.0558941007,10.56746772
115.20000000,2.28010099,3.81814220,1.09652482,-0.29009355,-0.84228329,-0.67096338,0.0550981510,0.0556952975,11.26577363
115.40000000,2.40688654,3.69857019,1.07442677,0.92332580,0.23035074,0.58152156,0.0539078634,0.0558035000,11.53587695
115.60000000,2.40231742,3.84906466,1.17519569,-0.92216701,0.62659923,-0.02686642,0.0586158783,0.0559116419,10.58883174
115.80000000,2.26842960,3.80204752,1.06161517,0.19047476,-0.87162982,-0.66910609,0.0538999579,0.0558188264,11.42782325
116.00000000,2.43670248,3.74598311,1.06070266,0.71810914,0.64665552,0.55664442,0.0549253936,0.0556914563,11.11630286
116.20000000,2.38503989,3.91604073,1.11232001,-0.96388226,0.44346135,-0.34344750,0.0587674778,0.0559844282,10.28414902
116.40000000,2.29052294,3.84294500,0.97105320,0.46893484,-0.78959214,-0.63270274,0.0530044730,0.0558504253,11.10399956
116.60000000,2.47343755,3.83192493,0.96395422,0.63087248,0.83775418,0.37923411,0.0553895294,0.0556366631,10.48567524
116.80000000,2.41593516,4.01338913,0.97839929,-0.92447539,0.43891849,-0.44310006,0.0593300925,0.0560234437,9.67972490
117.00000000,2.31753602,3.94560510,0.82888982,0.36074419,-0.76922261,-0.72235227,0.0527107623,0.0558943914,10.40661462
117.20000000,2.49887727,3.92055615,0.77656246,0.82701216,0.73980992,0.11114617,0.0544575341,0.0555874578,9.92967997
117.40000000,2.49353693,4.11680351,0.77224132,-0.78390070,0.71282778,-0.34783889,0.0604179621,0.0561476004,8.95229191
117.60000000,2.34790826,4.10174267,0.63879642,-0.19767129,-0.73662625,-0.81358386,0.0543401124,0.0559987488,9.46354696
117.80000000,2.46977972,4.00066113,0.52224028,1.06273748,0.17581904,-0.28858366,0.0515535995,0.0557330316,9.61768949
118.00000000,2.57587059,4.16516907,0.48257010,-0.24631124,1.05532773,-0.26308413,0.0598802207,0.0559511324,8.51148996
118.20000000,2.42612137,4.26359095,0.38771578,-0.86019549,-0.25729603,-0.66140683,0.0591450092,0.0562733845,8.47014970
118.40000000,2.38408846,4.12169401,0.25099150,0.59143758,-0.71592643,-0.61744905,0.0502620115,0.0562153629,9.26293055
118.60000000,2.55734140,4.12850921,0.14901799,0.64314784,0.79420879,-0.44629666,0.0546715778,0.0557781421,8.73085020
118.80000000,2.53378898,4.30838947,0.05595564,-0.80417828,0.59256330,-0.49573268,0.0621008012,0.0563151754,8.00850004
119.00000000,2.35916999,4.27776519,-0.04542426,-0.53685507,-0.83567593,-0.50696612,0.0558434479,0.0560518071,8.57746542
119.20000000,2.40869304,4.11352830,-0.15160354,0.88398348,-0.34390133,-0.58641507,0.0497859913,0.0564518144,9.23214339
119.40000000,2.53942088,4.19698511,-0.28073729,0.03601816,0.90281978,-0.65359937,0.0580871318,0.0560315665,8.47134264
119.60000000,2.40929693,4.31248920,-0.38621659,-1.05305474,-0.05584265,-0.36266713,0.0609113856,0.0561264735,8.29481721
119.80000000,2.28022569,4.16742360,-0.43952110,0.09141091,-1.07506111,-0.28187486,0.0524155896,0.0561796118,9.32611581
120.00000000,2.41502708,4.06577266,-0.54293944,0.75953518,0.30512433,-0.75733988,0.0527135941,0.0562641116,9.45131097
120.20000000,2.41564683,4.20207711,-0.68800975,-0.79857147,0.58369187,-0.51491777,0.0604963195,0.0561213387,8.77207310
120.40000000,2.22296652,4.16902991,-0.72315676,-0.62716740,-0.91997651,0.06206174,0.0561596339,0.0556739870,9.46729432
120.60000000,2.27433300,3.98524432,-0.75213019,0.90150240,-0.37140367,-0.54119250,0.0515318210,0.0564149099,10.33026832
120.80000000,2.35803200,4.06579631,-0.90541274,-0.43058866,0.76506391,-0.68760208,0.0585131744,0.0560150418,9.59579831
121.00000000,2.17178249,4.10085131,-0.94395807,-0.87755873,-0.63570967,0.26321333,0.0572854313,0.0556286171,9.96244259
121.20000000,2.18254119,3.91657056,-0.91533493,0.89632260,-0.58319995,-0.31620427,0.0521265018,0.0562272956,11.04391996
121.40000000,2.28717859,3.97493423,-1.05652003,-0.35025491,0.79883945,-0.69473834,0.0577628294,0.0559289242,10.29408255
121.60000000,2.10669079,4.02274591,-1.07395120,-0.81859762,-0.59156446,0.47267401,0.0568885389,0.0556393160,10.59540422
121.80000000,2.14442799,3.85570666,-1.01797130,0.99481606,-0.39986690,-0.30642472,0.0526699452,0.0559978291,11.56074233
122.00000000,2.22822590,3.94574739,-1.14987393,-0.56085559,0.81913889,-0.50781839,0.0580232415,0.0558739072,10.63787823
122.20000000,2.05007946,3.96897204,-1.11345301,-0.50018788,-0.72710919,0.68156781,0.0558413537,0.0556657491,11.11083608
122.40000000,2.15261543,3.83534581,-1.06227971,1.02186549,0.04057028,-0.44444130,0.0533434951,0.0558078541,11.65434680
122.60000000,2.18321656,3.97429827,-1.17291458,-0.82574787,0.73347169,-0.15337024,0.0584860372,0.0558847627,10.60867268
122.80000000,2.02910022,3.95516221,-1.07713236,-0.04025210,-0.82098828,0.75346105,0.0545888952,0.0557183327,11.28631469
123.00000000,2.18455251,3.87589722,-1.04581414,0.87837795,0.48570112,-0.48566151,0.0541725831,0.0556792258,11.26726410
123.20000000,2.16493081,4.04551197,-1.11533487,-0.93003615,0.58952359,0.17549994,0.0588771067,0.0559541208,10.26202809
123.40000000,2.04231673,3.99796944,-0.98417315,0.24680978,-0.79150068,0.74558928,0.0536429257,0.0557558677,10.98604748
123.60000000,2.21809101,3.95972751,-0.94996321,0.79820162,0.70085598,-0.33904108,0.0545005028,0.0556000981,10.64240068
123.80000000,2.19059586,4.14537030,-0.98170981,-0.89494902,0.59350395,0.30013929,0.0594906300,0.0560610190,9.65367780
124.00000000,2.06564070,4.10365600,-0.84210634,0.13774720,-0.76194580,0.80232166,0.0535508388,0.0558249149,10.28117391
124.20000000,2.23249969,4.05200042,-0.76661212,0.94971305,0.58212677,-0.04917247,0.0534523968,0.0556122433,10.07849477
124.40000000,2.25881186,4.24596011,-0.77075754,-0.69076825,0.84169680,0.24004969,0.0602101017,0.0560544722,8.97291808
124.60000000,2.10094043,4.26131996,-0.65156442,-0.39482423,-0.64742629,0.81742691,0.0556327129,0.0560094802,9.31511705
124.80000000,2.19140343,4.14489164,-0.52119710,1.05083986,-0.01730519,0.37237489,0.0508787161,0.0558764936,9.69833071
125.00000000,2.32235382,4.28839275,-0.47721724,-0.07664655,1.08958357,0.22395239,0.0588206140,0.0557973737,8.61919628
125.20000000,2.18650400,4.41323118,-0.39323724,-0.92410307,-0.08738025,0.61775186,0.0602123433,0.0563806562,8.36915352
125.40000000,2.11178382,4.28415551,-0.25723520,0.40819249,-0.80916064,0.64950237,0.0510364955,0.0562262152,9.17693931
125.60000000,2.27904414,4.25701100,-0.14915793,0.77435452,0.65642702,0.46118214,0.0531719903,0.0558140686,8.88203710
125.80000000,2.28704997,4.43770566,-0.05586617,-0.69412331,0.72199233,0.49002792,0.0617534816,0.0562318484,8.03670140
126.00000000,2.10889254,4.43798499,0.04436344,-0.68391538,-0.72509917,0.49969589,0.0573791902,0.0560435811,8.42964726
126.20000000,2.12542687,4.26492126,0.14722565,0.80304523,-0.53215757,0.56136201,0.0496891195,0.0564891011,9.24185997
126.40000000,2.27256565,4.31723115,0.27452964,0.22120461,0.86114262,0.67282807,0.0565816155,0.0559725634,8.61069983
126.60000000,2.16849353,4.44969886,0.38826817,-1.03127408,0.11028167,0.40927312,0.0614333193,0.0561479827,8.24412321
126.80000000,2.01768896,4.32752334,0.44345236,-0.10051064,-1.08469265,0.23775661,0.0536046452,0.0560628335,9.18429017
127.00000000,2.13645933,4.19659487,0.53265386,0.85582175,0.11622219,0.70515449,0.0516638571,0.0563337693,9.57138015
127.20000000,2.17147327,4.32172930,0.68282271,-0.65078114,0.67265431,0.60596663,0.0599454947,0.0561308090,8.82868277
127.40000000,1.97927429,4.31746481,0.73362127,-0.77606114,-0.79933855,-0.04423986,0.0572525163,0.0556346660,9.31883243
127.60000000,1.99976735,4.12552760,0.74688853,0.87049037,-0.56236251,0.41128456,0.0513595814,0.0564248505,10.35708843
127.80000000,2.11128447,4.17933579,0.89329160,-0.22939740,0.76887522,0.77418108,0.0576300070,0.0559344832,9.70669311
128.00000000,1.93777925,4.23764077,0.95576056,-0.98831642,-0.48076249,-0.18771837,0.0580653019,0.0556378533,9.83812152
128.20000000,1.91477736,4.05620501,0.91421055,0.81767504,-0.74341241,0.14788802,0.0522033313,0.0562007778,11.03092395
128.40000000,2.04425145,4.08571511,1.04224933,-0.13683844,0.77991241,0.78493240,0.0569715878,0.0558561032,10.41477996
128.60000000,1.87607595,4.15510699,1.08767835,-0.95049827,-0.43587870,-0.38685512,0.0575726317,0.0556420742,10.46759013
128.80000000,1.87940282,3.98932137,1.01511726,0.95160685,-0.56900412,0.11726668,0.0525845794,0.0559832017,11.57769833
129.00000000,1.99313473,4.05435363,1.13772450,-0.36633884,0.83748385,0.63833084,0.0574475545,0.0557829564,10.73760578
129.20000000,1.81621814,4.10259634,1.13004843,-0.69137412,-0.59334036,-0.64263711,0.0565692543,0.0556633620,10.96270045
129.40000000,1.88855383,3.96061261,1.05379644,1.07097487,-0.14616563,0.27323185,0.0529440530,0.0558049807,11.73871727
129.60000000,1.95422138,4.08348008,1.16652971,-0.69038741,0.81385383,0.32247844,0.0581708913,0.0557747754,10.66287923
129.80000000,1.78634741,4.09187272,1.09418940,-0.27090897,-0.73956263,-0.78906547,0.0553524414,0.0557011809,11.13487529
130.00000000,1.92121884,3.99389222,1.03332015,1.00419548,0.31165495,0.37068429,0.0535146853,0.0556680761,11.40141821
130.20000000,1.93596715,4.15781368,1.11442747,-0.85575200,0.71454890,-0.00603056,0.0587769729,0.0559083023,10.27511895
130.40000000,1.79053951,4.13716384,0.99976970,0.01400155,-0.75722870,-0.81812210,0.0544317364,0.0557560841,10.84778584
130.60000000,1.95121543,4.07503320,0.93783533,0.93818436,0.54386050,0.25869487,0.0536811201,0.0556233812,10.79002870
130.80000000,1.95619906,4.25944733,0.98166563,-0.82861994,0.72942088,-0.15563083,0.0594071753,0.0559928615,9.66233225
131.00000000,1.81016176,4.24533728,0.85718818,-0.08731642,-0.71922238,-0.84733338,0.0545436268,0.0558432161,10.14037433
131.20000000,1.95546329,4.17102119,0.75921662,1.03653112,0.40841450,-0.04084707,0.0525847689,0.0556171832,10.20851043
131.40000000,2.01345020,4.35715369,0.76697932,-0.57021272,0.94761005,-0.14054668,0.0597372054,0.0559456165,9.02669090
131.60000000,1.84959767,4.40260857,0.66434386,-0.57068770,-0.53328437,-0.79547463,0.0569088008,0.0560376913,9.17330511
131.80000000,1.90548288,4.27694182,0.52316076,0.99419901,-0.20200429,-0.46218255,0.0505334630,0.0559319296,9.73760658
132.00000000,2.05662922,4.39518694,0.47172556,0.09939809,1.09238202,-0.19916326,0.0575924737,0.0556946532,8.74929349
132.20000000,1.93933784,4.54288099,0.39783097,-0.95578136,0.08364575,-0.56773867,0.0609862354,0.0563611450,8.29647608
132.40000000,1.83553709,4.43163112,0.26466838,0.21297870,-0.86301863,-0.67281298,0.0521294641,0.0560847368,9.06054133
132.60000000,1.99002448,4.37256485,0.15060521,0.87635946,0.49386564,-0.48054567,0.0518456201,0.0558517008,9.01900372
132.80000000,2.02927861,4.54814586,0.05637756,-0.56375544,0.82963983,-0.48652611,0.0610635507,0.0561311945,8.09520474
133.00000000,1.85322642,4.57883179,-0.04309030,-0.80348582,-0.59362029,-0.49482650,0.0587935852,0.0561109836,8.29681264
133.20000000,1.83657362,4.40374051,-0.14309188,0.68661430,-0.69598089,-0.53571928,0.0500094509,0.0564911744,9.20599566
133.40000000,1.99384278,4.42265943,-0.26715888,0.39892344,0.78658384,-0.68188303,0.0550252887,0.0559896957,8.75805818
133.60000000,1.91887584,4.56721969,-0.38833261,-0.97952313,0.26716758,-0.46040343,0.0616254555,0.0561563612,8.22428231
133.80000000,1.75151249,4.47083966,-0.44801196,-0.28628381,-1.05655476,-0.21105759,0.0549069941,0.0558482625,9.03071971
134.00000000,1.84866143,4.31554290,-0.52357680,0.91214682,-0.08203583,-0.63565936,0.0509123294,0.0563777427,9.65930728
134.20000000,1.91644786,4.42417222,-0.67474435,-0.48123682,0.73557920,-0.68566208,0.0591235890,0.0560196192,8.91264478
134.40000000,1.73095748,4.44718778,-0.74286738,-0.89705336,-0.66188227,-0.00034412,0.0582506424,0.0556264328,9.18633310
134.60000000,1.71890093,4.25350900,-0.74480969,0.79332524,-0.73201087,-0.27852963,0.0514955610,0.0563944615,10.33675623
134.80000000,1.85305117,4.27784688,-0.87891264,-0.01630055,0.74218799,-0.83166260,0.0566022567,0.0559618562,9.83618726
135.00000000,1.69862094,4.35589953,-0.96499500,-1.06391960,-0.32213208,0.08407655,0.0587050476,0.0556550528,9.73825271
135.20000000,1.64174114,4.18285758,-0.91700970,0.69293914,-0.87317245,0.01242603,0.0525212991,0.0559810756,10.97137867
135.40000000,1.78987212,4.18214897,-1.02597694,0.08811444,0.73103347,-0.83699214,0.0560775202,0.0558630066,10.55248597
135.60000000,1.64092075,4.26935833,-1.09875483,-1.04624135,-0.27750653,0.26661971,0.0581385125,0.0556493289,10.36391765
135.80000000,1.60843249,4.11024402,-1.01673165,0.85467547,-0.71212919,0.07140605,0.0527212963,0.0559494502,11.54690025
136.00000000,1.74709347,4.14809043,-1.12276754,-0.14852328,0.82632579,-0.73334780,0.0567419246,0.0557695282,10.86185921
136.20000000,1.57905495,4.21844371,-1.14517575,-0.85461580,-0.44809362,0.55812217,0.0572329491,0.0556650445,10.83055866
136.40000000,1.61668044,4.07368503,-1.04965610,1.06419793,-0.32189720,-0.08060086,0.0527402013,0.0557938891,11.78055286
136.60000000,1.71542439,4.17663155,-1.15642226,-0.51942223,0.86718847,-0.46988569,0.0576888397,0.0557446366,10.74936221
136.80000000,1.54109166,4.21133948,-1.11160921,-0.49007753,-0.63414635,0.77477387,0.0561313874,0.0556944505,10.98490929
137.00000000,1.64841191,4.09957152,-1.02419824,1.08505312,0.13155138,-0.21891134,0.0529986312,0.0557342239,11.50722245
137.20000000,1.69824621,4.25291659,-1.10969190,-0.74240834,0.81691669,-0.15500822,0.0584771791,0.0557874028,10.32312049
137.40000000,1.53632802,4.25950795,-1.01679192,-0.21797618,-0.69191883,0.84632921,0.0553051992,0.0557517617,10.70087700
137.60000000,1.67443320,4.17759668,-0.92850846,1.04076712,0.37278806,-0.14266617,0.0529841771,0.0556229828,10.91700165
137.80000000,1.71295326,4.35555931,-0.97837031,-0.72725365,0.84457008,0.01768835,0.0590934093,0.0558542333,9.70538478
138.00000000,1.55204110,4.36959795,-0.87319359,-0.30444862,-0.64629224,0.85563971,0.0556062835,0.0558537594,9.99565123
138.20000000,1.66963575,4.27730941,-0.75499997,1.08071781,0.22599913,0.15318107,0.0519130752,0.0557177501,10.30923052
138.40000000,1.75791963,4.45039037,-0.76125924,-0.42583855,1.02866856,0.05464331,0.0590355885,0.0557937388,9.11137391
138.60000000,1.59432931,4.52477455,-0.67648840,-0.72040358,-0.40063543,0.75032613,0.0580781615,0.0561202700,9.04663824
138.80000000,1.61402036,4.39598590,-0.52812814,0.89537905,-0.36953659,0.55155452,0.0505450490,0.0559781706,9.73301059
139.00000000,1.77970772,4.48572652,-0.46654142,0.27587633,1.06308800,0.19027205,0.0562665116,0.0556110496,8.89529847
139.20000000,1.68495113,4.65218862,-0.40143405,-0.95654699,0.25122704,0.51416663,0.0614353174,0.0563111707,8.25423009
139.40000000,1.55643218,4.56275383,-0.27298470,0.01525195,-0.87834396,0.68610541,0.0534502312,0.0560808741,8.92480676
139.60000000,1.69208138,4.47512559,-0.15341535,0.94385836,0.31307097,0.50356165,0.0507771456,0.0559881439,9.13131054
139.80000000,1.76117217,4.63980123,-0.05759216,-0.41667879,0.91295836,0.48511712,0.0600756854,0.0559629523,8.18120050
140.00000000,1.59250048,4.69955495,0.04148425,-0.89434746,-0.44744236,0.49232967,0.0600092889,0.0561236172,8.18499323
140.20000000,1.54380392,4.52880981,0.13922625,0.54213958,-0.82876244,0.51155091,0.0507062603,0.0564576102,9.12918978
140.40000000,1.70455143,4.51350002,0.25896164,0.56230935,0.68081290,0.68025247,0.0535191284,0.0560272305,8.90417724
140.60000000,1.66085520,4.66495568,0.38630092,-0.90002818,0.41135683,0.51300383,0.0614798393,0.0561501814,8.23503263
140.80000000,1.48239602,4.59621940,0.45267497,-0.45856653,-0.99560191,0.20230712,0.0562407981,0.0557717205,8.87632497
141.00000000,1.55353447,4.42219026,0.51613665,0.92528995,-0.28084730,0.55442867,0.0505047511,0.0565387470,9.70718829
141.20000000,1.65112992,4.50955577,0.66416834,-0.29460667,0.77090640,0.74922033,0.0580761640,0.0560331775,9.01981065
141.40000000,1.47835315,4.55764367,0.75021311,-0.98692931,-0.51362541,0.06764081,0.0591010110,0.0557472008,9.07580985
141.60000000,1.43363823,4.36819141,0.74582963,0.67490390,-0.87374103,0.15325958,0.0519130368,0.0561376728,10.27126005
141.80000000,1.58405734,4.36145837,0.86310401,0.20057276,0.68549398,0.85572364,0.0554981059,0.0559404598,9.97675947
142.00000000,1.45451374,4.45534868,0.97102722,-1.10164749,-0.16464552,0.04062408,0.0591660759,0.0556779741,9.66680992
142.20000000,1.36530347,4.29546432,0.92337978,0.52960806,-0.96883528,-0.15246790,0.0530464822,0.0558989647,10.87079365
142.40000000,1.52474102,4.26429687,1.00870950,0.31474451,0.65354387,0.84626795,0.0551420923,0.0558455273,10.69875637
142.60000000,1.40141273,4.36524912,1.10643116,-1.10144776,-0.12127192,-0.12019028,0.0585499709,0.0557728159,10.28908767
142.80000000,1.33356350,4.21750837,1.02263809,0.70894043,-0.82454820,-0.24463224,0.0530638153,0.0558979885,11.47097561
143.00000000,1.49053768,4.22700719,1.10593779,0.08384311,0.78638066,0.78541164,0.0559506848,0.0557506551,11.00389742
143.20000000,1.33895542,4.31612476,1.15781889,-0.98234350,-0.29733832,-0.43459246,0.0577886626,0.0556668043,10.72174956
143.40000000,1.33913128,4.17382416,1.05020822,0.99918036,-0.47946447,-0.11835736,0.0527476684,0.0557741735,11.77534407
143.60000000,1.46701562,4.25379688,1.14321744,-0.31825615,0.89320414,0.58577316,0.0570684347,0.0557094540,10.86435949
143.80000000,1.29403613,4.31293077,1.12822576,-0.68738485,-0.51132312,-0.71292782,0.0568676094,0.0556990966,10.84657571
144.00000000,1.36809832,4.19248049,1.01921002,1.11278009,-0.04716033,0.04109550,0.0526644068,0.0557422591,11.57491491
144.20000000,1.45192006,4.33083582,1.10145895,-0.59293529,0.89544938,0.29794546,0.0579990184,0.0557348109,10.40432480
144.40000000,1.28059798,4.36418109,1.03413903,-0.43831568,-0.60141250,-0.82966500,0.0561924483,0.0557586477,10.55647673
144.60000000,1.38961435,4.26712122,0.92276219,1.09740128,0.19455814,-0.00146029,0.0524589654,0.0556260322,11.01266731
144.80000000,1.46113858,4.43370877,0.97212463,-0.59370971,0.93724361,0.10590225,0.0585751209,0.0557752364,9.78126742
145.00000000,1.29203639,4.47558906,0.88918678,-0.50496667,-0.54893940,-0.82812992,0.0566546362,0.0558873218,9.85738251
145.20000000,1.37703916,4.37047306,0.75439687,1.07788004,0.04292724,-0.28008283,0.0514872932,0.0557536166,10.37237573
145.40000000,1.49280781,4.52575198,0.75407045,-0.26204031,1.08317785,0.01291409,0.0581508733,0.0556927880,9.22347884
145.60000000,1.33553282,4.62718752,0.68745737,-0.84071719,-0.25534153,-0.68563655,0.0590669273,0.0561312771,8.94161069
145.80000000,1.31893235,4.50110410,0.53592252,0.75972692,-0.51265802,-0.63410829,0.0509127216,0.0560107337,9.68651123
146.00000000,1.49276576,4.56024509,0.46212082,0.44623471,1.00185156,-0.19813704,0.0549172082,0.0555568333,9.04929783
146.20000000,1.42375811,4.74094449,0.40406154,-0.92811151,0.41152329,-0.45972252,0.0615490877,0.0562335941,8.24323089
146.40000000,1.27537180,4.67630109,0.28187773,-0.17678812,-0.85805524,-0.68889149,0.0548974414,0.0560275602,8.78091339
146.60000000,1.38712071,4.56453617,0.15760901,0.97323723,0.12198581,-0.52915808,0.0500340232,0.0560590243,9.21013487
146.80000000,1.48354017,4.71286042,0.05959151,-0.25679939,0.96966972,-0.48566478,0.0588487692,0.0558740836,8.29079936
147.00000000,1.32708717,4.79960854,-0.03942465,-0.95639617,-0.29206913,-0.49201150,0.0609664172,0.0562566614,8.09824121
147.20000000,1.24860373,4.63892051,-0.13558343,0.37822557,-0.92651078,-0.49050293,0.0517147037,0.0562099368,9.01955546
147.40000000,1.40616139,4.58997218,-0.25027922,0.70448510,0.54693840,-0.66829904,0.0521616189,0.0560835491,9.03902507
147.60000000,1.39492580,4.74291879,-0.38216071,-0.79527599,0.53983122,-0.56407373,0.0610055679,0.0561291097,8.27510203
147.80000000,1.21093027,4.70272137,-0.45691938,-0.61179809,-0.90738207,-0.21075670,0.0575301113,0.0557309459,8.73034702
148.00000000,1.25303500,4.51597990,-0.51058230,0.89494175,-0.47130438,-0.46797723,0.0504558743,0.0565519846,9.71071542
148.20000000,1.37620958,4.57808708,-0.65160948,-0.09652847,0.77740012,-0.79270110,0.0568654677,0.0559739304,9.14463681
148.40000000,1.22176599,4.64844961,-0.75510411,-1.04372304,-0.35967240,-0.15269780,0.0597580320,0.0557846806,8.99138191
148.60000000,1.14576746,4.46855677,-0.74962006,0.52293177,-0.98314623,-0.04468265,0.0525676490,0.0560363857,10.16679339
148.80000000,1.30524316,4.43031722,-0.84677758,0.41184060,0.59993116,-0.84408974,0.0543956319,0.0559902528,10.11926404
149.00000000,1.20562408,4.53582743,-0.97341582,-1.09999070,-0.01207136,-0.17855871,0.0594175754,0.0558459590,9.62615723
149.20000000,1.08717656,4.39301586,-0.93268437,0.33775198,-1.02915631,0.26221668,0.0537342629,0.0558059412,10.73818733
149.40000000,1.24981402,4.33222715,-0.99153754,0.53169496,0.54937919,-0.81083884,0.0542339884,0.0558732049,10.84341746
149.60000000,1.15765783,4.44263877,-1.11017002,-1.11321634,0.02920698,-0.04311597,0.0587782120,0.0557926127,10.24611276
149.80000000,1.05674019,4.31018447,-1.03231358,0.52311934,-0.90383364,0.38907104,0.0535815552,0.0557075325,11.35689565
150.00000000,1.22413137,4.29116916,-1.08832663,0.31985342,0.71864501,-0.78940633,0.0551271507,0.0557272452,11.15494697
150.20000000,1.09613790,4.39539368,-1.16713667,-1.06860957,-0.14574545,0.28059634,0.0581997197,0.0557647762,10.64173577
150.40000000,1.05809715,4.26026921,-1.05543131,0.87823353,-0.61310930,0.30770672,0.0529654803,0.0557459706,11.72335152
150.60000000,1.20933325,4.31504647,-1.12776180,-0.09454331,0.89172755,-0.66161741,0.0563471816,0.0556699663,11.00222332
150.80000000,1.04568379,4.39619854,-1.14296078,-0.85391804,-0.37689148,0.60878185,0.0575087197,0.0556997922,10.72829306
151.00000000,1.08243268,4.27211463,-1.01882407,1.08277717,-0.21711185,0.14924108,0.0525408810,0.0557436255,11.59804065
151.20000000,1.19723254,4.39162865,-1.09028451,-0.41200681,0.94913895,-0.41374142,0.0573730597,0.0556768952,10.51548441
151.40000000,1.02405821,4.45055673,-1.05073994,-0.63747262,-0.49149511,0.77061408,0.0570251688,0.0557680267,10.42437910
151.60000000,1.09882552,4.34325402,-0.92114703,1.10217762,0.01662535,0.16339101,0.0521472376,0.0557314309,11.06875610
151.80000000,1.20113102,4.49396014,-0.96341218,-0.43207484,1.00590240,-0.20791023,0.0578874812,0.0556903371,9.88706409
152.00000000,1.03075122,4.56265723,-0.90429899,-0.68175395,-0.43282718,0.76786728,0.0576117833,0.0559018505,9.73427074
152.20000000,1.07978020,4.45003576,-0.75761358,1.02667592,-0.13267175,0.41239887,0.0513433242,0.0557855000,10.39314955
152.40000000,1.21883653,4.58339831,-0.74598578,-0.08412366,1.10962871,-0.05810698,0.0571351547,0.0555935286,9.35813875
152.60000000,1.07358588,4.70939695,-0.69683343,-0.92968824,-0.10249366,0.60572255,0.0598207660,0.0561185091,8.86282520
152.80000000,1.02198907,4.59133088,-0.54621261,0.59472228,-0.62624224,0.70416325,0.0516061841,0.0558973906,9.60405926
153.00000000,1.19715008,4.61901894,-0.45890913,0.60347636,0.90988802,0.22278555,0.0536200280,0.0555638066,9.20216719
153.20000000,1.15625811,4.80906571,-0.40579647,-0.87244285,0.56121417,0.40693004,0.0613355950,0.0561325305,8.26323006
153.40000000,0.99311935,4.77123130,-0.29106090,-0.35658075,-0.80638869,0.68139175,0.0563692908,0.0560380998,8.63898210
153.60000000,1.07710196,4.64050780,-0.16317126,0.96309594,-0.07063285,0.55602151,0.0496607164,0.0561172257,9.24950298
153.80000000,1.19730467,4.76760484,-0.06243666,-0.08844773,0.99783568,0.48805673,0.0574531760,0.0557675920,8.41894477
154.00000000,1.05741715,4.87862709,0.03679959,-0.99025832,-0.13227392,0.49354654,0.0616230714,0.0562505547,8.03897346
154.20000000,0.95226462,4.73290076,0.13206347,0.20362838,-0.98784584,0.47369727,0.0529543839,0.0561379508,8.88720719
154.40000000,1.10030198,4.65225427,0.24142880,0.81909575,0.38964233,0.64726242,0.0510405058,0.0562142365,9.15259903
154.60000000,1.12166440,4.80122021,0.37599182,-0.66806599,0.64985805,0.61078308,0.0602286261,0.0560938737,8.34225485
154.80000000,0.93763604,4.78961284,0.46026066,-0.74208458,-0.79744498,0.23467510,0.0587070138,0.0558053148,8.60002122
155.00000000,0.94910018,4.59624163,0.50696862,0.82381377,-0.64521175,0.38302391,0.0507511274,0.0565220756,9.66983479
155.20000000,1.09252940,4.63002813,0.63767383,0.10636831,0.75425425,0.81329763,0.0555676659,0.0560098981,9.28012665
155.40000000,0.96148899,4.71936552,0.75713275,-1.06650509,-0.20425362,0.25001767,0.0601849407,0.0558220099,8.93554417
155.60000000,0.85690162,4.55361950,0.75563253,0.34693724,-1.05815428,-0.03997769,0.0534046500,0.0559198636,10.03261129
155.80000000,1.01778859,4.48458395,0.83086886,0.60732671,0.48750074,0.79695564,0.0533762619,0.0560283069,10.25329704
156.00000000,0.95210213,4.59726582,0.97192602,-1.05861070,0.13263576,0.32153151,0.0594386005,0.0558735035,9.61724968
156.20000000,0.80885937,4.47460263,0.94407088,0.12885132,-1.05498444,-0.33470214,0.0545343566,0.0556082725,10.58462667
156.40000000,0.96633197,4.38601552,0.97556078,0.72679824,0.42126333,0.73205331,0.0534229566,0.0558903885,10.97508697
156.60000000,0.90971030,4.50146628,1.10966856,-1.08016070,0.17124765,0.21333715,0.0588037281,0.0558052127,10.23648085
156.80000000,0.77972006,4.38742328,1.04494195,0.30869339,-0.94971100,-0.49429431,0.0542334224,0.0556475737,11.21479482
157.00000000,0.94881534,4.34066505,1.07111801,0.54683348,0.62452306,0.74329485,0.0543304535,0.0557297723,11.30436881
157.20000000,0.85070418,4.45611068,1.17250448,-1.10917216,0.00322057,-0.10607678,0.0584381632,0.0557705716,10.59422038
157.40000000,0.77571280,4.33227494,1.06493054,0.70819679,-0.71889379,-0.47239193,0.0533757891,0.0557098895,11.62959546
157.60000000,0.94291690,4.36048662,1.11108612,0.14176845,0.86261999,0.69084451,0.0555701283,0.0556264183,11.15524969
157.80000000,0.79636399,4.46084535,1.15488592,-0.98244562,-0.23557701,-0.46985721,0.0580113079,0.0557802597,10.63658766
158.00000000,0.79366315,4.33793599,1.02316374,0.99484710,-0.37160747,-0.33708825,0.0526417452,0.0557368943,11.57458760
158.20000000,0.93456038,4.43540025,1.07692889,-0.20621160,0.97696164,0.49441105,0.0566372288,0.0555951842,10.65161938
158.40000000,0.76723592,4.51818246,1.06562005,-0.80746716,-0.36737107,-0.67412409,0.0577436406,0.0557687311,10.31259337
158.60000000,0.80425378,4.40558917,0.92392996,1.05274351,-0.15357337,-0.33096661,0.0520781621,0.0557470771,11.08070239
158.80000000,0.93342928,4.53644426,0.95287935,-0.24780485,1.04904006,0.28193211,0.0570724678,0.0555905511,10.01836029
159.00000000,0.76866864,4.63032611,0.91777488,-0.82928820,-0.30306924,-0.67955948,0.0584140905,0.0559825614,9.63313406
159.20000000,0.77996904,4.51544925,0.76460899,0.92911480,-0.29332673,-0.54043203,0.0514971295,0.0558098907,10.37100063
159.40000000,0.93687765,4.62356915,0.73765327,0.10161345,1.10678170,0.07785315,0.0560446573,0.0555174883,9.50900005
159.60000000,0.80887013,4.77110796,0.70432997,-0.98640300,0.05360042,-0.51525133,0.0603055781,0.0561748689,8.81325831
159.80000000,0.72477545,4.66571053,0.55854535,0.40907380,-0.70751829,-0.75724470,0.0525683055,0.0559129841,9.49444907
160.00000000,0.89437640,4.66234436,0.45731872,0.74049768,0.78973430,-0.26328588,0.0524484366,0.0555635576,9.34407886
160.20000000,0.88303227,4.85658614,0.40678004,-0.79171939,0.69732109,-0.35812909,0.0608188204,0.0560130201,8.31304649
160.40000000,0.71034319,4.84670020,0.30028227,-0.51926052,-0.72820265,-0.66439418,0.0577718203,0.0560938901,8.50742733
160.60000000,0.76397745,4.70261795,0.17005135,0.91449706,-0.25600908,-0.58264950,0.0496747361,0.0561578031,9.24716384
160.80000000,0.90350360,4.80440137,0.06617066,0.08353638,0.99601331,-0.49224031,0.0559675693,0.0557173563,8.55936415
161.00000000,0.78398459,4.93640371,-0.03351271,-0.99700382,0.02782402,-0.49651600,0.0619550519,0.0562226636,8.00830470
161.20000000,0.65589688,4.80967539,-0.12852914,0.02642824,-1.01362220,-0.46172250,0.0543376771,0.0559593850,8.74276011
161.40000000,0.78873644,4.70045373,-0.23267687,0.90094037,0.21511226,-0.61914784,0.0502250265,0.0562885716,9.23600682
161.60000000,0.84173262,4.84006569,-0.36795785,-0.52160160,0.73889567,-0.65059313,0.0591912002,0.0559672400,8.43326120
161.80000000,0.66299686,4.85635476,-0.46227705,-0.84694503,-0.67096920,-0.27163909,0.0597130187,0.0558292819,8.49060775
162.00000000,0.64357707,4.66222578,-0.50516367,0.71727209,-0.79582292,-0.30575266,0.0513521359,0.0562455280,9.58863934
162.20000000,0.80110422,4.66569119,-0.62302107,0.30657820,0.70129288,-0.80962211,0.0542681658,0.0560283049,9.41791801
162.40000000,0.69782072,4.77026911,-0.75604806,-1.05521999,-0.05087913,-0.35384526,0.0603554739,0.0558561663,8.90942935
162.60000000,0.56844486,4.62247413,-0.76316025,0.15716927,-1.09880193,0.09596723,0.0543649013,0.0556749052,9.87954468
162.80000000,0.72312285,4.52442375,-0.81626823,0.77679421,0.35129554,-0.71724950,0.0525164467,0.0561103084,10.36793432
163.00000000,0.69410654,4.63966625,-0.96653479,-0.97834474,0.26703666,-0.46128877,0.0592201582,0.0558916342,9.63976048
163.20000000,0.53161003,4.53944582,-0.95655201,-0.08535862,-1.04870063,0.36631251,0.0553945846,0.0555401794,10.42171252
163.40000000,0.67582906,4.42574158,-0.96180255,0.88810124,0.27290746,-0.61483526,0.0527722256,0.0559648866,11.08213252
163.60000000,0.65760593,4.54172925,-1.10487054,-1.00247305,0.30275164,-0.38026034,0.0586181213,0.0558089433,10.26025600
163.80000000,0.50401462,4.44849012,-1.05949313,0.07862395,-0.96362421,0.55357035,0.0549717725,0.0555865103,11.05643351
164.00000000,0.66584158,4.37561275,-1.05550676,0.75111395,0.50605612,-0.64877000,0.0536208219,0.0557679467,11.44021921
164.20000000,0.60267447,4.49821065,-1.17354321,-1.10155557,0.14703442,-0.07813404,0.0584861424,0.0557672749,10.58129269
164.40000000,0.49395417,4.38914933,-1.07797535,0.49963547,-0.79481488,0.59980272,0.0539454170,0.0556669580,11.50299169
164.60000000,0.66855918,4.39027207,-1.09435131,0.37863032,0.80586301,-0.66957119,0.0547880463,0.0556096742,11.31367674
164.80000000,0.54626505,4.50668927,-1.16326996,-1.06751048,-0.09100719,0.30532607,0.0583429424,0.0557782166,10.57615502
165.00000000,0.50402294,4.38939729,-1.03198955,0.85339551,-0.50517086,0.50752770,0.0529623515,0.0557211159,11.50737171
165.20000000,0.66445691,4.46231482,-1.06232503,0.01585709,0.97781406,-0.53354597,0.0558351101,0.0555577727,10.80583460
165.40000000,0.51050818,4.56675235,-1.07795298,-0.94198934,-0.23339814,0.54700327,0.0583006291,0.0558433067,10.22725429
165.60000000,0.50811347,4.45368051,-0.93106566,0.95076510,-0.30925457,0.49134915,0.0522631088,0.0557540089,11.04842463
165.80000000,0.65868371,4.56136638,-0.94130839,-0.04783080,1.06515582,-0.32273297,0.0561767144,0.0555281531,10.16908402
166.00000000,0.50618383,4.67827233,-0.92900454,-0.94353464,-0.16403510,0.56905960,0.0590144583,0.0559745889,9.55897062
166.20000000,0.47963804,4.56611947,-0.77509981,0.79036546,-0.43289388,0.65491267,0.0519403133,0.0558239598,10.30964029
166.40000000,0.64796915,4.64658363,-0.72976696,0.28789200,1.07385147,-0.07026093,0.0549378948,0.0554803993,9.66821945
166.60000000,0.54178774,4.81216031,-0.70979119,-1.01073503,0.20930809,0.41901728,0.0605065181,0.0561097435,8.79453800
166.80000000,0.42867608,4.72335045,-0.57238738,0.21178226,-0.75592215,0.79037729,0.0537218091,0.0558602434,9.36789703
167.00000000,0.58611811,4.69051010,-0.45770532,0.85059346,0.64539891,0.31766467,0.0514704817,0.0556599316,9.46532078
167.20000000,0.60473990,4.88365107,-0.40720233,-0.68835668,0.81706864,0.31546714,0.0600359703,0.0558391172,8.39060298
167.40000000,0.42765618,4.90206147,-0.30933364,-0.66149098,-0.62844519,0.63909271,0.0590246274,0.0561097062,8.39275255
167.60000000,0.44963230,4.75032860,-0.17816412,0.83084992,-0.42619080,0.60745291,0.0500653488,0.0561774387,9.20483766
167.80000000,0.60329558,4.82369045,-0.07082253,0.25379486,0.96347933,0.49823703,0.0544751291,0.0556997911,8.70463295
168.00000000,0.50734652,4.97287223,0.02948786,-0.97795900,0.18463056,0.50044934,0.0619550802,0.0561738277,8.00631195
168.20000000,0.36045790,4.86830991,0.12482319,-0.14650130,-1.00634553,0.45469240,0.0557767846,0.0558853985,8.59613510
168.40000000,0.47332139,4.73458244,0.22421849,0.94657625,0.03071838,0.58650150,0.0497600264,0.0563393750,9.28261291
168.60000000,0.55588212,4.85975325,0.35829379,-0.35959358,0.80457298,0.68138402,0.0579502756,0.0559444796,8.54382571
168.80000000,0.38748405,4.90258160,0.46262652,-0.92501577,-0.53258525,0.31878686,0.0605001559,0.0558524229,8.40561774
169.00000000,0.33816707,4.71314831,0.50487492,0.58259114,-0.91832707,0.24121442,0.0522040906,0.0561429295,9.47453895
169.20000000,0.50313529,4.68542976,0.60832045,0.49601433,0.61923696,0.78193896,0.0530549892,0.0560913360,9.54860950
169.40000000,0.43108049,4.80113757,0.75175821,-1.01058414,0.09744904,0.45840017,0.0602555900,0.0558846467,8.91300657
169.60000000,0.28158377,4.67433062,0.77140682,-0.03638694,-1.10675750,-0.12109812,0.0553889658,0.0555828521,9.71857305
169.80000000,0.42291227,4.54999309,0.80374936,0.91090184,0.19565322,0.61062771,0.0518789381,0.0561550235,10.45283601
170.00000000,0.43183092,4.66309457,0.95742800,-0.86125179,0.38890332,0.58981096,0.0587670004,0.0557817435,9.69211536
170.20000000,0.25644322,4.58691165,0.96908947,-0.29383343,-1.01356662,-0.35666812,0.0562633487,0.0554759282,10.26034340
170.40000000,0.38011289,4.45148106,0.95112089,1.00513282,0.10912274,0.46759958,0.0523309564,0.0559872079,11.15401943
170.60000000,0.40139855,4.56347395,1.09596917,-0.88201781,0.42182752,0.53379589,0.0582256284,0.0557038299,10.31608549
170.80000000,0.23085915,4.49278252,1.07481543,-0.15390245,-0.94811853,-0.56409459,0.0557460744,0.0555029784,10.89371394
171.00000000,0.37678435,4.39616029,1.04260339,0.91919391,0.36619135,0.51164309,0.0530536102,0.0557879470,11.55029210
171.20000000,0.35202585,4.52168162,1.17013712,-1.04511913,0.28373315,0.26075567,0.0583370319,0.0557540166,10.60352516
171.40000000,0.21455759,4.43028474,1.09356981,0.26558998,-0.84059056,-0.68089903,0.0546291069,0.0555559743,11.35491699
171.60000000,0.38734839,4.40461746,1.07877610,0.60242012,0.72179663,0.59734891,0.0540548398,0.0556249789,11.46600611
171.80000000,0.29547032,4.53363275,1.16761249,-1.10545761,0.05410772,-0.12547534,0.0584832584,0.0557644969,10.55000720
172.00000000,0.21562346,4.42597073,1.04472005,0.66694265,-0.61389514,-0.64731031,0.0534784982,0.0556030888,11.40354100
172.20000000,0.38769528,4.47260908,1.04753317,0.24367328,0.95059798,0.52692862,0.0550144807,0.0555217642,10.96925591
172.40000000,0.25413553,4.59607770,1.08709774,-1.03638398,-0.09305459,-0.39737066,0.0586633348,0.0558300712,10.17272944
172.60000000,0.21254896,4.48706373,0.94219932,0.80180107,-0.44484952,-0.63234857,0.0526917369,0.0556447351,10.97631254
172.80000000,0.37772567,4.56901488,0.92958184,0.15943110,1.05285295,0.32666066,0.0552498974,0.0554851825,10.33142569
173.00000000,0.24363348,4.70630121,0.93754316,-1.02178207,-0.01934740,-0.44294927,0.0593833626,0.0559456225,9.51515699
173.20000000,0.18067197,4.60144227,0.78858936,0.61811690,-0.54699032,-0.74789169,0.0526389141,0.0557247763,10.21631686
173.40000000,0.35332873,4.65283464,0.72303230,0.46661155,1.01076906,0.03490483,0.0538741622,0.0554564673,9.82666478
173.60000000,0.27277222,4.83251253,0.71318759,-1.00317596,0.36149925,-0.32179161,0.0604260117,0.0560207598,8.80716769
173.80000000,0.13488139,4.76346426,0.58716854,0.01135853,-0.77266748,-0.80215051,0.0549783967,0.0558858892,9.23471196
174.00000000,0.27418189,4.70376859,0.46034462,0.92807453,0.48232468,-0.38291486,0.0507447921,0.0556998411,9.55734919
174.20000000,0.32211612,4.89051481,0.40729409,-0.56508617,0.91780077,-0.28088769,0.0590347910,0.0557252184,8.49289028
174.40000000,0.14564694,4.93685716,0.31805462,-0.78118577,-0.51181165,-0.60693801,0.0600640718,0.0562161335,8.29964408
174.60000000,0.13583442,4.78302232,0.18739353,0.71744782,-0.57474937,-0.62889131,0.0507953603,0.0561747362,9.12776688
174.80000000,0.29796361,4.82596864,0.07641184,0.41655397,0.90049043,-0.50612973,0.0530592094,0.0556988789,8.84642564
175.00000000,0.22811890,4.98809394,-0.02467166,-0.93460768,0.33493439,-0.50486841,0.0616317164,0.0561059846,8.03221035
175.20000000,0.06678741,4.90803676,-0.12078360,-0.30971713,-0.96954981,-0.45233910,0.0571891024,0.0558747168,8.45581525
175.40000000,0.15595448,4.75454327,-0.21616507,0.95474690,-0.15555008,-0.55210518,0.0496630837,0.0563625624,9.28896980
175.60000000,0.26496203,4.86067110,-0.34728979,-0.18634563,0.84475173,-0.70158553,0.0565753011,0.0558812832,8.66852526
175.80000000,0.11157423,4.92808051,-0.46105644,-0.97577577,-0.38634684,-0.37302415,0.0610319164,0.0560299958,8.34710528
176.00000000,0.03439193,4.74823962,-0.50568888,0.42802537,-1.01000214,-0.19296311,0.0532429801,0.0558655764,9.33698074
176.20000000,0.20001381,4.68962362,-0.59420255,0.66649739,0.50997964,-0.73228314,0.0520107191,0.0561406269,9.66238931
176.40000000,0.16162261,4.81203653,-0.74432689,-0.93404111,0.23800960,-0.55807615,0.0598849850,0.0559055785,8.94519392
176.60000000,-0.00270073,4.70853466,-0.77955283,-0.22473147,-1.08474463,0.11553846,0.0564194869,0.0554845641,9.55973614
176.80000000,0.11902312,4.56142336,-0.79390283,1.00224346,0.02614243,-0.48511566,0.0515056831,0.0561731409,10.49957043
177.00000000,0.16553233,4.66768044,-0.94498989,-0.71068442,0.49594963,-0.69961577,0.0580988723,0.0558007776,9.77143931
177.20000000,-0.01585307,4.61650996,-0.98067058,-0.48686437,-0.95313615,0.30819736,0.0570911265,0.0554581290,10.10991600
177.40000000,0.08121252,4.46329512,-0.94412770,1.07020594,-0.06424297,-0.30167177,0.0521286409,0.0559864403,11.18282442
177.60000000,0.14119981,4.56679690,-1.08340037,-0.72244344,0.52643826,-0.66437457,0.0576441552,0.0557086458,10.40111094
177.80000000,-0.03879022,4.51983168,-1.08972826,-0.37650112,-0.90620822,0.52675886,0.0565059382,0.0554781699,10.73754001
178.00000000,0.08351960,4.40248040,-1.03333358,1.03919513,0.20899107,-0.34177981,0.0526731006,0.0557947215,11.62359001
178.20000000,0.09873424,4.52655534,-1.16244176,-0.94115004,0.41149032,-0.43047391,0.0579961638,0.0556483147,10.65997770
178.40000000,-0.06103094,4.45517719,-1.11054391,0.02017540,-0.85719938,0.71076053,0.0553740505,0.0555308424,11.19762553
178.60000000,0.10069384,4.40380351,-1.06554766,0.79887090,0.61147380,-0.47776144,0.0534239110,0.0556325053,11.59978332
178.80000000,0.04399637,4.54163970,-1.16766589,-1.09444701,0.19765186,-0.05874613,0.0584243632,0.0557389394,10.55960767
179.00000000,-0.06963574,4.44717603,-1.06048732,0.44707859,-0.69550331,0.74613050,0.0541480450,0.0555877667,11.27336609
179.20000000,0.10530638,4.46660393,-1.03368032,0.46510394,0.89446331,-0.47318589,0.0542258216,0.0555230051,11.13122454
179.40000000,-0.00170428,4.60606143,-1.09262331,-1.08758309,0.05091359,0.23419739,0.0588138832,0.0558014431,10.15179883
179.60000000,-0.08045283,4.50528441,-0.95670079,0.61461866,-0.55634428,0.74363287,0.0533310061,0.0556436321,10.87242983
179.80000000,0.09159435,4.55976725,-0.91863706,0.36423806,1.01106540,-0.29210604,0.0543435324,0.0554578618,10.49595025
180.00000000,-0.01867885,4.71432605,-0.94312092,-1.06247926,0.12798520,0.30821688,0.0595083247,0.0558968570,9.50367163
180.20000000,-0.11524170,4.62084202,-0.80441492,0.42165830,-0.63310798,0.81339478,0.0535363508,0.0557348613,10.10058791
180.40000000,0.05436083,4.64277669,-0.71812611,0.62920428,0.91847662,0.02692583,0.0529120119,0.0554983435,9.97440621
180.60000000,0.00229556,4.83223172,-0.71460863,-0.96474116,0.50735182,0.22822172,0.0600812329,0.0558569736,8.85066615
180.80000000,-0.15559101,4.78540071,-0.60232205,-0.18470158,-0.76018945,0.79259701,0.0562482413,0.0559301420,9.10430626
181.00000000,-0.03953067,4.70231109,-0.46541200,0.96888760,0.30711603,0.45512988,0.0503161104,0.0557384864,9.61388319
181.20000000,0.03597181,4.87753970,-0.40731890,-0.42506376,0.99696210,0.25610334,0.0578709587,0.0555981844,8.61589136
181.40000000,-0.13509841,4.95080276,-0.32633289,-0.87720409,-0.38257095,0.56951868,0.0608444627,0.0562043515,8.23121615
181.60000000,-0.17579906,4.80004972,-0.19759869,0.58077804,-0.69719357,0.64561114,0.0518057314,0.0560057069,9.02372511
181.80000000,-0.01108514,4.81176553,-0.08295295,0.56586119,0.80852648,0.51602017,0.0517985645,0.0557763204,8.97600442
182.00000000,-0.05302846,4.98224841,0.01903388,-0.86856406,0.47577734,0.50933291,0.0610080514,0.0560220130,8.08444247
182.20000000,-0.22435760,4.92826593,0.11625603,-0.45918714,-0.90725542,0.45411454,0.0585009531,0.0559398145,8.32853248
182.40000000,-0.16148309,4.76013189,0.20854223,0.92651376,-0.33579493,0.51864730,0.0499250443,0.0563560929,9.25526820
182.60000000,-0.03007226,4.84329376,0.33527138,-0.00679014,0.85767316,0.71030009,0.0551447303,0.0558901473,8.80081734
182.80000000,-0.16423910,4.93277281,0.45740753,-0.99932458,-0.23579878,0.43118624,0.0612840893,0.0560451985,8.31594183
183.00000000,-0.26641725,4.76678945,0.50711674,0.26191441,-1.07005502,0.16294546,0.0544014461,0.0557651988,9.18608607
183.20000000,-0.10669013,4.67865813,0.58121135,0.81040841,0.37678792,0.66440144,0.0512042345,0.0562679535,9.74995563
183.40000000,-0.11014953,4.80311616,0.73396423,-0.82776345,0.36815374,0.64762947,0.0592581813,0.0559177710,9.00388587
183.60000000,-0.28360799,4.72457370,0.78681355,-0.40026863,-1.03600399,-0.08141484,0.0574024563,0.0554504572,9.41148765
183.80000000,-0.18653992,4.55880503,0.78708460,1.04626204,-0.15067832,0.35038339,0.0514141695,0.0561618618,10.50286981
184.00000000,-0.10443879,4.65362564,0.92978418,-0.53136240,0.58563612,0.78409712,0.0572509849,0.0558139962,9.87344407
184.20000000,-0.28468791,4.62788148,0.99037221,-0.65642605,-0.87082670,-0.22556655,0.0578314778,0.0554485484,9.97795525
184.40000000,-0.21870263,4.46121973,0.94112827,1.07947128,-0.24058950,0.13021886,0.0521728863,0.0559610363,11.16454326
184.60000000,-0.12277848,4.55185687,1.06782544,-0.52928596,0.61412391,0.76340498,0.0569056656,0.0557086312,10.51081020
184.80000000,-0.30423789,4.52929046,1.10310618,-0.57829948,-0.84086641,-0.44562156,0.0572033954,0.0555171330,10.59712992
185.00000000,-0.21183179,4.39475919,1.02834546,1.10237394,0.03967630,0.15244661,0.0525075098,0.0557861640,11.65197409
185.20000000,-0.15718058,4.51291072,1.15088169,-0.79297834,0.52819730,0.57637845,0.0574811016,0.0556344453,10.74809712
185.40000000,-0.33167504,4.46343122,1.12765206,-0.22269677,-0.84631988,-0.68858653,0.0561248188,0.0555064499,11.04288920
185.60000000,-0.18967578,4.38817468,1.05572099,0.95438307,0.47704627,0.31867836,0.0529436122,0.0556343867,11.70287797
185.80000000,-0.20816705,4.53072372,1.16344746,-1.03448482,0.33769964,0.23612551,0.0581706578,0.0557019263,10.60493034
186.00000000,-0.35012945,4.45260209,1.07821740,0.20712885,-0.74912613,-0.79740010,0.0549154343,0.0555698326,11.12869599
186.20000000,-0.18139543,4.44471043,1.02188471,0.66706737,0.80918598,0.37437267,0.0535203895,0.0555168458,11.27988780
186.40000000,-0.25688345,4.59667965,1.09432323,-1.09403681,0.19622382,-0.06693723,0.0587487818,0.0557582701,10.16581448
186.60000000,-0.36912872,4.50792605,0.97372389,0.40013331,-0.64132785,-0.81760682,0.0541280343,0.0556378175,10.74719514
186.80000000,-0.19844358,4.53409050,0.90941033,0.55591733,0.93938983,0.21994361,0.0535098139,0.0554830731,10.65201884
187.00000000,-0.28046115,4.70235351,0.94564597,-1.06510763,0.27535232,-0.17201740,0.0593923633,0.0558304302,9.52527289
187.20000000,-0.40663867,4.62380620,0.82180593,0.21089592,-0.69042825,-0.84775460,0.0545600735,0.0557108006,9.97294993
187.40000000,-0.24734713,4.61690717,0.71565295,0.76719677,0.79918360,-0.11207464,0.0521072615,0.0555157315,10.10153016
187.60000000,-0.26912663,4.81148876,0.71425386,-0.89694604,0.64416491,-0.14275481,0.0595013478,0.0557539660,8.92361738
187.80000000,-0.44186707,4.78865808,0.61731754,-0.37017386,-0.72160069,-0.76295455,0.0574480978,0.0559612560,8.98462679
188.00000000,-0.35307314,4.68625192,0.47296824,0.97109700,0.12704463,-0.52977395,0.0502108662,0.0557724926,9.63177624
188.20000000,-0.25280384,4.84519469,0.40756544,-0.27198264,1.05215112,-0.24254513,0.0566055692,0.0555163383,8.75451056
188.40000000,-0.41398301,4.94377091,0.33410197,-0.94907479,-0.24451892,-0.52847858,0.0613378274,0.0561679021,8.18929568
188.60000000,-0.48381652,4.80077991,0.20862168,0.42777457,-0.79105153,-0.65655572,0.0530221766,0.0559866031,8.90178677
188.80000000,-0.32232667,4.78161636,0.09045796,0.69595331,0.69044873,-0.52796177,0.0507624441,0.0558162644,9.08494226
189.00000000,-0.33537656,4.95562761,-0.01256588,-0.78160045,0.60435458,-0.51348504,0.0601201830,0.0558591097,8.16069597
189.20000000,-0.51227276,4.92858364,-0.11110321,-0.59211889,-0.82356611,-0.45928464,0.0596499483,0.0559554187,8.21927048
189.40000000,-0.47718094,4.75105478,-0.20129716,0.86504922,-0.50291676,-0.48843525,0.0505135093,0.0563201212,9.18517133
189.60000000,-0.32815093,4.80817421,-0.32257687,0.17355893,0.84217716,-0.70739926,0.0537413787,0.0559122153,8.93318579
189.80000000,-0.43943837,4.91669934,-0.45161325,-0.99622288,-0.08409713,-0.49016622,0.0612454361,0.0560452719,8.31202956
190.00000000,-0.56311184,4.76818215,-0.50863940,0.09197996,-1.09924876,-0.15160235,0.0556129086,0.0556118336,9.03151024
190.20000000,-0.41525595,4.65290010,-0.56976186,0.92141654,0.22434238,-0.58347748,0.0506838998,0.0563171935,9.80360898
190.40000000,-0.38376896,4.77461340,-0.72101238,-0.69468561,0.48514429,-0.72237354,0.0584049859,0.0559207090,9.08591334
190.60000000,-0.56048524,4.72207211,-0.79248462,-0.55696185,-0.96388030,0.02234331,0.0582880293,0.0555126073,9.28044782
190.80000000,-0.49171313,4.54217674,-0.78338767,1.04181668,-0.32772026,-0.21674493,0.0515979700,0.0561205702,10.46147095
191.00000000,-0.37760792,4.62121800,-0.91252576,-0.32941337,0.65508684,-0.83791141,0.0562734110,0.0557618456,9.99230852
191.20000000,-0.54963104,4.62077894,-0.99740998,-0.79628770,-0.76968773,0.11508608,0.0584420443,0.0555549001,9.87006686
191.40000000,-0.51742375,4.44525878,-0.94209193,1.03345279,-0.41303651,0.03315791,0.0524508117,0.0559113961,11.09979849
191.60000000,-0.39018074,4.51889493,-1.05010124,-0.31002019,0.68185270,-0.82381260,0.0560557001,0.0557029714,10.63882890
191.80000000,-0.56501548,4.52091297,-1.11394885,-0.75033753,-0.75471372,0.32724585,0.0577946162,0.0555268525,10.47973670
192.00000000,-0.50699456,4.37318176,-1.02793911,1.10436192,-0.13556132,0.04093569,0.0525663311,0.0557613764,11.63157628
192.20000000,-0.41560710,4.48088951,-1.13613682,-0.60609345,0.63110967,-0.68847253,0.0568214589,0.0556160506,10.86353130
192.40000000,-0.59653984,4.45475159,-1.14366737,-0.45030471,-0.80982062,0.61728685,0.0568277643,0.0555260427,10.90106608
192.60000000,-0.48174815,4.35812701,-1.05011736,1.05757381,0.32205925,-0.13197346,0.0526523935,0.0556291381,11.76512575
192.80000000,-0.46101542,4.50094866,-1.15524229,-0.92748801,0.47208525,-0.39557601,0.0577381497,0.0555955337,10.68441231
193.00000000,-0.62453787,4.44191827,-1.09672286,-0.03917808,-0.77489417,0.79847837,0.0557181230,0.0555508798,10.98148739
193.20000000,-0.47080661,4.40742634,-1.01316865,0.83655013,0.69561110,-0.23632530,0.0529474796,0.0555109944,11.40325919
193.40000000,-0.51129236,4.56797261,-1.09222213,-1.05567593,0.34071864,-0.09478134,0.0584776406,0.0557020543,10.21478335
193.60000000,-0.65197853,4.49463289,-0.99228107,0.17022627,-0.69877620,0.84985168,0.0550163780,0.0556070762,10.61192610
193.80000000,-0.49088738,4.49253320,-0.90277255,0.72354055,0.83846544,-0.11384871,0.0527999980,0.0554905050,10.78859667
194.00000000,-0.54141407,4.67047617,-0.94520235,-1.03010893,0.42028668,0.04148565,0.0590518139,0.0557492160,9.57959411
194.20000000,-0.69228131,4.60991096,-0.83994430,-0.00450415,-0.71943745,0.84962883,0.0556302555,0.0557350648,9.84364640
194.40000000,-0.55004350,4.57574263,-0.71610113,0.87293752,0.65650077,0.21553807,0.0515101203,0.0555361327,10.19921062
194.60000000,-0.54093036,4.77055834,-0.71242298,-0.80184308,0.76920189,0.06956150,0.0587247510,0.0556438412,9.02364027
194.80000000,-0.72318537,4.77288671,-0.63168557,-0.54014341,-0.66024947,0.71538438,0.0585070812,0.0559757847,8.88195364
195.00000000,-0.66451068,4.65562580,-0.48295407,0.93510335,-0.05058180,0.60206054,0.0504336850,0.0557991290,9.61142097
195.20000000,-0.54323840,4.79405190,-0.40833898,-0.11015963,1.08124680,0.24128425,0.0553027237,0.0554626440,8.90256292
195.40000000,-0.69039301,4.91577608,-0.34133770,-0.99677624,-0.10101522,0.48546692,0.0615327877,0.0561081359,8.17467870
195.60000000,-0.78692929,4.78464614,-0.22029631,0.26516714,-0.85567019,0.66102736,0.0543625567,0.0559005130,8.77116857
195.80000000,-0.63413699,4.73603356,-0.09893764,0.80171484,0.55050542,0.54188062,0.0500059986,0.0559719442,9.16599739
196.00000000,-0.61816042,4.90863237,0.00527719,-0.67571365,0.71795682,0.51709063,0.0590154338,0.0557833923,8.25787301
196.20000000,-0.79628326,4.90874362,0.10521138,-0.70672026,-0.72241254,0.46700961,0.0605863086,0.0560942910,8.13145040
196.40000000,-0.78944326,4.72696060,0.19431335,0.77514627,-0.65117069,0.46319846,0.0513782150,0.0560713820,9.08509337
196.60000000,-0.62808459,4.75593077,0.30953322,0.34876390,0.79796393,0.69357007,0.0524467811,0.0559568747,9.05748161
196.80000000,-0.71347765,4.88001051,0.44369535,-0.96739329,0.06585201,0.54702111,0.0609181191,0.0560299030,8.33443913
197.00000000,-0.85470433,4.75192004,0.50974704,-0.07511733,-1.09944280,0.15810640,0.0568142237,0.0555596141,8.88168180
197.20000000,-0.72385758,4.61267431,0.56010920,0.99514439,0.05855317,0.49564795,0.0504737341,0.0563357806,9.81829097
197.40000000,-0.65869022,4.72685855,0.70592560,-0.53854831,0.58606780,0.77838946,0.0573700980,0.0558410362,9.18696938
197.60000000,-0.83279367,4.70077978,0.79597497,-0.69029972,-0.87156669,0.05702745,0.0590313762,0.0555294537,9.17143720
197.80000000,-0.79446016,4.51152272,0.78264140,0.99125183,-0.49795375,0.09405846,0.0520307848,0.0560508378,10.37827794
198.00000000,-0.65334696,4.57084754,0.89404205,-0.11233570,0.70115396,0.85740014,0.0552290013,0.0557976798,10.12063009
198.20000000,-0.81037442,4.59504717,1.00117310,-0.90196741,-0.65235406,0.01583192,0.0588858690,0.0555788499,9.79007652
198.40000000,-0.81280862,4.41538327,0.94665926,0.93691626,-0.57497253,-0.17590480,0.0529330581,0.0556884672,10.99371023
198.60000000,-0.66046524,4.46825889,1.03123580,-0.07399768,0.72605433,0.84065240,0.0551516298,0.0556787430,10.77689761
198.80000000,-0.82083986,4.49453153,1.12143507,-0.88572144,-0.64992222,-0.18003215,0.0582414156,0.0555372415,10.39065164
199.00000000,-0.79965297,4.33791833,1.03203138,1.04581466,-0.30996290,-0.22245884,0.0528403171,0.0557207006,11.56353603
199.20000000,-0.67629263,4.43072227,1.11911500,-0.38821972,0.71662353,0.75828986,0.0560582290,0.0555930195,10.99991557
199.40000000,-0.85506326,4.42892577,1.15746381,-0.65175626,-0.74940741,-0.50284524,0.0574343788,0.0555282927,10.78062037
199.60000000,-0.77329976,4.31408752,1.04923630,1.10078266,0.15153402,-0.06739534,0.0525744809,0.0556158067,11.77998720
199.80000000,-0.71448621,4.45244201,1.14359659,-0.77737965,0.59800032,0.52657322,0.0571533983,0.0555604349,10.79480121
200.00000000,-0.89184845,4.41487421,1.11479537,-0.27882031,-0.77348161,-0.75044874,0.0564933160,0.0555544330,10.84268939
200.20000000,-0.76105631,4.35532171,1.00836742,0.96190931,0.55604764,0.06860892,0.0525507573,0.0555932147,11.49067887
200.40000000,-0.76480830,4.52004598,1.08657533,-0.97392239,0.48200402,0.24144415,0.0580213825,0.0556348524,10.29734751
200.60000000,-0.92777711,4.46512345,1.01132241,-0.06332822,-0.72867466,-0.83914232,0.0559241102,0.0556179888,10.47758575
200.80000000,-0.78401445,4.43570866,0.89946078,0.85685209,0.71030993,-0.01963268,0.0522618517,0.0554992656,10.89542331
201.00000000,-0.80121380,4.61887251,0.94204403,-0.95887412,0.56020384,0.07643159,0.0585138132,0.0556566322,9.66514384
201.20000000,-0.97114483,4.57883553,0.85802013,-0.21573747,-0.72147144,-0.81978018,0.0566684619,0.0557506115,9.72183655
201.40000000,-0.85184825,4.51979330,0.71980329,0.94038267,0.49538085,-0.33071437,0.0511612757,0.0555572713,10.26085330
201.60000000,-0.81249760,4.70982243,0.70950455,-0.68210508,0.87958164,-0.01243841,0.0577964739,0.0555191187,9.14730145
201.80000000,-0.99886884,4.73788299,0.64503378,-0.69089783,-0.57941645,-0.65270133,0.0593699756,0.0560664314,8.80095283
202.00000000,-0.97197552,4.61039912,0.49519489,0.86353936,-0.21905391,-0.66737725,0.0509658660,0.0558165313,9.55657079
202.20000000,-0.83427004,4.72477944,0.40995143,0.05544011,1.08260083,-0.25292894,0.0540271749,0.0554266457,9.05288576
202.40000000,-0.96369632,4.86696171,0.34805445,-1.02058045,0.04493244,-0.44211396,0.0614329299,0.0560274273,8.18732481
202.60000000,-1.08399691,4.75118159,0.23245655,0.09901894,-0.89183910,-0.65869856,0.0557439113,0.0558997049,8.64035259
202.80000000,-0.94481920,4.67548135,0.10840013,0.87914870,0.39414108,-0.55750455,0.0495665245,0.0560270828,9.21397684
203.00000000,-0.90057022,4.84176967,0.00280939,-0.55321324,0.81396336,-0.52007265,0.0577502555,0.0557054579,8.37204164
203.20000000,-1.07572794,4.86865468,-0.09849415,-0.80195242,-0.60742107,-0.47640995,0.0612734315,0.0560994754,8.06718841
203.40000000,-1.09671690,4.68747919,-0.18742960,0.66257236,-0.77647313,-0.44400288,0.0524570850,0.0560034951,8.96314463
203.60000000,-0.92856480,4.68722806,-0.29643237,0.51274417,0.72584699,-0.67028736,0.0513350631,0.0560655771,9.16548238
203.80000000,-0.98577992,4.82296058,-0.43375647,-0.91407348,0.21126047,-0.59906609,0.0603177898,0.0558830799,8.38147484
204.00000000,-1.14034031,4.71763503,-0.50997063,-0.23397188,-1.07315303,-0.18065920,0.0579473740,0.0555704237,8.74343133
204.20000000,-1.03062100,4.55824537,-0.55233355,1.02961927,-0.11385050,-0.40737426,0.0505732855,0.0563215160,9.79230008
204.40000000,-0.93427451,4.66028390,-0.68924468,-0.36393016,0.66784254,-0.81275117,0.0562116020,0.0558626939,9.30154835
204.60000000,-1.10007633,4.66055841,-0.79682810,-0.79715147,-0.76199788,-0.15141490,0.0595938201,0.0556953012,9.08766282
204.80000000,-1.09285275,4.46677975,-0.78443845,0.89995177,-0.65498876,0.00926181,0.0526722925,0.0557824824,10.25979435
205.00000000,-0.93084871,4.50302068,-0.87522354,0.11116796,0.72065251,-0.84100937,0.0541894104,0.0558276365,10.24954583
205.20000000,-1.06669461,4.55060664,-1.00124638,-0.97060165,-0.52114689,-0.15913404,0.0591331141,0.0556023777,9.74023660
205.40000000,-1.10287683,4.37153709,-0.95418404,0.79810965,-0.72053849,0.28778098,0.0535788763,0.0556112871,10.85497212
205.60000000,-0.93286683,4.40042672,-1.01232807,0.16780198,0.74287715,-0.81174350,0.0542591459,0.0556958866,10.91496160
205.80000000,-1.07156787,4.45003645,-1.12496169,-0.97961206,-0.52831020,0.01361622,0.0585128439,0.0555471972,10.33335124
206.00000000,-1.08757155,4.28911431,-1.04016301,0.93228399,-0.47671808,0.37749839,0.0533036489,0.0556655906,11.45380754
206.20000000,-0.93879441,4.36276055,-1.10090796,-0.14928428,0.78025262,-0.77962300,0.0552424046,0.0555608126,11.14873274
206.40000000,-1.10691412,4.38580246,-1.16808283,-0.81831647,-0.66647572,0.35361490,0.0579036361,0.0555287953,10.68799525
206.60000000,-1.06199962,4.25648922,-1.05319611,1.08117930,-0.02822448,0.26288317,0.0527167988,0.0555939879,11.74575483
206.80000000,-0.96841389,4.38541957,-1.12929941,-0.59019112,0.71168055,-0.61968731,0.0564522855,0.0555213817,10.93093170
207.00000000,-1.15133450,4.37129011,-1.13128924,-0.50026190,-0.74572513,0.65760491,0.0571836141,0.0555541657,10.72158065
207.20000000,-1.05005970,4.28901444,-1.00804546,1.03426305,0.39448536,0.11606986,0.0523638547,0.0556002601,11.53441490
207.40000000,-1.01726395,4.45308248,-1.07786162,-0.85174887,0.61710764,-0.36396951,0.0574102026,0.0555294332,10.41066192
207.60000000,-1.19556375,4.41919413,-1.02980993,-0.28967987,-0.73160454,0.78714764,0.0567816985,0.0556227793,10.35391863
207.80000000,-1.07591557,4.36427034,-0.90001316,0.94733813,0.55850595,0.17136886,0.0519359161,0.0555077869,10.96437475
208.00000000,-1.05949522,4.54781386,-0.93658530,-0.85378966,0.69216716,-0.17516001,0.0578137164,0.0555363456,9.77921876
208.20000000,-1.24239235,4.53036611,-0.87527829,-0.41522178,-0.69829809,0.76072165,0.0576046911,0.0558219822,9.61515566
208.40000000,-1.15080477,4.44954038,-0.72690723,0.96578211,0.32183870,0.44989163,0.0510872579,0.0555770195,10.28304387
208.60000000,-1.08314888,4.62977587,-0.70596271,-0.54113432,0.97223533,-0.02532599,0.0567659111,0.0554318309,9.29000830
208.80000000,-1.26830146,4.68357887,-0.65705606,-0.81974682,-0.48214726,0.57814759,0.0599984608,0.0560479785,8.74486391
209.00000000,-1.27371409,4.55049293,-0.50941523,0.76087181,-0.37276443,0.72167968,0.0517665767,0.0558237857,9.47364194
209.20000000,-1.12474181,4.63812955,-0.41270940,0.21927539,1.05527348,0.27750825,0.0528419667,0.0554569581,9.19762806
209.40000000,-1.23324442,4.79759009,-0.35430158,-1.02095961,0.19056369,0.40002274,0.0610549138,0.0559289820,8.22647984
209.60000000,-1.37400540,4.70004321,-0.24494367,-0.06552497,-0.90135331,0.64958252,0.0570883019,0.0559309533,8.51656385
209.80000000,-1.25263939,4.60035780,-0.11884785,0.92575997,0.22761296,0.57432159,0.0494610564,0.0560652612,9.22638645
210.00000000,-1.18175027,4.75564968,-0.01166373,-0.41681335,0.88989157,0.52253195,0.0563877669,0.0556276717,8.49840626
210.20000000,-1.34994984,4.80836728,0.09089422,-0.87731079,-0.48187557,0.48662029,0.0616879318,0.0560860534,8.02755116
210.40000000,-1.39760309,4.63226191,0.18045998,0.53341562,-0.87644244,0.43126676,0.0536819736,0.0558169743,8.82802418
210.60000000,-1.22817275,4.60275321,0.28351039,0.65966524,0.62793192,0.63969712,0.0504671399,0.0561323545,9.24963467
210.80000000,-1.25573503,4.74590571,0.42196980,-0.83781151,0.34935158,0.64396432,0.0594732416,0.0558663012,8.45068169
211.00000000,-1.41926940,4.66509105,0.50890460,-0.38043538,-1.02319721,0.21678960,0.0589606540,0.0555701369,8.62192634
211.20000000,-1.33368703,4.48980936,0.54634325,1.02539839,-0.28588862,0.32477877,0.0509608097,0.0562744142,9.72747625
211.40000000,-1.20977566,4.57543173,0.67156555,-0.17623735,0.72733941,0.82375033,0.0549980699,0.0558500858,9.42296068
211.60000000,-1.36192994,4.60136894,0.79473350,-0.87557498,-0.63786199,0.25522862,0.0599442734,0.0557294920,9.03095302
211.80000000,-1.38513443,4.40785235,0.78818336,0.77550533,-0.79351414,-0.08694886,0.0534740237,0.0556838255,10.11500863
212.00000000,-1.20910888,4.41836780,0.85696479,0.33153393,0.71076136,0.78963462,0.0532291048,0.0558774410,10.36912299
212.20000000,-1.31841787,4.48744332,0.99742163,-1.00078461,-0.37827614,0.30650656,0.0591630361,0.0556239468,9.72141668
212.40000000,-1.38588083,4.31364716,0.96380187,0.62758372,-0.84493495,-0.36169158,0.0543409807,0.0555286200,10.69443089
212.60000000,-1.20637020,4.31602287,0.99449240,0.40327554,0.72867817,0.73822304,0.0534466952,0.0557386256,11.04165811
212.80000000,-1.31715080,4.38736285,1.12416896,-1.02912307,-0.39158273,0.16164637,0.0585869288,0.0555557134,10.30967252
213.00000000,-1.36870412,4.22688545,1.05154659,0.77334945,-0.62944911,-0.49423508,0.0539175423,0.0554938070,11.31210079
213.20000000,-1.20243522,4.27750967,1.08272811,0.09880989,0.81687101,0.74931658,0.0544324364,0.0555606906,11.29939175
213.40000000,-1.35194356,4.32527184,1.17478385,-0.94350114,-0.56216590,-0.17965127,0.0582036598,0.0556267525,10.62769465
213.60000000,-1.34553123,4.18574648,1.06171459,1.00117191,-0.21006036,-0.43818722,0.0530676332,0.0555638033,11.66591050
213.80000000,-1.22248436,4.30021892,1.11335021,-0.37412333,0.80825272,0.66724136,0.0556787181,0.0554697335,11.08550785
214.00000000,-1.40251844,4.31104136,1.14519111,-0.69389812,-0.69239510,-0.52681195,0.0577409440,0.0556294053,10.62550615
214.20000000,-1.33560139,4.20913958,1.01243321,1.04867597,0.21653957,-0.30299458,0.0524057530,0.0555981661,11.53099544
214.40000000,-1.26841518,4.36736295,1.06676794,-0.69377281,0.74220472,0.45410052,0.0566815730,0.0554713985,10.55019825
214.60000000,-1.45461571,4.35671436,1.04678141,-0.49941711,-0.70839757,-0.69795447,0.0575282099,0.0556886377,10.24900110
214.80000000,-1.36455374,4.27888305,0.90471615,0.98923834,0.38815509,-0.33032333,0.0518507568,0.0555146001,10.99071116
215.00000000,-1.31583447,4.45767731,0.92938673,-0.71832770,0.81270868,0.24873027,0.0569927196,0.0554552409,9.91775635
215.20000000,-1.50534503,4.46439190,0.89105426,-0.59673226,-0.65180444,-0.67632234,0.0583820609,0.0558296555,9.52959396
215.40000000,-1.44494307,4.36542043,0.73736181,0.94810455,0.14248999,-0.56492132,0.0512959910,0.0555935582,10.26603785
215.60000000,-1.35213396,4.53103234,0.70232105,-0.38316959,1.04394549,0.04113001,0.0556849455,0.0553657928,9.44593412
215.80000000,-1.53091069,4.61002971,0.66753651,-0.92482267,-0.37119748,-0.49522133,0.0603708372,0.0560051629,8.71572824
216.00000000,-1.56812064,4.47581295,0.52526072,0.63281459,-0.50749378,-0.76178745,0.0527768364,0.0557345993,9.37070672
216.20000000,-1.41339908,4.53492150,0.41690016,0.37542431,0.99927501,-0.31436321,0.0518059723,0.0554656276,9.32874669
216.40000000,-1.49837582,4.70803526,0.36016051,-0.99854859,0.33325921,-0.36076780,0.0604264654,0.0558166354,8.29073063
216.60000000,-1.65604392,4.63102423,0.25761177,-0.22430782,-0.88660427,-0.63398018,0.0583270706,0.0559467756,8.40556661
216.80000000,-1.55586780,4.51098795,0.13027335,0.94076299,0.05747269,-0.59158253,0.0496856758,0.0560839736,9.20369586
217.00000000,-1.46079611,4.65098100,0.02125488,-0.26970664,0.94350393,-0.52474942,0.0549949104,0.0555929331,8.63133968
217.20000000,-1.61829181,4.72806102,-0.08238305,-0.93265037,-0.34874026,-0.49683425,0.0618193076,0.0560539450,8.01276907
217.40000000,-1.69085472,4.56101744,-0.17321230,0.39354060,-0.95022494,-0.42484859,0.0549835339,0.0557693111,8.68809026
217.60000000,-1.52539767,4.50318957,-0.27093177,0.78438816,0.50765499,-0.60441242,0.0498861682,0.0561814065,9.30387073
217.80000000,-1.52269761,4.64930458,-0.40856633,-0.74049233,0.47729437,-0.67981552,0.0584255219,0.0558427913,8.53881667
218.00000000,-1.69081840,4.59418014,-0.50622133,-0.51149716,-0.95244991,-0.26361803,0.0598096531,0.0557060601,8.52079831
218.20000000,-1.63127074,4.40749703,-0.54189467,0.98533950,-0.45093528,-0.25306655,0.0515984760,0.0559972416,9.62880100
218.40000000,-1.48432859,4.47295843,-0.65350293,0.01838039,0.76161961,-0.81109076,0.0538041130,0.0559013784,9.54349207
218.60000000,-1.61798116,4.52326232,-0.78953007,-0.92462033,-0.50169376,-0.36282940,0.0600608300,0.0557571181,9.00197243
218.80000000,-1.66976066,4.33463241,-0.79315440,0.62669320,-0.90952133,0.13521805,0.0543840797,0.0554753747,9.95406113
219.00000000,-1.48692011,4.31763989,-0.84009906,0.53888333,0.66954301,-0.70679601,0.0524178469,0.0559279951,10.46908304
219.20000000,-1.56538865,4.40560665,-0.98969985,-0.99241274,-0.22609873,-0.44969879,0.0589659551,0.0556423069,9.73322984
219.40000000,-1.66034648,4.24163499,-0.97451344,0.43688205,-0.94451710,0.39400913,0.0551694279,0.0553836073,10.52357639
219.60000000,-1.47969980,4.21582126,-0.97877152,0.61999191,0.68069640,-0.62487108,0.0527782378,0.0557751663,11.14522933
219.80000000,-1.55759079,4.30648744,-1.11895423,-1.03318613,-0.24166702,-0.33512452,0.0584524332,0.0555618956,10.31993937
220.00000000,-1.64127556,4.15131707,-1.06514638,0.58124919,-0.76254655,0.56466023,0.0546345559,0.0554407495,11.15030423
220.20000000,-1.46626922,4.17565453,-1.06582574,0.34269708,0.82125592,-0.66801184,0.0536900718,0.0555910413,11.43968911
220.40000000,-1.59013458,4.24725235,-1.17708004,-1.02302361,-0.43758943,-0.00787247,0.0583130179,0.0556234660,10.60243875
220.60000000,-1.62171411,4.10223484,-1.07413415,0.86799532,-0.38651732,0.57904471,0.0535974047,0.0555258797,11.54850517
220.80000000,-1.47619064,4.19733655,-1.09690875,-0.13949268,0.88181981,-0.66408763,0.0548831138,0.0554537022,11.24901553
221.00000000,-1.64512672,4.23404221,-1.15567435,-0.85222795,-0.61414660,0.36686804,0.0581288681,0.0556288537,10.55988395
221.20000000,-1.61543994,4.11631764,-1.02139613,1.00483761,0.02911351,0.47696503,0.0526768434,0.0555857872,11.48186072
221.40000000,-1.51790787,4.26329443,-1.05416368,-0.50635110,0.85246763,-0.50490363,0.0558785358,0.0554080797,10.70953610
221.60000000,-1.70441278,4.27761656,-1.06140120,-0.68480884,-0.65991890,0.57754036,0.0581152916,0.0556909112,10.16912120
221.80000000,-1.64784190,4.18019495,-0.91357299,0.98026677,0.20558106,0.48457054,0.0520179872,0.0555184121,10.97386181
222.00000000,-1.56973025,4.34896271,-0.92113539,-0.55715469,0.91774059,-0.29208140,0.0560959056,0.0553800543,10.07517665
222.20000000,-1.75945175,4.38089640,-0.90479962,-0.75537545,-0.58381264,0.57144081,0.0589591964,0.0558191999,9.46957993
222.40000000,-1.73234621,4.26781929,-0.75092056,0.88909496,-0.03599375,0.66796736,0.0517738471,0.0556054990,10.21364902
222.60000000,-1.61862083,4.41432858,-0.69914235,-0.21335384,1.09148026,-0.03327830,0.0546064579,0.0553158878,9.60804140
222.80000000,-1.78615533,4.51740280,-0.67634990,-1.00489708,-0.24906054,0.40755697,0.0604807853,0.0559396088,8.71459687
223.00000000,-1.85375537,4.38628098,-0.54232424,0.48568897,-0.62046029,0.78554642,0.0539255972,0.0557505925,9.25643990
223.20000000,-1.69889259,4.41602000,-0.42277602,0.51790746,0.91575991,0.36207386,0.0509712475,0.0555728447,9.43868776
223.40000000,-1.75841970,4.59877833,-0.36574236,-0.95415525,0.47044628,0.32589211,0.0595843294,0.0556558152,8.37800408
223.60000000,-1.92928331,4.54405732,-0.27033140,-0.37410361,-0.85024901,0.61242010,0.0594035028,0.0560514929,8.31168945
223.80000000,-1.85282003,4.40762920,-0.14265529,0.92506480,-0.10998728,0.60834978,0.0502166627,0.0560822284,9.14914941
224.00000000,-1.73675048,4.52856302,-0.03155737,-0.11559643,0.97296552,0.52716434,0.0536392721,0.0555899892,8.76451951
224.20000000,-1.88009580,4.62803381,0.07295904,-0.96805946,-0.21071740,0.50634277,0.0616693293,0.0560040026,8.02239157
224.40000000,-1.97536368,4.47353979,0.16550337,0.24821444,-0.99819274,0.42417234,0.0562950211,0.0557180684,8.55072764
224.60000000,-1.81866484,4.38919192,0.25878113,0.88290197,0.36963984,0.56724503,0.0496150075,0.0562093028,9.32433312
224.80000000,-1.78598456,4.53372022,0.39381967,-0.62438311,0.59219118,0.70524225,0.0572263879,0.0557587582,8.64181370
225.00000000,-1.95436898,4.50491539,0.50167873,-0.62510461,-0.86370234,0.31807309,0.0604581694,0.0557302674,8.44235882
225.20000000,-1.92170965,4.31138780,0.53862496,0.91408351,-0.60323188,0.19612668,0.0524380768,0.0559024324,9.50353858
225.40000000,-1.75694210,4.35363187,0.63565044,0.21321665,0.76827167,0.77601007,0.0527045316,0.0559454448,9.65476733
225.60000000,-1.86786740,4.42637513,0.78120315,-0.94415420,-0.35601389,0.46873768,0.0599322998,0.0557768116,9.00038119
225.80000000,-1.94541407,4.24701947,0.79856885,0.46251519,-1.00031397,-0.15275136,0.0553503157,0.0554025978,9.78701876
226.00000000,-1.76288202,4.20169174,0.82533231,0.72375069,0.59648568,0.59854662,0.0518129346,0.0559617646,10.53983649
226.20000000,-1.80744173,4.30521618,0.97828540,-0.94655417,-0.06739060,0.58081860,0.0585449507,0.0556565285,9.77407639
226.40000000,-1.92508269,4.15542661,0.98527027,0.23736263,-1.01671614,-0.38443902,0.0560143115,0.0553334067,10.35328207
226.60000000,-1.75133272,4.10073037,0.96604579,0.80624534,0.59778793,0.48004673,0.0523056154,0.0557963095,11.21484140
226.80000000,-1.79290029,4.20743698,1.10947508,-0.99242071,-0.08109158,0.49632095,0.0581103986,0.0555649807,10.36299904
227.00000000,-1.90382828,4.06246541,1.07977603,0.36934991,-0.87131466,-0.58496628,0.0554029200,0.0553606253,10.98084502
227.20000000,-1.72906524,4.05807037,1.05138958,0.56841070,0.78889909,0.54066229,0.0530745585,0.0556123300,11.55677772
227.40000000,-1.82155270,4.15168753,1.17476137,-1.05467050,-0.29418086,0.19716994,0.0582217486,0.0556100579,10.61329229
227.60000000,-1.88860660,4.00627697,1.08948662,0.69259605,-0.55035492,-0.67464812,0.0542616986,0.0554132315,11.40477378
227.80000000,-1.72879396,4.07746231,1.08122524,0.10153326,0.92585172,0.60843388,0.0541202523,0.0554366301,11.40992921
228.00000000,-1.87904205,4.14023316,1.16213914,-0.96983969,-0.51164085,-0.18793520,0.0583237017,0.0556168910,10.52834057
228.20000000,-1.88741894,4.01112715,1.03444227,0.90704399,-0.16013455,-0.62393548,0.0531568761,0.0554652078,11.39311469
228.40000000,-1.76524469,4.14144181,1.04106201,-0.29761979,0.94210352,0.51137880,0.0550483380,0.0553747530,10.88024247
228.60000000,-1.94459852,4.18188461,1.07299826,-0.83984183,-0.58699750,-0.43328119,0.0585091194,0.0556789754,10.11886050
228.80000000,-1.92373013,4.06881464,0.92629919,0.92185570,0.01784392,-0.62248179,0.0524284335,0.0555181909,10.91750352
229.00000000,-1.82058391,4.22231131,0.91261763,-0.37621861,1.00259532,0.30144146,0.0551708063,0.0553270649,10.24428821
229.20000000,-2.00426149,4.27994729,0.91609890,-0.88746869,-0.49601997,-0.45162039,0.0593108006,0.0557904065,9.43815820
229.40000000,-2.01121156,4.15707584,0.76716263,0.79295552,-0.20739094,-0.75219706,0.0524854299,0.0556119387,10.13257768
229.60000000,-1.88168460,4.28052477,0.69700375,-0.03771845,1.11182558,0.00122284,0.0535830800,0.0553212150,9.76827486
229.80000000,-2.03351784,4.40596796,0.68345998,-1.05923404,-0.11805162,-0.31884536,0.0603355635,0.0558538940,8.74168460
230.00000000,-2.12934814,4.28186285,0.56017272,0.32585114,-0.71017893,-0.79185757,0.0551367261,0.0557609046,9.13923185
230.20000000,-1.97978963,4.28231086,0.43053821,0.64111175,0.80711804,-0.41845158,0.0503801892,0.0556103238,9.52116507
230.40000000,-2.01269877,4.47040487,0.37118609,-0.88880950,0.59952673,-0.29689438,0.0585722285,0.0555538249,8.48552855
230.60000000,-2.19295850,4.43921119,0.28299175,-0.51248698,-0.79497435,-0.58560348,0.0602741211,0.0560550580,8.23798095
230.80000000,-2.14189344,4.29048768,0.15595553,0.88103629,-0.26921520,-0.62358105,0.0510133243,0.0559002491,9.06818398
231.00000000,-2.00859943,4.38927453,0.04255650,0.04133631,0.97703437,-0.53032566,0.0523856898,0.0556403082,8.89120135
231.20000000,-2.13470451,4.50869326,-0.06264427,-0.98377955,-0.07031993,-0.51456786,0.0612512012,0.0559379153,8.05538341
231.40000000,-2.25014274,4.36972710,-0.15717046,0.10190931,-1.02159980,-0.42836087,0.0575550862,0.0557092973,8.42202290
231.60000000,-2.10637108,4.26136708,-0.24706300,0.95265160,0.21937309,-0.53091479,0.0496560082,0.0562139154,9.30983169
231.80000000,-2.04487200,4.39982157,-0.37802896,-0.49218292,0.69112748,-0.71946751,0.0559360044,0.0557614337,8.75477821
232.00000000,-2.20934030,4.39742291,-0.49512214,-0.71996839,-0.75960672,-0.37706036,0.0608790630,0.0557485711,8.38783087
232.20000000,-2.20349585,4.20153143,-0.53609188,0.81738151,-0.73821934,-0.15635370,0.0534260689,0.0556526673,9.36016243
232.40000000,-2.02649842,4.21831994,-0.61853995,0.40131431,0.74580085,-0.72128095,0.0517676795,0.0560451042,9.74834373
232.60000000,-2.11122180,4.31093013,-0.76987624,-0.93471775,-0.20348374,-0.56781045,0.0595594781,0.0557878539,9.02492590
232.80000000,-2.21099821,4.14493830,-0.80364385,0.29141339,-1.06436185,0.14041847,0.0563222056,0.0553316406,9.62296912
233.00000000,-2.03542983,4.07145159,-0.81318436,0.87791321,0.49293426,-0.47305099,0.0514529657,0.0559748281,10.57368269
233.20000000,-2.04437789,4.18647650,-0.96357248,-0.86535085,0.09440807,-0.69262942,0.0579170597,0.0556660075,9.84111025
233.40000000,-2.17916573,4.05495953,-0.99505307,0.03931472,-1.05986734,0.33556824,0.0568274517,0.0553221995,10.19296978
233.60000000,-2.01953817,3.97175966,-0.95694982,0.95223359,0.48104263,-0.31512154,0.0520624098,0.0557985538,11.24210554
233.80000000,-2.02306483,4.09030840,-1.09614213,-0.90902845,0.08664365,-0.63529029,0.0575752842,0.0555643592,10.43616023
234.00000000,-2.15523288,3.96035877,-1.09419989,0.15076623,-0.95196143,0.55539007,0.0561702796,0.0553391269,10.81535354
234.20000000,-1.98931527,3.92581184,-1.04043882,0.76257923,0.71696241,-0.37660612,0.0526360074,0.0556227373,11.63863772
234.40000000,-2.04629956,4.03855555,-1.16790602,-1.03816184,-0.13412572,-0.37630185,0.0579320656,0.0555027579,10.65970413
234.60000000,-2.14457623,3.89813425,-1.10658607,0.48811540,-0.69492016,0.71846001,0.0550061642,0.0553896087,11.24742473
234.80000000,-1.97929592,3.94150241,-1.06755049,0.33550608,0.93390575,-0.50257712,0.0534460234,0.0554714479,11.55537950
235.00000000,-2.10425671,4.02957571,-1.16424022,-1.04329318,-0.38580784,0.00105557,0.0583148223,0.0555932797,10.53285895
235.20000000,-2.14956797,3.89408448,-1.05076724,0.76348782,-0.34337316,0.73244389,0.0538059075,0.0554492032,11.27446227
235.40000000,-2.00975379,4.00255756,-1.02856569,-0.07740161,1.00464070,-0.47114320,0.0542411733,0.0553705303,11.05197655
235.60000000,-2.17494240,4.06954452,-1.08109316,-0.96013059,-0.49049502,0.27353412,0.0586908229,0.0556526476,10.10125742
235.80000000,-2.19029003,3.94529654,-0.94234612,0.81885990,-0.16781221,0.73386120,0.0530509704,0.0555132434,10.82891130
236.00000000,-2.06767935,4.07852244,-0.90468246,-0.18275989,1.06222929,-0.27476693,0.0542663692,0.0553134802,10.41635651
236.20000000,-2.23939959,4.16168740,-0.92467967,-0.99038016,-0.39004281,0.32285419,0.0594269699,0.0557439889,9.43717800
236.40000000,-2.27989908,4.03349331,-0.78552742,0.66573953,-0.36629573,0.81230061,0.0533766159,0.0556124325,10.03138349
236.60000000,-2.14029833,4.13059888,-0.69646700,0.13695978,1.10250052,0.05421145,0.0526659334,0.0553111075,9.91798234
236.80000000,-2.27250006,4.27609095,-0.68891678,-1.08748774,0.01957464,0.23277872,0.0599539131,0.0557513510,8.79645723
237.00000000,-2.39379107,4.16258984,-0.57837182,0.15926078,-0.77620429,0.78060102,0.0563356435,0.0557929374,9.02658007
237.20000000,-2.25459450,4.13467683,-0.44032222,0.74025267,0.67692003,0.48061894,0.0500626442,0.0556425695,9.57188985
237.40000000,-2.26053067,4.32360353,-0.37665658,-0.80384086,0.71783629,0.27520030,0.0574388603,0.0554405522,8.60978134
237.60000000,-2.44635565,4.31668308,-0.29550171,-0.63767493,-0.72335079,0.55436104,0.0609089372,0.0560385832,8.18641641
237.80000000,-2.42159472,4.15974233,-0.17011795,0.81213462,-0.41572902,0.63622747,0.0520220735,0.0558787760,8.96761689
238.00000000,-2.27527030,4.23405835,-0.05425199,0.19654874,0.95525497,0.53481796,0.0512928510,0.0556753545,9.00463790
238.20000000,-2.38146441,4.37055009,0.05148001,-0.98016619,0.07005502,0.52109212,0.0605885145,0.0558580796,8.11016996
238.40000000,-2.51430612,4.24959197,0.14807892,-0.04174918,-1.02226047,0.43635836,0.0587097170,0.0557866482,8.30668798
238.60000000,-2.38692396,4.12026334,0.23570956,0.99269085,0.06275019,0.49778626,0.0499929096,0.0561945818,9.26191343
238.80000000,-2.29859187,4.24838300,0.36150027,-0.34705944,0.77128806,0.72237297,0.0546198421,0.0557501740,8.87205107
239.00000000,-2.45517664,4.27193446,0.48648196,-0.79538048,-0.64268093,0.43759099,0.0610549914,0.0559160453,8.35755173
239.20000000,-2.47529095,4.07797297,0.53381488,0.70141323,-0.85266223,0.13467420,0.0545074007,0.0555685309,9.20732430
239.40000000,-2.29176153,4.06796948,0.60260410,0.57588188,0.69399648,0.65105401,0.0510491097,0.0561049826,9.81649624
239.60000000,-2.34766182,4.17724170,0.75579807,-0.89742257,-0.04704888,0.65540398,0.0589559779,0.0557901591,9.07346717
239.80000000,-2.46561586,4.02835239,0.80764752,0.12075997,-1.10107931,-0.10084921,0.0572518834,0.0553075975,9.46949885
240.00000000,-2.30288134,3.92788096,0.80394571,0.99517841,0.36227802,0.33984177,0.0513546712,0.0559645129,10.56591402
240.20000000,-2.27594297,4.04969881,0.94612345,-0.75195201,0.25501616,0.77887068,0.0571137691,0.0556704372,9.93015430
240.40000000,-2.42190596,3.94018684,1.00293680,-0.14857682,-1.07302689,-0.25225595,0.0575634880,0.0553157237,10.05020558
240.60000000,-2.28244309,3.82997056,0.95180965,1.05113835,0.33409657,0.14340767,0.0520609072,0.0557797441,11.22243853
240.80000000,-2.24800944,3.95529984,1.07960057,-0.78671677,0.25676507,0.74310607,0.0568755461,0.0555595943,10.53505517
241.00000000,-2.39466884,3.84499794,1.10722643,-0.06267493,-1.00151102,-0.47967868,0.0568865131,0.0553208283,10.66380505
241.20000000,-2.24527362,3.78007729,1.03371969,0.91382118,0.60516396,0.18901897,0.0524093858,0.0556196475,11.67583508
241.40000000,-2.26447021,3.90789237,1.15688089,-0.97503076,0.03918996,0.53364479,0.0574586797,0.0554873504,10.73943380
241.60000000,-2.38833235,3.77800208,1.12413446,0.26832780,-0.81434394,-0.70839612,0.0557722423,0.0553659088,11.08905749
241.80000000,-2.22642918,3.79058275,1.05703072,0.54862878,0.90061885,0.35333613,0.0529129374,0.0554765216,11.67237210
242.00000000,-2.32082910,3.90205766,1.16190419,-1.07096525,-0.23821293,0.18226922,0.0581043878,0.0555582990,10.57385990
242.20000000,-2.40017918,3.76563157,1.06932855,0.58505578,-0.51308995,-0.79458586,0.0545685557,0.0554302173,11.13767860
242.40000000,-2.25056354,3.84760301,1.01779647,0.14310680,1.03349849,0.38509291,0.0535085706,0.0553668120,11.21296801
242.60000000,-2.39530494,3.94066006,1.08541611,-1.04276699,-0.37149040,-0.10729887,0.0586558729,0.0556124434,10.11795956
242.80000000,-2.44578474,3.81013442,0.96094873,0.67880758,-0.34444756,-0.81083024,0.0538349571,0.0555032589,10.71779189
243.00000000,-2.31016505,3.91856433,0.89819501,0.01481893,1.09160894,0.21218862,0.0534320085,0.0552947172,10.58144045
243.20000000,-2.46454857,4.02632886,0.93041798,-1.06236963,-0.26754116,-0.19140871,0.0593117061,0.0556814544,9.46743818
243.40000000,-2.53696239,3.89735443,0.80535770,0.51460734,-0.50829684,-0.84477906,0.0543803619,0.0555743983,9.91937588
243.60000000,-2.39332882,3.96563373,0.69804500,0.30345902,1.06191649,-0.13066891,0.0519030272,0.0553857350,10.04858007
243.80000000,-2.50262102,4.12823027,0.69285317,-1.08964813,0.16148971,-0.15300382,0.0593638508,0.0555974929,8.87765159
244.00000000,-2.64612421,4.02857243,0.59650657,-0.00878658,-0.81883469,-0.75249662,0.0574547086,0.0558147882,8.92477002
244.20000000,-2.52177771,3.97397679,0.45218636,0.81178953,0.52970532,-0.54518177,0.0500333141,0.0556674122,9.58908530
244.40000000,-2.50122743,4.15916515,0.38234228,-0.70097170,0.82264411,-0.26211273,0.0562359595,0.0553684219,8.74645138
244.60000000,-2.68880374,4.17678921,0.30779032,-0.74837053,-0.63776000,-0.51962382,0.0612909795,0.0561093143,8.15810196
244.80000000,-2.69055705,4.01557227,0.18506912,0.72246564,-0.54626100,-0.64532513,0.0531811670,0.0558492954,8.85479899
245.00000000,-2.53563315,4.06390244,0.06665918,0.34533898,0.90811584,-0.54116908,0.0504101415,0.0557074862,9.09861484
245.20000000,-2.61972904,4.21421338,-0.03952142,-0.95768506,0.20806238,-0.52568352,0.0597139890,0.0557057417,8.18464413
245.40000000,-2.76705149,4.11326470,-0.13812649,-0.17993220,-1.00228627,-0.44703256,0.0597135064,0.0558012054,8.20814709
245.60000000,-2.65878007,3.96637030,-0.22459452,1.00363198,-0.09442173,-0.46967543,0.0505942204,0.0561521082,9.18453084
245.80000000,-2.54632855,4.08028036,-0.34452749,-0.19265322,0.83013409,-0.71452360,0.0533448544,0.0557878548,8.98737920
246.00000000,-2.69133929,4.12878171,-0.47576802,-0.85105971,-0.51535007,-0.49688015,0.0609789472,0.0559108535,8.35112713
246.20000000,-2.73592573,3.94077705,-0.53131263,0.57221209,-0.94459438,-0.13072506,0.0556281231,0.0554415347,9.05304869
246.40000000,-2.55139583,3.90357707,-0.58814614,0.73077796,0.61418724,-0.57052973,0.0505867473,0.0561441961,9.85307907
246.60000000,-2.57678075,4.02572494,-0.73932542,-0.83388426,0.10995213,-0.72753456,0.0581484734,0.0556859530,9.14296052
246.80000000,-2.70853853,3.89727310,-0.80993796,-0.04339598,-1.11059846,0.03796011,0.0580948768,0.0553786577,9.33250811
247.00000000,-2.56349834,3.77193061,-0.79765679,1.07196149,0.20981523,-0.20885128,0.0515134015,0.0559296868,10.51552600
247.20000000,-2.50180997,3.89532657,-0.92663849,-0.61046912,0.40924739,-0.83460943,0.0561805352,0.0556145253,10.03561268
247.40000000,-2.65280520,3.81107993,-1.00813992,-0.31945234,-1.05583593,0.14099610,0.0581808501,0.0554201816,9.93062814
247.60000000,-2.53811744,3.67641997,-0.95061135,1.09985208,0.16302341,0.02127405,0.0522926860,0.0557392983,11.15585875
247.80000000,-2.46756858,3.80274951,-1.06069900,-0.63064161,0.42305950,-0.81240069,0.0560534461,0.0555027495,10.65348100
248.00000000,-2.62158452,3.71635650,-1.11778674,-0.26106212,-1.01771829,0.36436945,0.0575057014,0.0553848765,10.53412591
248.20000000,-2.49502765,3.62215081,-1.03162288,1.01407851,0.45634673,0.00630001,0.0524106129,0.0556014629,11.66314523
248.40000000,-2.47611421,3.75982829,-1.14232963,-0.86853854,0.22077342,-0.65842429,0.0568287394,0.0554679341,10.84837662
248.60000000,-2.61892331,3.64600754,-1.14082629,0.04632271,-0.90360307,0.64649982,0.0565024676,0.0553793050,10.94100276
248.80000000,-2.46867414,3.62602596,-1.05059672,0.72801317,0.82280553,-0.17195548,0.0525648515,0.0554748110,11.74947482
249.00000000,-2.52884439,3.75771054,-1.15533725,-1.05290581,-0.07148501,-0.35048258,0.0577065823,0.0554497507,10.65017442
249.20000000,-2.63785175,3.62612980,-1.08893686,0.38393569,-0.66241864,0.80643572,0.0553806663,0.0554030693,10.99504353
249.40000000,-2.48658848,3.67775394,-1.00981018,0.35194057,1.02281603,-0.25788786,0.0529009505,0.0553627726,11.35097165
249.60000000,-2.60560714,3.79533588,-1.08591798,-1.08616080,-0.23155290,-0.05606595,0.0584127686,0.0555594873,10.16930612
249.80000000,-2.68871659,3.66376163,-0.98118922,0.51089378,-0.50576339,0.84834266,0.0547159996,0.0554619903,10.59493839
250.00000000,-2.54704182,3.74357447,-0.89398056,0.20728483,1.08626337,-0.11637613,0.0527162801,0.0553457967,10.72907413
250.20000000,-2.67943295,3.87415182,-0.93334037,-1.10245573,-0.13040075,0.06368364,0.0589809419,0.0556049692,9.52875950
250.40000000,-2.78116206,3.74893672,-0.82594522,0.34709666,-0.62998164,0.84800305,0.0554239700,0.0555917736,9.80565652
250.60000000,-2.63954073,3.78679615,-0.70216678,0.45456925,0.98971703,0.22423114,0.0513370147,0.0554050237,10.15240807
250.80000000,-2.72341577,3.96293712,-0.69548087,-1.06603294,0.30515443,0.08306759,0.0586004833,0.0554951680,8.98323732
251.00000000,-2.88551800,3.88000678,-0.61419731,-0.17377912,-0.83883606,0.70894082,0.0584369376,0.0559082849,8.83879065
251.20000000,-2.77981131,3.80103131,-0.46610561,0.85370871,0.37064180,0.60847604,0.0502899695,0.0556834641,9.57365742
251.40000000,-2.73409284,3.97798138,-0.38845180,-0.58240963,0.91119948,0.25873893,0.0550164457,0.0553220970,8.89045168
251.60000000,-2.91967008,4.01995463,-0.31980705,-0.84362599,-0.54037729,0.48240658,0.0614153557,0.0560428682,8.15344621
251.80000000,-2.94754721,3.85818321,-0.20072048,0.61636960,-0.65873347,0.65006499,0.0544254880,0.0557582039,8.73689293
252.00000000,-2.78850741,3.87981916,-0.07980759,0.48312086,0.83712990,0.54975344,0.0497750237,0.0558579073,9.16803203
252.20000000,-2.84886213,4.04038703,0.02683143,-0.91693701,0.34136258,0.52831364,0.0586679924,0.0556353031,8.27615087
252.40000000,-3.00764498,3.96099162,0.12724478,-0.31050021,-0.96389269,0.45925525,0.0605303956,0.0559422826,8.12870729
252.60000000,-2.92047798,3.80012844,0.21355092,0.98741422,-0.24686993,0.44774963,0.0514172962,0.0559059184,9.08340436
252.80000000,-2.78721657,3.89648229,0.32737391,-0.03303010,0.86562383,0.69714416,0.0521751923,0.0558224265,9.09421751
253.00000000,-2.91730208,3.96839250,0.46306139,-0.88703107,-0.38000567,0.55242490,0.0606545244,0.0558912939,8.36753255
253.20000000,-2.98438855,3.79004874,0.52813391,0.43525769,-1.01314675,0.14311665,0.0567370887,0.0554000941,8.90422685
253.40000000,-2.80399480,3.72615516,0.57532119,0.86098908,0.50930562,0.48548575,0.0503985596,0.0561593677,9.85428597
253.60000000,-2.79814150,3.85690704,0.72090164,-0.74618973,0.26373593,0.78104227,0.0571761983,0.0557025544,9.22941847
253.80000000,-2.93917294,3.75176575,0.80998991,-0.19637309,-1.09358264,0.04349324,0.0588109092,0.0553951878,9.21625885
254.00000000,-2.81555487,3.60450040,0.79411316,1.10751421,0.04230544,0.08938715,0.0519066314,0.0558708379,10.42531821
254.20000000,-2.72156436,3.72396167,0.90591608,-0.44593403,0.55110236,0.85661097,0.0551749692,0.0556433291,10.15044922
254.40000000,-2.87151163,3.66763176,1.01005831,-0.46825895,-1.00845923,-0.00933401,0.0586429627,0.0554414753,9.83807676
254.60000000,-2.78466773,3.51210592,0.95300720,1.09915828,-0.02418619,-0.16611913,0.0527320851,0.0556781981,11.04695261
254.80000000,-2.68146008,3.63317800,1.04044347,-0.44734378,0.57792117,0.83797306,0.0551636980,0.0555213391,10.78331329
255.00000000,-2.83564592,3.57438286,1.12499525,-0.43665661,-0.99904147,-0.21803934,0.0579876380,0.0553941034,10.43214209
255.20000000,-2.73659376,3.45333036,1.03413703,1.05956528,0.27654420,-0.19266169,0.0526355030,0.0555677342,11.60054480
255.40000000,-2.68120048,3.59463565,1.12514631,-0.72362256,0.40374409,0.74135626,0.0560813779,0.0554445499,10.98033989
255.60000000,-2.83570595,3.50220891,1.15544219,-0.16641594,-0.95852279,-0.53830428,0.0571445131,0.0553815081,10.81266756
255.80000000,-2.70430628,3.44930076,1.04886252,0.86309142,0.70040635,-0.02667763,0.0524318169,0.0554650098,11.77865348
256.00000000,-2.72837937,3.59664019,1.14502309,-0.99073342,0.11024427,0.49241984,0.0571465383,0.0554156055,10.75889804
256.20000000,-2.86150335,3.47585805,1.10835140,0.17232419,-0.78530137,-0.76796817,0.0561766514,0.0554060826,10.85807982
256.40000000,-2.71653314,3.49438437,1.00550375,0.53728123,0.96843048,0.09807250,0.0524640919,0.0554414682,11.45467464
256.60000000,-2.80580413,3.63372947,1.08277525,-1.08990599,-0.07307369,0.20711107,0.0579812637,0.0554954388,10.25430964
256.80000000,-2.91784954,3.50655476,1.00206769,0.32494155,-0.64626485,-0.84431857,0.0556236121,0.0554702592,10.47102409
257.00000000,-2.77716073,3.55484612,0.89276256,0.38513717,1.04293802,-0.00729189,0.0521647226,0.0553549473,10.84929187
257.20000000,-2.88380734,3.70550863,0.93362326,-1.11032533,0.01904814,0.05391967,0.0584603107,0.0555172310,9.61997330
257.40000000,-3.01146338,3.58852503,0.84657395,0.17051956,-0.72881732,-0.82209161,0.0564362580,0.0556028274,9.69844492
257.60000000,-2.87761141,3.59530953,0.70914443,0.58366035,0.88702259,-0.32955796,0.0510021922,0.0554226195,10.22363957
257.80000000,-2.93443423,3.78085856,0.69708565,-1.01732248,0.44769466,-0.02634057,0.0577039602,0.0553740556,9.11033703
258.00000000,-3.11125564,3.71717534,0.63111123,-0.33199536,-0.83721938,-0.65185012,0.0592380787,0.0559132640,8.77240474
258.20000000,-3.02720673,3.61661616,0.48197156,0.86561812,0.20512002,-0.66685226,0.0508130107,0.0556901926,9.52898187
258.40000000,-2.95841819,3.78104187,0.39520887,-0.45091883,0.98082926,-0.26589685,0.0538326636,0.0552890461,9.03601714
258.60000000,-3.13835882,3.84670356,0.33152213,-0.92273353,-0.43319241,-0.44380075,0.0612880345,0.0558719875,8.17228658
258.80000000,-3.19146439,3.68782989,0.21697146,0.49808691,-0.75211247,-0.64983506,0.0556908607,0.0557518392,8.62036319
259.00000000,-3.03267439,3.68282452,0.09373692,0.60573482,0.74480642,-0.56070808,0.0494111912,0.0559004626,9.20942539
259.20000000,-3.06823982,3.84986698,-0.01347431,-0.85870525,0.46759885,-0.52916657,0.0574968295,0.0555302839,8.38146828
259.40000000,-3.23540996,3.79313011,-0.11539858,-0.43187213,-0.90927210,-0.47196297,0.0611340106,0.0559468763,8.06975355
259.60000000,-3.17066273,3.62194614,-0.20238987,0.94695338,-0.39017962,-0.43252077,0.0524124305,0.0558427354,8.96524227
259.80000000,-3.02034031,3.69803623,-0.31025591,0.12743251,0.87644570,-0.67203666,0.0511678941,0.0559255956,9.18616076
260.00000000,-3.13254958,3.79128886,-0.44850422,-0.90354023,-0.23906737,-0.60206899,0.0600958531,0.0557442631,8.40516730
260.20000000,-3.21980718,3.62594944,-0.52388061,0.29524494,-1.05832265,-0.16972118,0.0577871035,0.0554210124,8.76639248
260.40000000,-3.04811787,3.53669845,-0.56413148,0.96301029,0.38372265,-0.40172529,0.0504830234,0.0561484947,9.81912206
260.60000000,-3.01127221,3.67143906,-0.70103118,-0.63689051,0.41009968,-0.81375391,0.0560895149,0.0557166656,9.32789109
260.80000000,-3.15702895,3.59195392,-0.80741037,-0.33475918,-1.05109958,-0.13830024,0.0593649452,0.0554132230,9.12354948
261.00000000,-3.05740300,3.42640927,-0.79289538,1.10375293,-0.13268779,0.01075840,0.0524990475,0.0557899324,10.30135492
261.20000000,-2.93469257,3.53638630,-0.88480440,-0.26423279,0.67405138,-0.84369055,0.0541633237,0.0556692064,10.26631709
261.40000000,-3.07777736,3.50986265,-1.00828535,-0.59157713,-0.93160065,-0.13462815,0.0589198088,0.0554611262,9.77479962
261.60000000,-3.02032446,3.33792401,-0.95835794,1.05331854,-0.21842163,0.28065467,0.0533411140,0.0554609649,10.90402039
261.80000000,-2.88926374,3.44732743,-1.01993569,-0.24463721,0.71268383,-0.81741544,0.0542704063,0.0555374414,10.91461654
262.00000000,-3.03668235,3.41900628,-1.12819296,-0.58386791,-0.94469845,0.05061689,0.0582992941,0.0554021852,10.36171663
262.20000000,-2.96802544,3.27485394,-1.04084787,1.05106613,0.07450558,0.35441389,0.0530613940,0.0555191397,11.49322637
262.40000000,-2.87958601,3.41278335,-1.10643133,-0.54685404,0.57927899,-0.77540971,0.0552666576,0.0554073215,11.12687084
262.60000000,-3.03829764,3.34659795,-1.16692593,-0.36050912,-0.97579162,0.39207265,0.0576538711,0.0553816863,10.71130596
262.80000000,-2.93147352,3.26194816,-1.05205054,0.94688760,0.53701893,0.22549716,0.0525260286,0.0554463913,11.75675673
263.00000000,-2.91947106,3.41906981,-1.13170896,-0.88758258,0.30095752,-0.59785521,0.0564591420,0.0553775789,10.89515504
263.20000000,-3.07035369,3.31501325,-1.12636927,-0.03857062,-0.87654060,0.68262961,0.0568958291,0.0554057171,10.73674701
263.40000000,-2.93891893,3.29902603,-1.00552494,0.68859627,0.86880955,0.08233023,0.0522346243,0.0554506036,11.51534145
263.60000000,-2.99586266,3.45607293,-1.07638870,-1.05469486,0.10037840,-0.33659678,0.0573903726,0.0553878916,10.37053182
263.80000000,-3.13220850,3.33883846,-1.02257122,0.13051280,-0.76128446,0.79947249,0.0564889001,0.0554737777,10.35572962
264.00000000,-2.99923555,3.35379926,-0.89510026,0.53937229,0.96023295,0.15086063,0.0518165796,0.0553624062,10.93387034
264.20000000,-3.07744689,3.52083388,-0.93158965,-1.08629320,0.17779699,-0.15515116,0.0577828729,0.0553967383,9.73883118
264.40000000,-3.22702274,3.41641994,-0.86655783,-0.00845947,-0.80297384,0.76868182,0.0573534306,0.0556692629,9.60470911
264.60000000,-3.10615758,3.39242229,-0.71914619,0.68527123,0.75651362,0.44021794,0.0509209480,0.0554371186,10.25904967
264.80000000,-3.13523915,3.58274321,-0.69802084,-0.94463044,0.58580529,-0.01409361,0.0567176666,0.0552921543,9.25513027
265.00000000,-3.32271726,3.54044323,-0.64697011,-0.48043749,-0.81508491,0.58352876,0.0598273273,0.0558971205,8.72829790
265.20000000,-3.26255040,3.42146378,-0.49959863,0.84864273,0.03835951,0.71695108,0.0515667212,0.0556878702,9.46037031
265.40000000,-3.17347695,3.56942899,-0.40284518,-0.30984692,1.02908364,0.28400787,0.0527347021,0.0553165647,9.17691798
265.60000000,-3.34431164,3.65765073,-0.34292718,-0.98514635,-0.31805519,0.40497276,0.0609244680,0.0557823313,8.21396832
265.80000000,-3.42133361,3.50483271,-0.23371318,0.37152821,-0.82619522,0.64423687,0.0569175654,0.0557787184,8.51069188
266.00000000,-3.26689570,3.47392022,-0.10849111,0.70974383,0.63450410,0.57387880,0.0493276712,0.0559275792,9.22131956
266.20000000,-3.27725176,3.64353851,-0.00049083,-0.78401674,0.58440300,0.52863511,0.0562508099,0.0554868212,8.49680624
266.40000000,-3.44971940,3.61014191,0.10258351,-0.54289431,-0.84052130,0.48420192,0.0615076766,0.0559351178,8.03193107
266.60000000,-3.40810097,3.43222063,0.19091826,0.88575008,-0.52096393,0.42391290,0.0535265132,0.0556635695,8.83698636
266.80000000,-3.24473705,3.48604964,0.29333047,0.28422885,0.86222160,0.64143678,0.0503691039,0.0559826309,9.25746737
267.00000000,-3.33657738,3.59808657,0.43228799,-0.90100214,-0.09503503,0.64405924,0.0593271527,0.0557241475,8.46187290
267.20000000,-3.44142798,3.44870798,0.51822293,0.15600379,-1.08077166,0.20794431,0.0587358237,0.0554221734,8.64371010
267.40000000,-3.28233160,3.33615565,0.55443609,1.03504956,0.24287329,0.32453714,0.0508219107,0.0561110924,9.74946052
267.60000000,-3.21566305,3.47010548,0.68025052,-0.50901013,0.54453931,0.82463105,0.0549473864,0.0556980494,9.43251007
267.80000000,-3.36169159,3.41802336,0.80194495,-0.45623084,-0.98455407,0.24110509,0.0597284671,0.0555852271,9.05593053
268.00000000,-3.28752740,3.23837909,0.79341777,1.06474065,-0.30751031,-0.08591731,0.0532477037,0.0555330727,10.15195276
268.20000000,-3.14057461,3.33357544,0.86414513,-0.07198085,0.77151820,0.79698260,0.0532151561,0.0557148941,10.37392339
268.40000000,-3.27142166,3.33782993,1.00262046,-0.68736605,-0.82658145,0.28263666,0.0589897471,0.0554782719,9.74165710
268.60000000,-3.24351086,3.15464007,0.96580291,0.96918890,-0.41032452,-0.35761308,0.0540744269,0.0553858225,10.73768043
268.80000000,-3.09040609,3.24618934,1.00029619,-0.03139530,0.81828009,0.75165910,0.0534418962,0.0555763995,11.03608719
269.00000000,-3.22463509,3.25014894,1.12697493,-0.69904701,-0.85480713,0.12720868,0.0584164328,0.0554085294,10.32494360
269.20000000,-3.18751607,3.08783574,1.05098333,0.99349691,-0.13918678,-0.47866234,0.0536507520,0.0553505226,11.35062668
269.40000000,-3.07098880,3.21499096,1.08742681,-0.34635966,0.73689438,0.75665148,0.0544434092,0.0554081776,11.27728643
269.60000000,-3.22652030,3.17910663,1.17444367,-0.52882394,-0.95303785,-0.21805172,0.0579955689,0.0554774403,10.64206160
269.80000000,-3.14829534,3.06549559,1.05995809,0.97681704,0.33984095,-0.40718290,0.0528396627,0.0554188121,11.68616123
270.00000000,-3.10208844,3.22539303,1.11637683,-0.74809740,0.49251542,0.65818965,0.0556878527,0.0553215241,11.05184417
270.20000000,-3.26388863,3.14371303,1.14190233,-0.23915642,-0.93181200,-0.55673172,0.0574868802,0.0554783175,10.63907050
270.40000000,-3.15213626,3.09330563,1.01019829,0.79780554,0.72570428,-0.26881055,0.0522350705,0.0554499548,11.52830148
270.60000000,-3.17574139,3.26270453,1.06737465,-0.98229072,0.28372361,0.43587290,0.0566764364,0.0553316559,10.51387457
270.80000000,-3.33106072,3.16088975,1.04173577,-0.06373090,-0.84692830,-0.71695152,0.0572507784,0.0555363294,10.25725010
271.00000000,-3.21187248,3.14193721,0.90133405,0.66234392,0.83908117,-0.30429815,0.0517004954,0.0553670620,10.97753462
271.20000000,-3.26013897,3.32066040,0.92770232,-1.03131452,0.34193750,0.23411516,0.0569870141,0.0553187875,9.88185475
271.40000000,-3.42716735,3.23294198,0.88527148,-0.18406071,-0.85114565,-0.69065703,0.0581230786,0.0556782809,9.53004835
271.60000000,-3.32377234,3.17937606,0.73217956,0.75560417,0.60231949,-0.54918068,0.0511002879,0.0554475848,10.25845040
271.80000000,-3.32540265,3.36944877,0.69869844,-0.84959999,0.71570264,0.03559018,0.0556867230,0.0552249602,9.41277731
272.00000000,-3.51936690,3.35025216,0.66155524,-0.61672565,-0.77353220,-0.50656734,0.0601870534,0.0558596657,8.70824832
272.20000000,-3.48453356,3.21627132,0.51873546,0.80515806,-0.12490608,-0.75592836,0.0525022017,0.0555871503,9.37435542
272.40000000,-3.37851977,3.34430937,0.41159112,-0.16308559,1.05391800,-0.31298969,0.0517687530,0.0553204274,9.30680203
272.60000000,-3.53700973,3.45349397,0.35403614,-1.03042947,-0.19673583,-0.36716344,0.0603481268,0.0556796557,8.27738028
272.80000000,-3.63629603,3.30958824,0.25083202,0.24014627,-0.88138097,-0.63308281,0.0580529127,0.0557931686,8.41228462
273.00000000,-3.48993606,3.25408040,0.12411127,0.79266176,0.51018226,-0.58880716,0.0495189447,0.0559379451,9.20433158
273.20000000,-3.47530091,3.42237285,0.01501607,-0.69420760,0.68943285,-0.52730063,0.0549821319,0.0554477578,8.61784521
273.40000000,-3.64999154,3.41258567,-0.08882245,-0.64272319,-0.75961015,-0.49516119,0.0616441710,0.0559068446,8.01529593
273.60000000,-3.63168699,3.23135949,-0.17895351,0.80752582,-0.63688823,-0.42137620,0.0547060601,0.0556214631,8.70520550
273.80000000,-3.45940424,3.26166761,-0.27668768,0.43296482,0.82363508,-0.60781900,0.0498113484,0.0560259191,9.30359904
274.00000000,-3.52889348,3.38949553,-0.41464049,-0.87998103,0.04947806,-0.67709509,0.0583818582,0.0556981845,8.53493126
274.20000000,-3.64859578,3.25862736,-0.51090747,0.02052850,-1.08159355,-0.25495710,0.0595465573,0.0555544049,8.53909409
274.40000000,-3.50525036,3.12541066,-0.54597317,1.07701688,0.09274770,-0.25825597,0.0513843973,0.0558495439,9.64967136
274.60000000,-3.41076392,3.25382945,-0.65909633,-0.36604846,0.66246751,-0.81387974,0.0538136880,0.0557439907,9.53664307
274.80000000,-3.55279862,3.23022663,-0.79347688,-0.55933901,-0.89566926,-0.34664885,0.0598808433,0.0556073061,9.01390584
275.00000000,-3.50458256,3.04103264,-0.79498773,0.99596153,-0.47504147,0.13280769,0.0541062320,0.0554401282,9.98648129
275.20000000,-3.33848177,3.11669504,-0.84471306,0.12369442,0.83753255,-0.72004639,0.0523965894,0.0557669214,10.46367924
275.40000000,-3.45230169,3.15164236,-0.99306802,-0.75468318,-0.69545955,-0.42662195,0.0588413459,0.0554923882,9.73827096
275.60000000,-3.45288499,2.96288008,-0.97434561,0.85510230,-0.59105219,0.39327240,0.0548834664,0.0552419709,10.55933905
275.80000000,-3.28415377,3.03101271,-0.98257614,0.18281844,0.88620503,-0.64529331,0.0527436469,0.0556165724,11.13592372
276.00000000,-3.39951305,3.06774572,-1.12120416,-0.78018491,-0.73059300,-0.30449054,0.0583253063,0.0554127094,10.32230681
276.20000000,-3.39348049,2.89322039,-1.06349575,0.89486098,-0.35317009,0.55645999,0.0543558817,0.0552997356,11.18480019
276.40000000,-3.25496673,3.00227248,-1.06943054,-0.13163900,0.86515286,-0.68506059,0.0536753482,0.0554059322,11.41908473
276.60000000,-3.40034436,2.99962056,-1.17742636,-0.66635698,-0.88898993,0.02780643,0.0581453850,0.0554752002,10.60812530
276.80000000,-3.35296879,2.86137234,-1.07197265,0.95477939,0.11903313,0.55616151,0.0533451675,0.0553827061,11.57434367
277.00000000,-3.27610697,3.01623211,-1.10019577,-0.57844456,0.67468231,-0.66728293,0.0548834077,0.0553064701,11.21949150
277.20000000,-3.44181347,2.96200131,-1.15403926,-0.42173422,-0.94770076,0.39880881,0.0579104226,0.0554797469,10.57108450
277.40000000,-3.35451839,2.87886762,-1.01948074,0.86020233,0.54433337,0.44584649,0.0524693889,0.0554384209,11.49383282
277.60000000,-3.34537315,3.05410883,-1.05654609,-0.87555892,0.47012465,-0.49737704,0.0558814971,0.0552646138,10.67833941
277.80000000,-3.51388579,2.97294169,-1.05869805,-0.25039649,-0.90000832,0.60189706,0.0578600744,0.0555409788,10.18212084
278.00000000,-3.41361665,2.92079345,-0.91154690,0.74854936,0.68294094,0.45633870,0.0518298126,0.0553681280,10.97881368
278.20000000,-3.43167510,3.10564047,-0.92255203,-0.94704706,0.50648789,-0.28554712,0.0561147072,0.0552407284,10.04416368
278.40000000,-3.61137214,3.03843246,-0.90217401,-0.35147014,-0.87241069,0.59188416,0.0587063218,0.0556713023,9.47874259
278.60000000,-3.52906894,2.95737729,-0.74808703,0.79281841,0.42973008,0.64940081,0.0515293680,0.0554535727,10.22467612
278.80000000,-3.50450088,3.14195005,-0.69957678,-0.73450796,0.83314665,-0.03613675,0.0546567991,0.0551753827,9.57740872
279.00000000,-3.70074263,3.14711332,-0.67471058,-0.73897852,-0.71362832,0.42377130,0.0603118773,0.0558016384,8.71327870
279.20000000,-3.69197376,3.00171256,-0.53907985,0.73842840,-0.28062659,0.78160404,0.0535615750,0.0555969397,9.27795479
279.40000000,-3.57277113,3.10692184,-0.42166436,-0.01494958,1.05388846,0.35216783,0.0509754599,0.0554153361,9.41965138
279.60000000,-3.71597646,3.23500843,-0.36488646,-1.05823839,-0.07099226,0.33168366,0.0595889981,0.0555670736,8.36095545
279.80000000,-3.83559844,3.10257401,-0.26821301,0.10689104,-0.91845913,0.61638237,0.0590528978,0.0558964314,8.32850906
280.00000000,-3.70058857,3.02424474,-0.14062873,0.85307449,0.37609143,0.60476068,0.0499660415,0.0559313570,9.16100512
280.20000000,-3.66180204,3.18742262,-0.03006981,-0.59098024,0.78044167,0.52589415,0.0537426544,0.0554395879,8.73983567
280.40000000,-3.83568804,3.20110955,0.07416105,-0.73072840,-0.66837861,0.50419724,0.0615452583,0.0558626032,8.01942762
280.60000000,-3.84044172,3.01980004,0.16633482,0.71593171,-0.73658370,0.42401936,0.0558995934,0.0555689624,8.57569183
280.80000000,-3.66331170,3.02604931,0.26034928,0.56962531,0.76244818,0.57367326,0.0495122249,0.0560528608,9.32167624
281.00000000,-3.70902020,3.16632030,0.39581189,-0.84119831,0.19173858,0.70036982,0.0573012780,0.0556064840,8.62106153
281.20000000,-3.84073623,3.05608827,0.50175971,-0.10892534,-1.06218520,0.30788107,0.0601890220,0.0555750901,8.45438751
281.40000000,-3.71557186,2.90527497,0.53839093,1.09031200,-0.06064687,0.20598440,0.0521314197,0.0557705393,9.52592790
281.60000000,-3.59598323,3.02367101,0.63807262,-0.21196179,0.75952254,0.78299227,0.0527525259,0.0557865447,9.63319503
281.80000000,-3.73002421,3.02888890,0.78202020,-0.64329406,-0.78650086,0.44995795,0.0598106060,0.0556220591,8.99708996
282.00000000,-3.70741068,2.83490327,0.79686698,0.90355414,-0.62913741,-0.15047339,0.0550277500,0.0552664537,9.81425811
282.20000000,-3.52758107,2.88708259,0.82715687,0.31548473,0.86746539,0.61872959,0.0517632611,0.0558068336,10.52661310
282.40000000,-3.62029106,2.95147931,0.97982792,-0.79341735,-0.54116352,0.55899242,0.0584749775,0.0555032840,9.76310016
282.60000000,-3.64735361,2.76313490,0.98294173,0.71977276,-0.75282491,-0.38731499,0.0557194222,0.0551926642,10.37988410
282.80000000,-3.46961823,2.80328538,0.96766583,0.38830483,0.90966458,0.50649917,0.0522304923,0.0556443245,11.20310721
283.00000000,-3.56135721,2.87177237,1.11101344,-0.82658423,-0.57463631,0.47047420,0.0580242269,0.0554144558,10.35275323
283.20000000,-3.58460464,2.69175876,1.07716617,0.76489448,-0.55628612,-0.58331928,0.0551238437,0.0552152459,11.00863596
283.40000000,-3.43090479,2.77595836,1.05369105,0.08680009,0.95281378,0.56512374,0.0530252328,0.0554600249,11.53888718
283.60000000,-3.55983823,2.80800108,1.17559725,-0.76996108,-0.78372121,0.16635648,0.0580908071,0.0554630939,10.61088555
283.80000000,-3.54386403,2.65083910,1.08713297,0.88651932,-0.11331549,-0.66027124,0.0539982488,0.0553390856,11.43252993
284.00000000,-3.44128590,2.79249304,1.08445218,-0.38629221,0.83553640,0.62237013,0.0541019314,0.0552904938,11.38638598
284.20000000,-3.60400353,2.76985837,1.16209309,-0.58049940,-0.92180213,-0.21902427,0.0581401865,0.0554700099,10.53694013
284.40000000,-3.54442753,2.65729376,1.03295573,0.87487977,0.33303821,-0.59860121,0.0529203213,0.0553164701,11.41714449
284.60000000,-3.50464806,2.83096222,1.04488052,-0.73854065,0.65091304,0.51526689,0.0550520573,0.0552316646,10.85584990
284.80000000,-3.68034039,2.77518716,1.07273678,-0.42348984,-0.91800912,-0.46101398,0.0582816177,0.0555322641,10.13525092
285.00000000,-3.60301093,2.69187519,0.92554850,0.79515686,0.49764374,-0.59555124,0.0521986607,0.0553651548,10.94029179
285.20000000,-3.59184215,2.87657069,0.91683878,-0.83595110,0.66531430,0.30517633,0.0552102396,0.0551878621,10.21934314
285.40000000,-3.77923692,2.83325232,0.91682691,-0.50680580,-0.86614787,-0.47698894,0.0590784437,0.0556475145,9.45388421
285.60000000,-3.72072573,2.72757531,0.76655526,0.79706360,0.24479185,-0.73439877,0.0521789701,0.0554550704,10.16312881
285.80000000,-3.67210703,2.90134590,0.70114387,-0.60235305,0.93355433,0.01457789,0.0536731673,0.0551729552,9.74223335
286.00000000,-3.86644965,2.93160037,0.68634472,-0.84569733,-0.63642446,-0.33811306,0.0602073484,0.0557246105,8.74376933
286.20000000,-3.88382740,2.77845114,0.56029528,0.65222318,-0.42551046,-0.79252911,0.0546827885,0.0556040489,9.17804280
286.40000000,-3.75542943,2.85856189,0.43325716,0.13002717,1.02832966,-0.40022699,0.0503882236,0.0554432359,9.51030322
286.60000000,-3.88078005,3.00304206,0.37554037,-1.06832321,0.05736183,-0.29990201,0.0586820773,0.0554285053,8.46264633
286.80000000,-4.01858341,2.88434873,0.28574286,-0.02577612,-0.93843377,-0.59432429,0.0598830558,0.0559049201,8.26180916
287.00000000,-3.89769963,2.78531800,0.15805908,0.89063918,0.23645672,-0.62079809,0.0506384684,0.0557461583,9.09542001
287.20000000,-3.83617947,2.93981550,0.04564045,-0.47643837,0.85537541,-0.52523773,0.0525816647,0.0554736243,8.85777265
287.40000000,-4.00631427,2.97644411,-0.05866261,-0.80641861,-0.56855208,-0.51085217,0.0612210363,0.0558035760,8.04350444
287.60000000,-4.03350685,2.79802487,-0.15293066,0.61434789,-0.81949411,-0.43073885,0.0570594447,0.0555624582,8.45325587
287.80000000,-3.85541821,2.78034594,-0.24427311,0.69082703,0.68139169,-0.54128426,0.0494745687,0.0560617085,9.31075250
288.00000000,-3.87649609,2.92945993,-0.37606027,-0.78556256,0.32891858,-0.71359933,0.0561327623,0.0556047826,8.71643613
288.20000000,-4.01734186,2.84155031,-0.49068203,-0.23071086,-1.02413149,-0.36392836,0.0606400304,0.0555896956,8.39055090
288.40000000,-3.91210407,2.67649085,-0.53128263,1.07747042,-0.21175568,-0.16949654,0.0530194930,0.0556796559,9.38536904
288.60000000,-3.77068796,2.78081682,-0.61761893,-0.05109666,0.83193850,-0.73469113,0.0518230519,0.0558780312,9.71506743
288.80000000,-3.89306830,2.81441516,-0.76770835,-0.70777220,-0.65946797,-0.54649576,0.0595164643,0.0556294745,9.00431238
289.00000000,-3.89504203,2.62045245,-0.79832743,0.79364312,-0.76486944,0.13998601,0.0559666123,0.0551889386,9.64372317
289.20000000,-3.70694777,2.64620933,-0.81194785,0.49633695,0.85871039,-0.50074402,0.0513544927,0.0558305461,10.55542297
289.40000000,-3.77526601,2.73761405,-0.96327853,-0.80406171,-0.36761279,-0.67291297,0.0579039626,0.0555110604,9.81344712
289.60000000,-3.82606168,2.55577594,-0.99057928,0.57141281,-0.88923660,0.34234772,0.0565350842,0.0551728726,10.20879693
289.80000000,-3.64577452,2.56468570,-0.95621091,0.57594375,0.88468976,-0.34648375,0.0519399670,0.0556555864,11.22890533
290.00000000,-3.71021490,2.66228211,-1.09679576,-0.83855336,-0.39112077,-0.61503864,0.0575248066,0.0554136432,10.41366785
290.20000000,-3.75986064,2.48400373,-1.09071430,0.61372836,-0.73834480,0.55909724,0.0559007523,0.0551922872,10.83435204
290.40000000,-3.59801450,2.53768474,-1.04129220,0.29804599,0.99031856,-0.40597802,0.0525477221,0.0554754598,11.62393532
290.60000000,-3.70512648,2.60411748,-1.16898619,-0.83800185,-0.63896223,-0.35190819,0.0578317512,0.0553550703,10.64999474
290.80000000,-3.71959425,2.43493925,-1.10422478,0.78045089,-0.34435139,0.71180072,0.0547431359,0.0552431934,11.27387340
291.00000000,-3.59724981,2.55540680,-1.07045708,-0.18067566,0.96235692,-0.52491877,0.0534018218,0.0553221436,11.53918958
291.20000000,-3.75045752,2.56721732,-1.16563590,-0.71135516,-0.85290596,0.02865492,0.0581632987,0.0554487250,10.53904871
291.40000000,-3.72033984,2.43003079,-1.04986751,0.84454335,0.10250396,0.71450574,0.0535498098,0.0552996741,11.30746322
291.60000000,-3.65339712,2.59417884,-1.03347118,-0.57653441,0.81578914,-0.48616056,0.0542380062,0.0552227431,11.03627350
291.80000000,-3.83022285,2.56778422,-1.08330459,-0.57836644,-0.89911915,0.30219231,0.0584947934,0.0555095869,10.12005090
292.00000000,-3.77865915,2.45661122,-0.94288532,0.80214319,0.29093413,0.71144516,0.0527802678,0.0553580148,10.86817977
292.20000000,-3.74041241,2.63441781,-0.91134410,-0.70140369,0.81120340,-0.29016688,0.0543193396,0.0551680521,10.39943551
292.40000000,-3.93046600,2.61778052,-0.92890731,-0.64701044,-0.83202055,0.35117836,0.0592284572,0.0556069219,9.45752454
292.60000000,-3.89752667,2.49104811,-0.78713592,0.77025929,0.05387341,0.79874769,0.0530034377,0.0554523656,10.08101301
292.80000000,-3.82778331,2.64886286,-0.70389586,-0.45689739,1.01221770,0.02915291,0.0527798241,0.0551577974,9.89981253
293.00000000,-4.01615604,2.70434350,-0.69643239,-0.93566352,-0.54301152,0.25269859,0.0598884019,0.0556308729,8.79952251
293.20000000,-4.05919397,2.54715262,-0.58202721,0.55047083,-0.55699820,0.78798189,0.0558042873,0.0556289629,9.08090133
293.40000000,-3.92567170,2.60056357,-0.44652339,0.26736121,0.97748015,0.45522001,0.0500314907,0.0554657043,9.57495371
293.60000000,-4.03103576,2.75851258,-0.38608590,-1.06055539,0.18639440,0.27322000,0.0576658889,0.0553306679,8.57988821
293.80000000,-4.18468082,2.65554892,-0.30331275,-0.15583213,-0.94239068,0.56725966,0.0605186827,0.0558966914,8.21384959
294.00000000,-4.08019128,2.53817509,-0.17639785,0.90597372,0.09520411,0.63585522,0.0514967479,0.0557243339,9.01266979
294.20000000,-3.99786446,2.68074567,-0.06173826,-0.35308610,0.91248883,0.52616868,0.0515437716,0.0554984760,8.96664757
294.40000000,-4.16142085,2.73939571,0.04240249,-0.86939032,-0.46176717,0.51486654,0.0606891154,0.0557314877,8.08634724
294.60000000,-4.21013633,2.56657298,0.13864281,0.50577008,-0.88569631,0.44033201,0.0581430734,0.0556313361,8.34168065
294.80000000,-4.03469164,2.52568281,0.22836291,0.79401406,0.58394169,0.51254570,0.0496878812,0.0560516814,9.27184675
295.00000000,-4.03087721,2.67990636,0.35563715,-0.71421412,0.45815610,0.71703209,0.0549274040,0.0556026096,8.81673751
295.20000000,-4.17796188,2.61555180,0.47764843,-0.34365203,-0.96913352,0.42050442,0.0608840446,0.0557548617,8.34783124
295.40000000,-4.09378190,2.43974297,0.52422109,1.04174951,-0.35581316,0.14930228,0.0540036383,0.0554558353,9.23529796
295.60000000,-3.93420572,2.52656063,0.59808273,0.11193944,0.87692538,0.67275518,0.0510745436,0.0559436284,9.77574454
295.80000000,-4.04165120,2.58729836,0.75077908,-0.75275643,-0.51738494,0.63229093,0.0590079212,0.0556300488,9.03367251
296.00000000,-4.06668198,2.39809129,0.79869711,0.67185089,-0.87858541,-0.10401586,0.0568794080,0.0551615891,9.48195249
296.20000000,-3.87558688,2.39562746,0.79934380,0.65994543,0.81115594,0.37496930,0.0511900598,0.0558347495,10.54544979
296.40000000,-3.91709824,2.51043987,0.94395231,-0.78754446,-0.17979250,0.76258734,0.0571550749,0.0555160341,9.88541749
296.60000000,-3.98836462,2.34107773,0.99634416,0.41715573,-0.99537001,-0.26325099,0.0572859643,0.0551617406,10.05370568
296.80000000,-3.81149519,2.31700816,0.94854966,0.73797057,0.81094635,0.17841014,0.0518885853,0.0556473148,11.20825077
297.00000000,-3.84612316,2.43944913,1.07918283,-0.81715928,-0.18603425,0.72916888,0.0568526958,0.0554102663,10.50076966
297.20000000,-3.91849190,2.27032206,1.10290066,0.45081684,-0.89062011,-0.48743337,0.0566349532,0.0551713393,10.67249478
297.40000000,-3.75534950,2.28934340,1.03304114,0.49162183,0.97134977,0.22089701,0.0522824970,0.0554780158,11.66394302
297.60000000,-3.83635862,2.38789022,1.15793119,-0.87001108,-0.45844725,0.51661586,0.0573809844,0.0553406994,10.72331706
297.80000000,-3.87905178,2.21447443,1.12189430,0.64627136,-0.56150940,-0.70781983,0.0555189332,0.0552184958,11.11168321
298.00000000,-3.74347703,2.30654408,1.05943416,0.02833974,1.04298827,0.38120061,0.0528390947,0.0553292038,11.66414966
298.20000000,-3.88125808,2.35398907,1.16452227,-0.81162054,-0.74126731,0.16036327,0.0579799888,0.0554160234,10.57816753
298.40000000,-3.88091548,2.19833506,1.06918954,0.77477481,-0.13524733,-0.78443459,0.0543029793,0.0552801385,11.17653057
298.60000000,-3.79137637,2.34494898,1.02345965,-0.39612513,0.95338868,0.40989890,0.0534912191,0.0552183773,11.20780370
298.80000000,-3.96344112,2.35086491,1.09005207,-0.71156386,-0.84234070,-0.13419081,0.0584930556,0.0554730297,10.13856292
299.00000000,-3.93928443,2.21630954,0.96287474,0.77201700,0.07181647,-0.79541710,0.0535285328,0.0553468547,10.77134337
299.20000000,-3.87713242,2.38034153,0.90689263,-0.54778845,0.93614106,0.23959932,0.0534884433,0.0551462687,10.57515663
299.40000000,-4.06485127,2.39241349,0.93821798,-0.76970474,-0.77002589,-0.22010452,0.0591579696,0.0555502901,9.49078887
299.60000000,-4.05839279,2.24879561,0.80927531,0.71568642,-0.13672109,-0.83840595,0.0539448991,0.0554458703,9.98645399
299.80000000,-3.97107301,2.38585356,0.70831099,-0.30262888,1.06462470,-0.09383158,0.0520184390,0.0552189855,10.04252602
300.00000000,-4.14959064,2.46602515,0.70501570,-1.00785594,-0.43460676,-0.17073835,0.0593777094,0.0554807501,8.87977664
