t,x,y,z,vx,vy,vz,mu,mu_avg,Bmag
0.00000000,5.00000000,0.00000000,0.00000000,0.00000000,1.00000000,0.50000000,0.0625000000,0.0625000000,8.00000000
0.20000000,4.87010143,0.12418828,0.09783349,-1.00943197,-0.05524595,0.47748821,0.0555651120,0.0599565381,8.64892838
0.40000000,4.76393928,-0.01268626,0.20171440,0.23526538,-0.91296744,0.60094979,0.0502526470,0.0558330974,9.24895282
0.60000000,4.90603562,-0.06652616,0.33507990,0.73437625,0.52117625,0.66262119,0.0589671824,0.0552706708,8.46564844
0.80000000,4.91887321,0.10977861,0.43622717,-0.68745325,0.82332167,0.31551459,0.0607812848,0.0563487076,8.39460504
1.00000000,4.72375352,0.12545415,0.48226907,-0.79768503,-0.73197968,0.27911351,0.0522327217,0.0565980489,9.47419656
1.20000000,4.72667941,-0.03917616,0.59183964,0.70339535,-0.36095581,0.79053519,0.0537937890,0.0565438023,9.46199130
1.40000000,4.83114056,0.05495795,0.73277351,-0.05608063,1.02698453,0.43835800,0.0608762400,0.0563860734,8.85373614
1.60000000,4.68275406,0.18470234,0.75205299,-1.10617263,-0.12872576,-0.09905453,0.0555986830,0.0560110542,9.69812580
1.80000000,4.57931517,0.02751596,0.79083095,0.32240693,-0.86120472,0.63590896,0.0523149784,0.0566275121,10.38774799
2.00000000,4.69370740,0.03687138,0.94511448,0.27850835,0.91500848,0.57895819,0.0593677319,0.0562925166,9.62779762
2.20000000,4.59579565,0.20246838,0.95638084,-1.05019171,0.16893349,-0.34432374,0.0566526959,0.0559100554,10.22185229
2.40000000,4.47381460,0.06356066,0.94213453,0.21731305,-0.98467089,0.48290607,0.0527136380,0.0564416736,11.10722363
2.60000000,4.58765755,0.05513104,1.08831798,0.32693012,0.92423331,0.53750302,0.0587400988,0.0562105809,10.27224656
2.80000000,4.49883369,0.21838516,1.06877662,-0.96909884,0.06291730,-0.55397549,0.0562112934,0.0559419018,10.85663502
3.00000000,4.41472339,0.06353795,1.03759628,0.44601922,-0.88718603,0.51377796,0.0534358314,0.0562489578,11.52933198
3.20000000,4.53709188,0.09879324,1.16693246,0.18428112,1.06739344,0.27696879,0.0588183563,0.0561732718,10.58527950
3.40000000,4.43219540,0.22892800,1.09284567,-0.82440225,-0.33100806,-0.67881852,0.0551179704,0.0560130234,11.33524642
3.60000000,4.42012009,0.05402401,1.07742172,0.76815676,-0.54767556,0.59998890,0.0544379430,0.0560770179,11.47545356
3.80000000,4.54002381,0.15608001,1.16905509,-0.04808048,1.11179858,-0.10766703,0.0589648659,0.0561967017,10.55324785
4.00000000,4.42429404,0.22778705,1.04758520,-0.56079887,-0.71489244,-0.65148556,0.0539553622,0.0560921130,11.41079230
4.20000000,4.48510657,0.05976885,1.05035421,0.96719615,-0.16201429,0.53691990,0.0554238213,0.0559794759,10.99662706
4.40000000,4.59515274,0.20445116,1.09242089,-0.19444126,1.02985079,-0.38935836,0.0591370994,0.0562674825,10.19362823
4.60000000,4.48176370,0.23593974,0.94779118,-0.36857225,-0.84531301,-0.63213955,0.0531428841,0.0561436909,11.00516657
4.80000000,4.57947705,0.07905289,0.93678096,1.06399758,-0.05060541,0.33962958,0.0557134139,0.0559297323,10.35998806
5.00000000,4.70177278,0.22745524,0.94598769,-0.13050855,1.01704368,-0.44563400,0.0598341039,0.0563914685,9.54599340
5.20000000,4.59043680,0.27765735,0.79636822,-0.47389344,-0.68657933,-0.74433449,0.0530353065,0.0562108826,10.25638727
5.40000000,4.66195036,0.11080066,0.73352858,1.06249499,-0.34417691,0.05144553,0.0544158877,0.0559100202,9.84447539
5.60000000,4.83102968,0.21291226,0.72484197,0.23718984,1.04215531,-0.32810561,0.0609129151,0.0564392780,8.83090261
5.80000000,4.74551161,0.34009112,0.59686675,-0.76333252,-0.12217772,-0.80771039,0.0552527252,0.0563487148,9.27912550
6.00000000,4.70581213,0.19189026,0.47152510,0.61075600,-0.86205591,-0.36583700,0.0512752438,0.0561719252,9.56945652
6.20000000,4.89868064,0.16943684,0.42099934,0.83749106,0.68675960,-0.27743463,0.0596940519,0.0561654459,8.49013375
6.40000000,4.92101938,0.35069528,0.33059062,-0.61380060,0.70036000,-0.61866364,0.0603714386,0.0566581073,8.32738818
6.60000000,4.76806817,0.33735828,0.19827146,-0.45878052,-0.80148995,-0.63018592,0.0510356619,0.0565734452,9.15621037
6.80000000,4.83598845,0.18233172,0.08832482,0.96106748,-0.28075026,-0.49752244,0.0537730927,0.0561682146,8.82304934
7.00000000,4.98788165,0.27548082,-0.01151493,0.20254015,0.97768131,-0.50310709,0.0622481542,0.0565809904,8.02171955
7.20000000,4.88593888,0.42443239,-0.10848326,-1.00407874,0.16830356,-0.46206038,0.0573841028,0.0563506240,8.47731314
7.40000000,4.74755082,0.31389904,-0.20614523,-0.00844515,-0.96644367,-0.56206343,0.0500244540,0.0568708678,9.28420953
7.60000000,4.86992148,0.22226548,-0.33775274,0.81731052,0.31237034,-0.69600882,0.0573145030,0.0563563118,8.63075925
7.80000000,4.91636240,0.38537270,-0.45007389,-0.51532603,0.92110314,-0.36879273,0.0615079663,0.0564482703,8.33661917
8.00000000,4.72729152,0.43810271,-0.49574123,-0.94470600,-0.56062268,-0.20792493,0.0534844296,0.0563908021,9.34205127
8.20000000,4.69183208,0.26670992,-0.58746017,0.59868702,-0.58418940,-0.74181978,0.0525448827,0.0566547199,9.62872018
8.40000000,4.80934505,0.32286353,-0.73717055,0.12066984,0.96660530,-0.54873763,0.0604826096,0.0563947076,8.91562734
8.60000000,4.68587153,0.47412242,-0.77151537,-1.10895504,0.08943770,0.11054232,0.0567881578,0.0559402439,9.55284595
8.80000000,4.55397188,0.33517338,-0.78854114,0.14680489,-0.98898846,-0.50035003,0.0519158275,0.0566650431,10.47746685
9.00000000,4.66564450,0.30297307,-0.94065045,0.41326473,0.77193028,-0.69522364,0.0586584047,0.0562895867,9.74192437
9.20000000,4.59401411,0.47845402,-0.97550787,-1.00654827,0.37726485,0.30746027,0.0575381148,0.0559210856,10.09580338
9.40000000,4.45143667,0.36450220,-0.94039766,0.05131175,-1.07248750,-0.31166914,0.0525381413,0.0564551542,11.16651331
9.60000000,4.56118179,0.31644657,-1.08068895,0.44882095,0.77909317,-0.66451003,0.0581581833,0.0562022314,10.38048295
9.80000000,4.49528552,0.49132192,-1.08696491,-0.94568599,0.28156332,0.52573768,0.0569769067,0.0559470118,10.72388150
10.00000000,4.39012585,0.35709920,-1.03107758,0.31254608,-1.01642450,-0.34524801,0.0530971337,0.0562647737,11.61369784
10.20000000,4.51548370,0.35432886,-1.16091457,0.31648107,0.98053570,-0.43403855,0.0584955012,0.0561566945,10.64844821
10.40000000,4.42805533,0.50700514,-1.10943156,-0.85660605,-0.10255469,0.71113191,0.0558499452,0.0559926109,11.18765511
10.60000000,4.39211295,0.34046841,-1.06418680,0.68759634,-0.74049070,-0.47841905,0.0538548691,0.0561062175,11.59763095
10.80000000,4.52422987,0.41013865,-1.16711201,0.09084760,1.11249830,-0.06398625,0.0589275009,0.0561869435,10.55340664
11.00000000,4.41857616,0.51506129,-1.06021642,-0.65423279,-0.51015370,0.74948159,0.0546200916,0.0560630780,11.26763237
11.20000000,4.45441323,0.34212759,-1.03279082,0.93781314,-0.38182866,-0.47403944,0.0546616678,0.0559911266,11.13379635
11.40000000,4.58349573,0.46212559,-1.09259413,-0.05349676,1.09289950,0.22958392,0.0593269101,0.0562668000,10.14741010
11.60000000,4.47502297,0.53190827,-0.95666557,-0.49958775,-0.66348241,0.74846721,0.0537992593,0.0561285935,10.86869114
11.80000000,4.54551678,0.36518906,-0.91781892,1.04480445,-0.27019631,-0.29219446,0.0547764637,0.0559314285,10.49970312
12.00000000,4.68955725,0.48989560,-0.94294565,0.02723371,1.07542959,0.30448239,0.0600312098,0.0563643602,9.49941018
12.20000000,4.58682279,0.57828200,-0.80424392,-0.59495024,-0.47692384,0.81766610,0.0540197577,0.0562135103,10.09503239
12.40000000,4.62431263,0.41108822,-0.71696341,0.97635013,-0.54392547,0.02975742,0.0533229852,0.0559528369,9.97801711
12.60000000,4.80884943,0.48073272,-0.71355617,0.41730083,1.01239292,0.22565592,0.0605969677,0.0563299688,8.84751714
12.80000000,4.74726917,0.63471134,-0.60152369,-0.77829120,0.11812646,0.79391999,0.0567853581,0.0564090008,9.09532765
13.00000000,4.67442375,0.51158020,-0.46381066,0.39357184,-0.93978044,0.46034110,0.0507140924,0.0562759076,9.61479326
13.20000000,4.85634108,0.45207868,-0.40503654,0.95787072,0.51601912,0.25730903,0.0583213436,0.0560528373,8.61769117
13.40000000,4.91396216,0.62997064,-0.32407870,-0.46272626,0.84400674,0.56880315,0.0614206515,0.0567065275,8.22359020
13.60000000,4.75921887,0.65749455,-0.19529487,-0.64772955,-0.64142398,0.64731885,0.0522969281,0.0565144865,9.01723171
13.80000000,4.78514174,0.49387213,-0.08004625,0.85743660,-0.49449332,0.51988348,0.0521683818,0.0562788012,8.98282398
14.00000000,4.95166782,0.55096961,0.02266310,0.39707553,0.91111382,0.51205726,0.0615095480,0.0564676956,8.08592254
14.20000000,4.88214175,0.71748722,0.12006468,-0.94949443,0.37834826,0.45311469,0.0590792813,0.0564066433,8.32239892
14.40000000,4.71924346,0.63957827,0.21199037,-0.25545234,-0.95769917,0.51725853,0.0503657269,0.0568593986,9.25808525
14.60000000,4.81383096,0.51523608,0.33900145,0.85593678,0.08224638,0.71456823,0.0555493096,0.0563830244,8.81203511
14.80000000,4.89085657,0.65724925,0.46198882,-0.32828886,0.97687738,0.43351701,0.0618223061,0.0565073293,8.31933579
15.00000000,4.71538148,0.74404299,0.51139531,-1.04617303,-0.36127025,0.15813220,0.0549146827,0.0561932985,9.18889623
15.20000000,4.64204405,0.57586630,0.58473182,0.45244517,-0.77727593,0.66418031,0.0516238048,0.0567608092,9.76384476
15.40000000,4.76596275,0.59079165,0.73809776,0.28773779,0.86203831,0.65122723,0.0597522634,0.0564002957,9.01447240
15.60000000,4.67061579,0.75647226,0.79085361,-1.07395436,0.29863257,-0.08625906,0.0579070909,0.0559423722,9.42061173
15.80000000,4.51483873,0.64300352,0.79013981,-0.04460151,-1.06135168,0.34863063,0.0518595515,0.0566538236,10.51780809
16.00000000,4.61796358,0.57066114,0.93316693,0.53095432,0.59221951,0.78572485,0.0577520416,0.0562931938,9.88368967
16.20000000,4.57382167,0.74822771,0.99311776,-0.93634447,0.56484141,-0.23283730,0.0583180795,0.0559701151,9.99029965
16.40000000,4.41486905,0.66463721,0.94297492,-0.12290005,-1.10343937,0.13159451,0.0526190505,0.0564177567,11.17873218
16.60000000,4.51595965,0.57923455,1.07016128,0.55749995,0.59926474,0.76162692,0.0574272978,0.0561909775,10.51398064
16.80000000,4.47426608,0.75826898,1.10387529,-0.89908811,0.48384201,-0.45556281,0.0576761632,0.0559805856,10.60682486
17.00000000,4.35080521,0.65088599,1.02861270,0.16405019,-1.09463546,0.15767285,0.0529599745,0.0562689890,11.65692049
17.20000000,4.47528769,0.61033019,1.15139546,0.44305116,0.85410575,0.56939356,0.0580145858,0.0561377613,10.74039934
17.40000000,4.40750560,0.77908312,1.12610526,-0.86543404,0.12592023,-0.69654003,0.0565868130,0.0559981758,11.04274349
17.60000000,4.34855001,0.62877428,1.05404201,0.58322910,-0.89809281,0.32136135,0.0534084242,0.0561351244,11.69157885
17.80000000,4.48969408,0.66324002,1.16116203,0.23121698,1.06982537,0.22806223,0.0587095823,0.0561599618,10.58557084
18.00000000,4.39735736,0.79671780,1.07449190,-0.72457589,-0.28501257,-0.80234506,0.0553824879,0.0560532571,11.11065734
18.20000000,4.40718862,0.62742025,1.01715601,0.87919226,-0.58441366,0.36807829,0.0539729219,0.0560172756,11.25703354
18.40000000,4.55256688,0.71776547,1.08867227,0.09393647,1.11200297,-0.06800965,0.0593012035,0.0562338615,10.13494981
18.60000000,4.45332258,0.82249167,0.96781721,-0.60614149,-0.45079560,-0.82424257,0.0546334975,0.0561261019,10.70880257
18.80000000,4.49452960,0.65474653,0.90059635,0.99013517,-0.47753234,0.20394901,0.0539015478,0.0559550195,10.62889848
19.00000000,4.65686828,0.75037570,0.93591979,0.19126817,1.08915107,-0.16482241,0.0599519400,0.0563007578,9.48935047
19.20000000,4.56791359,0.87260757,0.81337687,-0.68148913,-0.24567816,-0.85159544,0.0551825815,0.0562351005,9.91725360
19.40000000,4.57082200,0.71453199,0.70324874,0.84857180,-0.71458194,-0.13891919,0.0524063157,0.0560212644,10.08424164
19.60000000,4.76460578,0.74846064,0.69932388,0.59070501,0.93915119,-0.13806748,0.0599545881,0.0562084080,8.90227218
19.80000000,4.73096765,0.92205802,0.60487379,-0.75033092,0.34767481,-0.75241326,0.0582549173,0.0564935063,8.92393166
20.00000000,4.63034625,0.83101609,0.45913821,0.15920496,-0.95812044,-0.55376799,0.0506224655,0.0563637239,9.60268915
20.20000000,4.79269756,0.73782003,0.38903677,1.04081098,0.31749391,-0.25672965,0.0567589443,0.0559843421,8.76896409
20.40000000,4.88420157,0.90419658,0.31552429,-0.28837440,0.94808617,-0.51766089,0.0620414565,0.0566929790,8.15917459
20.60000000,4.73639021,0.97079783,0.19223205,-0.79183405,-0.44561110,-0.65148259,0.0539093234,0.0564487233,8.84801610
20.80000000,4.71918327,0.80878211,0.07295618,0.70118950,-0.68151932,-0.54209288,0.0509060256,0.0564272673,9.11047559
21.00000000,4.89178647,0.82646527,-0.03311469,0.57534709,0.80159057,-0.52576446,0.0603348778,0.0563493551,8.18961029
21.20000000,4.85759539,1.00271484,-0.13226842,-0.85186944,0.56572619,-0.45196495,0.0605195100,0.0565033064,8.19506608
21.40000000,4.67894453,0.96150370,-0.21953035,-0.48862646,-0.88848248,-0.47100218,0.0512293338,0.0567508205,9.17500041
21.60000000,4.73914180,0.81169791,-0.33938455,0.84482341,-0.15819462,-0.71501598,0.0538280335,0.0564644424,8.99567640
21.80000000,4.84230679,0.92538798,-0.47155528,-0.13321165,0.98850390,-0.50508879,0.0616984149,0.0565194222,8.34391911
22.00000000,4.68699862,1.04163689,-0.52850532,-1.10019296,-0.14763917,-0.13333462,0.0564061423,0.0560781283,9.03079588
22.20000000,4.57832909,0.88622391,-0.58453735,0.27137589,-0.92671821,-0.56351439,0.0511124928,0.0568380783,9.85395677
22.40000000,4.70146875,0.85869776,-0.73587200,0.43954186,0.71584449,-0.73781407,0.0587317580,0.0563798720,9.14627063
22.60000000,4.63647675,1.03103946,-0.80904409,-1.00503339,0.48894471,0.02899894,0.0588857823,0.0560047263,9.31092812
22.80000000,4.46223760,0.94855323,-0.79593080,-0.24216870,-1.07419574,-0.19354025,0.0521329057,0.0565860368,10.50642971
23.00000000,4.55115408,0.83962425,-0.92345960,0.62728403,0.38229074,-0.84283363,0.0567129699,0.0563020620,10.04640435
23.20000000,4.53503607,1.01132059,-1.00829377,-0.84261624,0.72390763,0.12631550,0.0589467498,0.0560485191,9.91168355
23.40000000,4.36432001,0.96166430,-0.94991452,-0.29823726,-1.07665294,0.04327771,0.0529377032,0.0563405884,11.14438477
23.60000000,4.45230710,0.84310755,-1.05756039,0.64969490,0.39144904,-0.82137943,0.0565957569,0.0561894933,10.66664557
23.80000000,4.43567235,1.01866345,-1.11857388,-0.83112720,0.66133954,0.34908104,0.0582687721,0.0560359845,10.51211981
24.00000000,4.29709582,0.94276771,-1.03048600,0.00515759,-1.11746418,0.03531575,0.0530292209,0.0562476666,11.65571379
24.20000000,4.41664663,0.86652099,-1.13897866,0.56168897,0.69264867,-0.67434658,0.0574039686,0.0561106220,10.85735165
24.40000000,4.37042952,1.04428473,-1.14181906,-0.85161005,0.34372211,0.63766403,0.0572825727,0.0560285671,10.90931441
24.60000000,4.28989289,0.91709637,-1.04768587,0.45669283,-1.01096336,-0.13922907,0.0531299253,0.0561653169,11.74880052
24.80000000,4.43643981,0.91521695,-1.15149085,0.37135079,0.98566475,-0.37491811,0.0583247769,0.0561217768,10.64829871
25.00000000,4.36047553,1.07146076,-1.08932623,-0.77076283,-0.05175766,0.80823622,0.0561877832,0.0560646831,10.95068092
25.20000000,4.34399472,0.91411739,-1.00441419,0.79052807,-0.75783814,-0.22527031,0.0534043668,0.0560506083,11.35514912
25.40000000,4.50229861,0.97125543,-1.08073257,0.24571359,1.08733668,-0.08557896,0.0590650052,0.0561828114,10.15626147
25.60000000,4.41639700,1.10612291,-0.98015573,-0.68530551,-0.22002506,0.85553803,0.0555790838,0.0561392276,10.53756789
25.80000000,4.42727874,0.94624605,-0.88611921,0.89890087,-0.65995310,-0.08024419,0.0531501973,0.0560013366,10.73486122
26.00000000,4.60360997,1.00882388,-0.92509530,0.35786260,1.05861204,0.03570552,0.0596068115,0.0562178926,9.51560984
26.20000000,4.53314082,1.15922254,-0.82261981,-0.73148320,-0.00635626,0.84551281,0.0564211534,0.0562849636,9.73664605
26.40000000,4.50252662,1.01918389,-0.69305577,0.68309852,-0.84371268,0.26744216,0.0517498447,0.0561031946,10.14995517
26.60000000,4.69849659,1.01600107,-0.68275444,0.75107094,0.82509173,0.07152666,0.0590307188,0.0560885708,8.99199742
26.80000000,4.69573848,1.20144078,-0.60613573,-0.68298502,0.55646485,0.68838820,0.0595389346,0.0565716075,8.77562059
27.00000000,4.57405236,1.14748329,-0.45722095,-0.07729206,-0.91536815,0.63728100,0.0510293383,0.0563925018,9.53290078
27.20000000,4.70889186,1.02615564,-0.37370092,1.07884252,0.09979835,0.27593314,0.0551204446,0.0559701459,8.93251471
27.40000000,4.83132299,1.17329421,-0.30507931,-0.09795152,1.00994482,0.46948584,0.0621945330,0.0566189068,8.13680352
27.60000000,4.69842560,1.27536413,-0.18856551,-0.88541181,-0.22821823,0.64339906,0.0557145290,0.0564322564,8.66615148
27.80000000,4.63967680,1.12499917,-0.06688530,0.50000949,-0.82732303,0.56171799,0.0501170118,0.0565730001,9.19009276
28.00000000,4.80896390,1.10194015,0.04261136,0.72869409,0.65167807,0.54251322,0.0588080620,0.0562532419,8.32737781
28.20000000,4.81145664,1.27969081,0.14471388,-0.71815949,0.72341876,0.45925181,0.0615993710,0.0565980821,8.10296768
28.40000000,4.62620377,1.27697152,0.22887022,-0.69294127,-0.76600232,0.42787011,0.0525172990,0.0565728907,9.04657154
28.60000000,4.64741037,1.11064210,0.33958417,0.78085583,-0.39539355,0.69564941,0.0523130270,0.0565878954,9.16542978
28.80000000,4.77089108,1.18982630,0.47852374,0.06310646,0.95482099,0.57821660,0.0611389414,0.0564929125,8.40970408
29.00000000,4.64122415,1.32961358,0.54623909,-1.10781831,0.06745569,0.13486401,0.0578476215,0.0560580314,8.88207506
29.20000000,4.50156133,1.19540644,0.58753767,0.06547731,-1.02202919,0.44851872,0.0510457185,0.0568446724,9.89021634
29.40000000,4.61650242,1.12646342,0.73105669,0.57006040,0.53245248,0.80095286,0.0574940363,0.0563874787,9.30483307
29.60000000,4.58311431,1.29734327,0.82516753,-0.90623614,0.65233813,0.05648895,0.0596633949,0.0560983397,9.23078042
29.80000000,4.39636943,1.24935544,0.80585081,-0.43589206,-1.02843539,0.04815326,0.0526942824,0.0564478258,10.44683338
30.00000000,4.46583424,1.10938038,0.91250928,0.69753371,0.15067215,0.86066521,0.0556205654,0.0563265645,10.22124014
30.20000000,4.47758018,1.26743093,1.02029355,-0.72802402,0.84850394,0.00469918,0.0593856184,0.0561167737,9.86433740
30.40000000,4.29996478,1.25333949,0.96091748,-0.46764641,-0.99573244,-0.19955882,0.0534592405,0.0562334450,11.06866437
30.60000000,4.37064644,1.10751246,1.04386997,0.72145190,0.16419599,0.83818066,0.0557217024,0.0561989979,10.83055994
30.80000000,4.37947187,1.27211495,1.13028377,-0.74322500,0.80744789,-0.21364573,0.0587201601,0.0560932964,10.44465374
31.00000000,4.22934933,1.23058673,1.03665581,-0.15878910,-1.08469867,-0.21957869,0.0532948602,0.0562006531,11.61102312
31.20000000,4.33978174,1.12251124,1.12445309,0.66919980,0.50238147,0.74147452,0.0567008517,0.0560964058,10.99395190
31.40000000,4.31677124,1.30195349,1.15561445,-0.81569853,0.54172130,-0.53960533,0.0578949162,0.0560707695,10.79457424
31.60000000,4.21667224,1.20343416,1.04554995,0.31096310,-1.07250074,-0.05517333,0.0530399046,0.0561706166,11.76373970
31.80000000,4.36454628,1.16584514,1.13860095,0.50883573,0.86343150,0.49555244,0.0577960821,0.0560838800,10.73879540
32.00000000,4.30781384,1.33826332,1.10362775,-0.79215002,0.17806120,-0.76863030,0.0569792304,0.0560953574,10.79758821
32.20000000,4.26550703,1.20045405,0.99534172,0.67250190,-0.89145772,0.05517518,0.0529986789,0.0560922577,11.41819012
32.40000000,4.43268664,1.22245808,1.06909063,0.39914834,1.02053680,0.22177743,0.0586353790,0.0561257679,10.21000017
32.60000000,4.36399492,1.38153650,0.99253533,-0.73526346,0.01619337,-0.84209584,0.0565603132,0.0561750386,10.36671204
32.80000000,4.34464806,1.23793345,0.87520705,0.77209103,-0.80557275,-0.07019943,0.0525827618,0.0560573374,10.80575488
33.00000000,4.52980015,1.26514052,0.91089950,0.52266698,0.98553716,0.07440239,0.0590216165,0.0561268624,9.57643397
33.20000000,4.48195757,1.43704169,0.83086033,-0.74456534,0.22865732,-0.80208371,0.0576293980,0.0563479886,9.56543539
33.40000000,4.42046066,1.32282494,0.68675746,0.48722329,-0.92144460,-0.40441725,0.0514262132,0.0561846231,10.16555101
33.60000000,4.61094238,1.28318241,0.66462425,0.89129812,0.67425700,-0.03106663,0.0578860614,0.0559904718,9.11134961
33.80000000,4.64085299,1.47239370,0.60473312,-0.58063522,0.73681688,-0.60824634,0.0605388939,0.0566174916,8.65829867
34.00000000,4.50568847,1.45830955,0.45750242,-0.30082523,-0.81541252,-0.70328272,0.0519094286,0.0563940332,9.41254734
34.20000000,4.60635505,1.31634279,0.35967894,1.06572798,-0.12597871,-0.31361316,0.0535331937,0.0560201090,9.09388423
34.40000000,4.75516133,1.43723861,0.29304236,0.10123069,1.02792063,-0.42793866,0.0618736505,0.0564992878,8.15718308
34.60000000,4.64414071,1.56969064,0.18386976,-0.92694801,-0.00293725,-0.62510699,0.0575445591,0.0564774712,8.48815554
34.80000000,4.54797442,1.44009126,0.06155359,0.26652560,-0.92002703,-0.57664058,0.0498886941,0.0566775094,9.21087119
35.00000000,4.70423869,1.37730655,-0.05099572,0.84813085,0.46577801,-0.56011149,0.0570444710,0.0562074393,8.49092754
35.20000000,4.74315765,1.54815630,-0.15698299,-0.55552687,0.84609953,-0.47487415,0.0622425334,0.0566335067,8.05096616
35.40000000,4.56028862,1.58356154,-0.23993323,-0.85713704,-0.60138016,-0.39199232,0.0540980887,0.0563966654,8.88892451
35.60000000,4.54029403,1.41067421,-0.34034095,0.66444074,-0.61405117,-0.65685588,0.0511528753,0.0567295385,9.30423323
35.80000000,4.67700855,1.45063981,-0.48283872,0.25363173,0.87573919,-0.64711034,0.0601774128,0.0564457800,8.51413443
36.00000000,4.57730044,1.60703450,-0.56373027,-1.07205746,0.27284866,-0.16200736,0.0591387031,0.0561152015,8.75432055
36.20000000,4.41241056,1.50084219,-0.59409439,-0.15286926,-1.05733704,-0.32965037,0.0514094220,0.0567792365,9.87022840
36.40000000,4.51188218,1.39384497,-0.72443930,0.67284539,0.31849383,-0.83417070,0.0561358970,0.0564090644,9.48150253
36.60000000,4.51034093,1.55509093,-0.83846114,-0.78148398,0.78256100,-0.16395440,0.0601897881,0.0561978010,9.18486773
36.80000000,4.31732309,1.54305826,-0.81948336,-0.61642259,-0.92967323,0.07570244,0.0534833679,0.0562784369,10.34761581
37.00000000,4.36276908,1.37923024,-0.90142392,0.73684379,-0.09207471,-0.83581305,0.0545632049,0.0563735202,10.39733920
37.20000000,4.40146032,1.51638382,-1.02858314,-0.59491417,0.93437893,-0.15170080,0.0596055724,0.0561859718,9.85091297
37.40000000,4.22195023,1.53757839,-0.97537318,-0.62464161,-0.86811815,0.32587378,0.0541383184,0.0561148357,10.96049663
37.60000000,4.27153162,1.37169572,-1.03017722,0.76832346,-0.07227732,-0.80898395,0.0548690699,0.0562243696,10.99608971
37.80000000,4.30568274,1.51836568,-1.13841944,-0.63647634,0.91736174,0.05783845,0.0590030820,0.0561404727,10.40769905
38.00000000,4.14792232,1.51225534,-1.04676040,-0.32208310,-1.00020916,0.38189540,0.0537341148,0.0561345255,11.52785088
38.20000000,4.24502235,1.37776521,-1.10875748,0.76142727,0.29113342,-0.76516000,0.0559494885,0.0560909207,11.14317908
38.40000000,4.24651768,1.55161781,-1.16667233,-0.75803007,0.71260230,0.40937558,0.0583873591,0.0561112784,10.70406042
38.60000000,4.12946410,1.48571115,-1.04775677,0.15035321,-1.07980622,0.24781527,0.0531463905,0.0561560456,11.73468005
38.80000000,4.27417431,1.41481222,-1.12319249,0.64025336,0.70805166,-0.58201242,0.0571544709,0.0560454990,10.85276386
39.00000000,4.23929133,1.59634518,-1.11637089,-0.78830555,0.39432286,0.68781089,0.0577029406,0.0561397961,10.65977647
39.20000000,4.17248682,1.48447884,-0.99045303,0.52766514,-0.97707777,0.12995579,0.0527909879,0.0561168190,11.43887952
39.40000000,4.34381211,1.47118365,-1.05428767,0.55068546,0.91464817,-0.33190997,0.0580396225,0.0560621361,10.29334925
39.60000000,4.29588468,1.64775495,-1.00384365,-0.75505283,0.24635307,0.78689604,0.0575008835,0.0562272873,10.20663657
39.80000000,4.24759520,1.52782004,-0.86840938,0.61325013,-0.90460338,0.23583253,0.0522534591,0.0561127229,10.83239854
40.00000000,4.43559792,1.51917100,-0.89398110,0.68043229,0.87296267,-0.15794951,0.0582347296,0.0560396643,9.66834710
40.20000000,4.41386018,1.70526729,-0.83710576,-0.72157110,0.44883378,0.72655582,0.0587095484,0.0564196665,9.41371464
40.40000000,4.32555787,1.62305477,-0.68437792,0.27119707,-0.94193608,0.53778112,0.0514849853,0.0562393682,10.12695166
40.60000000,4.50261993,1.54972705,-0.64583258,1.00358288,0.49235366,0.02023015,0.0565945547,0.0559251610,9.25245260
40.80000000,4.56573569,1.73461618,-0.60032062,-0.44813364,0.88310228,0.51894758,0.0611850829,0.0566070960,8.57733335
41.00000000,4.42508745,1.76101349,-0.45922313,-0.49812032,-0.66688895,0.74641493,0.0531831113,0.0563854893,9.25448920
41.20000000,4.48676425,1.60733710,-0.34751294,0.99771486,-0.34644563,0.36679758,0.0521318712,0.0561157235,9.23648174
41.40000000,4.65580936,1.69604677,-0.27982699,0.30151783,1.00115282,0.39595456,0.0611039548,0.0563567667,8.21914136
41.60000000,4.57242887,1.85264052,-0.17785136,-0.91813604,0.21815421,0.59952893,0.0592404090,0.0565631980,8.32786105
41.80000000,4.44508186,1.75136447,-0.05660083,0.01704657,-0.95242244,0.58532118,0.0502494825,0.0566926757,9.16968448
42.00000000,4.57896957,1.65236210,0.05823243,0.92477120,0.25077084,0.57611822,0.0551866794,0.0562229597,8.66867450
42.20000000,4.65239826,1.80798636,0.16865688,-0.37112964,0.92967773,0.49795791,0.0624036574,0.0566278112,8.04160883
42.40000000,4.48031051,1.87922181,0.25247497,-0.97434902,-0.40767663,0.36666569,0.0558248562,0.0562760740,8.71954945
42.60000000,4.41944183,1.70998521,0.34237260,0.50045083,-0.79870185,0.60135206,0.0504611049,0.0568600925,9.39681249
42.80000000,4.56128462,1.70791566,0.48465703,0.43081851,0.75252918,0.70575862,0.0588796616,0.0564083643,8.65249468
43.00000000,4.49465645,1.87324629,0.58014286,-0.99699335,0.45926335,0.21232384,0.0601926308,0.0562154672,8.65615246
43.20000000,4.31130846,1.79990958,0.60423081,-0.37036882,-1.03218861,0.21774661,0.0521484356,0.0566052238,9.79855568
43.40000000,4.38861991,1.66041504,0.71698812,0.74131884,0.08302996,0.83279792,0.0547718024,0.0564657317,9.66507199
43.60000000,4.41810146,1.80413691,0.84835823,-0.63451915,0.87496981,0.28603015,0.0604280131,0.0562687612,9.17591522
43.80000000,4.22510074,1.82753393,0.83611154,-0.77585402,-0.78715018,-0.16865676,0.0544305242,0.0561221743,10.22080819
44.00000000,4.24288082,1.64821848,0.89136143,0.74076383,-0.33373008,0.76804503,0.0536294669,0.0564355480,10.56233725
44.20000000,4.30675088,1.75809229,1.03286011,-0.44553128,0.97887491,0.30545992,0.0595891992,0.0562222209,9.87253064
44.40000000,4.13040432,1.81253546,0.99242390,-0.76366205,-0.70396679,-0.41382485,0.0549240743,0.0560165964,10.83106447
44.60000000,4.15566836,1.63467766,1.01760297,0.78578979,-0.30649902,0.73388877,0.0541020413,0.0562609097,11.15231028
44.80000000,4.21435953,1.75725076,1.14261009,-0.51185373,0.98799523,0.10895484,0.0590992676,0.0561705599,10.40308430
45.00000000,4.05316626,1.78584348,1.06015517,-0.47902189,-0.87132224,-0.51120989,0.0543140779,0.0560715305,11.41441651
45.20000000,4.13283700,1.63157433,1.09293187,0.83338286,0.06817225,0.74217621,0.0551987280,0.0560999235,11.29639283
45.40000000,4.15968283,1.79295063,1.17435050,-0.67876502,0.85092248,-0.25536045,0.0587309589,0.0561503249,10.64172613
45.60000000,4.02886307,1.76186529,1.05410697,-0.01970013,-1.03398963,-0.42482623,0.0534438927,0.0561346196,11.66403981
45.80000000,4.16559891,1.66168943,1.10613399,0.76103933,0.52592558,0.62787053,0.0564373676,0.0560214331,10.98425479
46.00000000,4.15485185,1.84513684,1.12665567,-0.75889675,0.58872114,-0.57226141,0.0583117130,0.0561815847,10.54393071
46.20000000,4.06574243,1.76412722,0.98994710,0.36054937,-1.00993873,-0.31627186,0.0528048876,0.0561378438,11.41382382
46.40000000,4.23587274,1.71716202,1.03706834,0.69565933,0.77411047,0.40842508,0.0573132974,0.0560082376,10.40183641
46.60000000,4.21185579,1.90405468,1.01307734,-0.74432844,0.46069130,-0.69551324,0.0583312461,0.0562776801,10.06590431
46.80000000,4.13709162,1.81375407,0.86594291,0.42855893,-0.95060897,-0.40333584,0.0522034397,0.0561461808,10.80989530
47.00000000,4.32133909,1.77067998,0.87517936,0.82484796,0.72531330,0.20867784,0.0572945450,0.0559681487,9.78589341
47.20000000,4.32840248,1.96333674,0.84054710,-0.66416189,0.64577562,-0.62598947,0.0595805079,0.0564614451,9.28921690
47.40000000,4.21857773,1.91741239,0.68558181,0.04720017,-0.90426722,-0.65579944,0.0519408637,0.0562603691,10.03652262
47.60000000,4.37449103,1.81521450,0.62734612,1.07978625,0.28706665,-0.04067391,0.0552413796,0.0559049135,9.40466007
47.80000000,4.46997342,1.98792559,0.59279080,-0.29066656,0.99133644,-0.42751021,0.0614378634,0.0565490096,8.53591073
48.00000000,4.33182731,2.05341534,0.46151178,-0.65899553,-0.48153604,-0.76409941,0.0547273068,0.0563873935,9.07467725
48.20000000,4.35195717,1.89773873,0.33758175,0.87488042,-0.54673838,-0.43088440,0.0510483843,0.0562445640,9.34348979
48.40000000,4.53363449,1.94976937,0.26592549,0.49465071,0.92962644,-0.37565322,0.0599400271,0.0562199862,8.31945907
48.60000000,4.48233492,2.12338652,0.17036910,-0.86281041,0.42503878,-0.57000018,0.0606652812,0.0566513834,8.19583059
48.80000000,4.33157752,2.05602163,0.05162802,-0.23066247,-0.92315044,-0.58701624,0.0511628587,0.0566480012,9.07188451
49.00000000,4.43482497,1.92671358,-0.06441755,0.95069294,0.01653956,-0.58814059,0.0533962345,0.0563024977,8.84577828
49.20000000,4.53913672,2.05917127,-0.17935366,-0.17217680,0.97096452,-0.52686148,0.0620696975,0.0565619287,8.07545302
49.40000000,4.38535037,2.16229653,-0.26611228,-1.04179071,-0.19811819,-0.35414865,0.0575508059,0.0562476989,8.55472099
49.60000000,4.28636799,2.00637846,-0.34628793,0.29845156,-0.93581940,-0.53401188,0.0502989960,0.0569124791,9.43267263
49.80000000,4.42458543,1.96171368,-0.48435371,0.58646708,0.58826954,-0.74832833,0.0573433724,0.0563973278,8.81752009
50.00000000,4.39291069,2.12783316,-0.59472662,-0.88716551,0.61922093,-0.28196236,0.0609386831,0.0563264703,8.59345523
50.20000000,4.19845405,2.09008906,-0.61763736,-0.57442326,-0.95131333,-0.12264108,0.0531797147,0.0564094118,9.68565872
50.40000000,4.24792639,1.92550268,-0.70978545,0.76940229,-0.16248232,-0.79474498,0.0535233108,0.0565488226,9.84213854
50.60000000,4.30645688,2.04444578,-0.85451747,-0.46904655,0.92635867,-0.41455388,0.0603572379,0.0563175009,9.20492884
50.80000000,4.11965199,2.10095356,-0.85479746,-0.90811728,-0.61230884,0.22450138,0.0554638499,0.0559865095,10.07987596
51.00000000,4.10724470,1.91511111,-0.88343678,0.70600714,-0.56116134,-0.66079637,0.0528975549,0.0564912666,10.70341461
51.20000000,4.19358839,1.99252056,-1.03306720,-0.28233297,0.98082821,-0.45635960,0.0593329469,0.0562385227,9.92888849
51.40000000,4.02544621,2.07665253,-1.01104671,-0.88020180,-0.51484258,0.45845597,0.0557638440,0.0559461972,10.69224469
51.60000000,4.02392323,1.89524155,-1.00721971,0.76988540,-0.52642738,-0.61656358,0.0534785046,0.0563055902,11.28783535
51.80000000,4.10558785,1.98866033,-1.14271360,-0.37050420,1.01786435,-0.27690932,0.0590008944,0.0561816244,10.43132021
52.00000000,3.94542005,2.04964593,-1.07597436,-0.62420317,-0.70779291,0.59949944,0.0549945511,0.0560126019,11.28090867
52.20000000,4.00386043,1.88303785,-1.07805607,0.87960697,-0.15613347,-0.67224541,0.0544988058,0.0561195228,11.44363312
52.40000000,4.05629768,2.02572846,-1.17820964,-0.57807228,0.95304213,0.08685107,0.0589056901,0.0561725979,10.61008504
52.60000000,3.91545625,2.02993854,-1.06409841,-0.19300508,-0.93991251,0.57385841,0.0539132422,0.0560899807,11.55796854
52.80000000,4.03924497,1.90590666,-1.08842120,0.86552541,0.32484067,-0.62876408,0.0556870224,0.0560116360,11.12559632
53.00000000,4.05445466,2.08423688,-1.13375303,-0.70369310,0.75489392,0.43005950,0.0587677401,0.0562095757,10.45503114
53.20000000,3.94608579,2.03731152,-0.99368397,0.17745386,-0.98928062,0.48972846,0.0530483626,0.0561313499,11.34412895
53.40000000,4.10922019,1.96001702,-1.01834772,0.82819740,0.60476616,-0.44536156,0.0564984081,0.0559691222,10.52913783
53.60000000,4.11171900,2.14992048,-1.01940071,-0.70321316,0.65144938,0.57541717,0.0589938732,0.0563201821,9.95110006
53.80000000,4.01405976,2.09351721,-0.86766206,0.22644186,-0.94136425,0.55906833,0.0524528980,0.0561633954,10.73859887
54.00000000,4.18757529,2.01932508,-0.85548156,0.94857184,0.54853762,-0.22207634,0.0562574266,0.0559215588,9.92138052
54.20000000,4.22520609,2.21086773,-0.84060143,-0.57459667,0.81315406,0.50854607,0.0601826180,0.0564766761,9.19742738
54.40000000,4.10005911,2.20350820,-0.68970901,-0.17206074,-0.81244503,0.74855070,0.0527661593,0.0562668446,9.90259056
54.60000000,4.22781638,2.07903676,-0.61013154,1.11216934,0.06826536,0.09175599,0.0539210655,0.0559285716,9.55469251
54.80000000,4.35332589,2.23222384,-0.58226630,-0.11381167,1.05877567,0.34064784,0.0612866450,0.0564446074,8.53532618
55.00000000,4.22531611,2.33369500,-0.46348388,-0.77683253,-0.27232941,0.75654998,0.0563939397,0.0564319057,8.88944506
55.20000000,4.20380668,2.18576992,-0.33005454,0.70214417,-0.71207997,0.49993565,0.0503975539,0.0563709821,9.40064083
55.40000000,4.38930333,2.19847825,-0.25187003,0.67158004,0.81446682,0.36827166,0.0584638311,0.0561083666,8.45249009
55.60000000,4.37309899,2.38135284,-0.16143549,-0.76605778,0.60968572,0.53985068,0.0617123092,0.0567099624,8.09947187
55.80000000,4.20760590,2.35133783,-0.04624458,-0.45988845,-0.83660052,0.58189531,0.0525330720,0.0565352446,8.92995815
56.00000000,4.27374053,2.19968682,0.06977315,0.92022871,-0.22391792,0.59417157,0.0518402680,0.0564328690,9.00500243
56.20000000,4.40358569,2.30180527,0.18876520,0.03384372,0.96753472,0.55922369,0.0612610076,0.0564693378,8.15115172
56.40000000,4.27456013,2.43151028,0.28036106,-1.05986853,0.01510679,0.35559873,0.0591402467,0.0563068356,8.40797308
56.60000000,4.14233356,2.29736129,0.35251198,0.07190805,-1.01590821,0.46125882,0.0506679577,0.0568686038,9.40848065
56.80000000,4.26803609,2.21201220,0.48251117,0.71183901,0.38837593,0.76970731,0.0556943936,0.0564294560,8.99905007
57.00000000,4.27186147,2.37057464,0.60686319,-0.74725384,0.74679438,0.36593690,0.0613247126,0.0564069629,8.56977457
57.20000000,4.07385416,2.36909295,0.63371666,-0.75441846,-0.82349213,0.05209101,0.0544061028,0.0561992667,9.54570526
57.40000000,4.09119850,2.18814189,0.70393863,0.75244508,-0.40464759,0.72117037,0.0525046483,0.0566445414,9.99810966
57.60000000,4.17557660,2.27605818,0.85684283,-0.28901493,0.93484669,0.54086228,0.0599756459,0.0563433939,9.27131902
57.80000000,4.00090737,2.36182271,0.87447390,-1.00898086,-0.41734703,-0.24037274,0.0565135100,0.0559199588,9.93794098
58.00000000,3.95706574,2.17839779,0.87862174,0.63126538,-0.76143358,0.52127045,0.0524251586,0.0565362512,10.80883854
58.20000000,4.06217695,2.21964934,1.02939719,-0.10835768,0.94050642,0.59473209,0.0588487517,0.0562493043,10.01825821
58.40000000,3.90719393,2.32867572,1.03014040,-0.97074719,-0.31249213,-0.45825596,0.0566057094,0.0559216427,10.55531162
58.60000000,3.87731660,2.15194293,0.99996391,0.71793597,-0.72039247,0.46433027,0.0530437133,0.0563343075,11.39203057
58.80000000,3.97948912,2.21250462,1.13882212,-0.21409944,1.00696547,0.43609853,0.0587116368,0.0561760594,10.49164617
59.00000000,3.82500416,2.30222274,1.09320724,-0.75270349,-0.52061290,-0.64218349,0.0557309527,0.0559738409,11.13816569
59.20000000,3.85891079,2.13105501,1.06517688,0.89475684,-0.37085324,0.55846042,0.0538975014,0.0561540520,11.57425704
59.40000000,3.93640784,2.24979252,1.17802944,-0.45639266,1.01698004,0.08635566,0.0589014463,0.0561755054,10.61034424
59.60000000,3.78980109,2.28815319,1.07697370,-0.36303939,-0.80543180,-0.68518756,0.0545226213,0.0560536729,11.42537169
59.80000000,3.89572077,2.14673277,1.07112288,0.94721399,0.11378850,0.58295608,0.0549487161,0.0560167806,11.26750963
60.00000000,3.93806933,2.31336793,1.13713682,-0.62267739,0.88836481,-0.27033462,0.0590443268,0.0562264580,10.39647982
60.20000000,3.81429090,2.30201573,1.00119628,-0.01404127,-0.91832776,-0.63755544,0.0535106479,0.0561126964,11.23522169
60.40000000,3.96439894,2.19924298,0.99916561,0.94133239,0.41385484,0.43888207,0.0556419016,0.0559490590,10.66696784
60.60000000,3.99530769,2.38499664,1.02218726,-0.63226221,0.81285879,-0.43532178,0.0594464134,0.0563286319,9.86692359
60.80000000,3.87931835,2.36493271,0.87307015,0.01677698,-0.87905943,-0.69063234,0.0529944829,0.0561669309,10.62407450
61.00000000,4.03511023,2.26462878,0.83596678,1.04353009,0.35024185,0.19589684,0.0551862928,0.0559080321,10.06477126
61.20000000,4.10397050,2.44760871,0.83693524,-0.45566450,0.94644478,-0.38289960,0.0604794851,0.0564435509,9.14183618
61.40000000,3.97030857,2.47914266,0.69584928,-0.37473815,-0.67452601,-0.80906486,0.0538911695,0.0562680376,9.73775451
61.60000000,4.06414304,2.34035000,0.59507699,1.09448595,-0.15208941,-0.17020367,0.0527347105,0.0559979240,9.68742775
61.80000000,4.21574169,2.46747679,0.56908108,0.07627379,1.08361380,-0.26450596,0.0607475621,0.0563128106,8.57510874
62.00000000,4.10488187,2.60039949,0.46433113,-0.84835633,-0.05190875,-0.72635872,0.0580302375,0.0565173376,8.71348248
62.20000000,4.04407158,2.46930364,0.32486326,0.48946740,-0.82982830,-0.56728002,0.0502599615,0.0564644858,9.39917681
62.40000000,4.22380975,2.44224140,0.23819207,0.82247731,0.65846472,-0.37410595,0.0567822700,0.0560453134,8.60968610
62.60000000,4.24417794,2.62616737,0.15120300,-0.63363016,0.76569153,-0.51208326,0.0623080712,0.0567078195,8.04347114
62.80000000,4.07294187,2.63481386,0.04011459,-0.65698400,-0.70164861,-0.57101770,0.0542206999,0.0564382860,8.76065671
63.00000000,4.09783348,2.47024028,-0.07462566,0.83147081,-0.45509801,-0.59290983,0.0506730957,0.0565914063,9.12868289
63.20000000,4.24621772,2.53607537,-0.19669097,0.23886054,0.91782356,-0.59206884,0.0600321767,0.0563814538,8.26528177
63.40000000,4.14723068,2.68592829,-0.29467816,-1.03114518,0.22142076,-0.37109627,0.0604757296,0.0564016938,8.28957799
63.60000000,3.98826576,2.58028984,-0.36123630,-0.16354131,-1.03490695,-0.39015613,0.0515135600,0.0567260508,9.32885861
63.80000000,4.09303379,2.45863867,-0.47988662,0.79814856,0.16106845,-0.76616956,0.0540783152,0.0565067998,9.18398435
64.00000000,4.13147365,2.60141050,-0.61610428,-0.58203418,0.83734402,-0.45835703,0.0613200287,0.0564447978,8.58667451
64.20000000,3.93738467,2.63495417,-0.65165582,-0.90240198,-0.65995875,-0.01118355,0.0557271873,0.0560492423,9.39406406
64.40000000,3.91998100,2.44704157,-0.70047510,0.68828721,-0.62911183,-0.61682979,0.0518069184,0.0567309328,10.11892479
64.60000000,4.02574243,2.49905824,-0.85549429,-0.09897542,0.89985020,-0.65610475,0.0593027997,0.0563405723,9.37286909
64.80000000,3.86880457,2.60898231,-0.89403478,-1.07577924,-0.21403939,0.21653204,0.0575139944,0.0559147318,9.80655746
65.00000000,3.79363592,2.43632566,-0.87764958,0.51786577,-0.92315444,-0.36000125,0.0522425490,0.0565498319,10.86973658
65.20000000,3.91280549,2.43944292,-1.02228824,0.07240744,0.85958935,-0.71124066,0.0581648289,0.0562400525,10.13737506
65.40000000,3.77576770,2.56764539,-1.04860764,-1.03260763,-0.10788384,0.41482831,0.0574002154,0.0559366664,10.43008480
65.60000000,3.71699757,2.40314282,-0.99655242,0.62924940,-0.87819428,-0.28778458,0.0528256617,0.0563521656,11.45643871
65.80000000,3.83623596,2.42868243,-1.13125955,-0.04519882,0.95666733,-0.57684023,0.0582471064,0.0561670290,10.58198852
66.00000000,3.69221544,2.54241212,-1.11077844,-0.86014644,-0.32088532,0.63810710,0.0564771400,0.0559681843,10.99656445
66.20000000,3.69899132,2.37433265,-1.05522870,0.87435943,-0.56523712,-0.40743410,0.0534361173,0.0561822358,11.67792863
66.40000000,3.80008034,2.46501377,-1.17381614,-0.31475490,1.04223647,-0.25430778,0.0587185613,0.0561607293,10.64248007
66.60000000,3.65240833,2.53496583,-1.09178851,-0.52333855,-0.64032706,0.75239483,0.0552300090,0.0560278054,11.27664697
66.80000000,3.73584329,2.38326340,-1.05531414,0.99930972,-0.09736282,-0.49183385,0.0542686578,0.0560363091,11.39952129
67.00000000,3.80567734,2.53233525,-1.13650406,-0.51624432,0.98636821,0.10280821,0.0591267824,0.0562206790,10.37025252
67.20000000,3.67106018,2.55638109,-1.01173430,-0.20570901,-0.80368993,0.74951068,0.0541613211,0.0560991001,11.09593378
67.40000000,3.80218067,2.43418407,-0.98062685,1.02738141,0.20993782,-0.38783181,0.0547944213,0.0559529136,10.80518676
67.60000000,3.86248328,2.60904079,-1.02104575,-0.53253779,0.94095037,0.28463286,0.0596630969,0.0563163987,9.81637600
67.80000000,3.73354468,2.62596773,-0.88137032,-0.19008451,-0.76978183,0.78822825,0.0537907045,0.0561661233,10.47606424
68.00000000,3.86502470,2.50594910,-0.81773502,1.10154518,0.13972350,-0.13067337,0.0541495530,0.0559250249,10.20391808
68.20000000,3.96448651,2.67339903,-0.82947237,-0.31075640,1.04258353,0.25777898,0.0604576857,0.0563690082,9.12418063
68.40000000,3.82942029,2.74239158,-0.70294293,-0.55087133,-0.50116196,0.83389294,0.0552131648,0.0562976480,9.55662020
68.60000000,3.88525585,2.59803235,-0.58290791,1.02328513,-0.36053052,0.27000971,0.0517849007,0.0560887055,9.78752172
68.80000000,4.05738185,2.69370258,-0.55375353,0.27260062,1.06484218,0.20445045,0.0598605661,0.0561782253,8.65293980
69.00000000,3.96985161,2.85241381,-0.46339070,-0.87301334,0.16842692,0.67784957,0.0594959263,0.0566021819,8.55875146
69.20000000,3.87425331,2.74595138,-0.32170299,0.25095581,-0.89145045,0.62636829,0.0506658928,0.0565041662,9.33793009
69.40000000,4.03849899,2.68107822,-0.22538104,0.93707875,0.46675194,0.39246146,0.0550236468,0.0560433172,8.77924529
69.60000000,4.09525392,2.85762933,-0.13993943,-0.47166896,0.88783854,0.48915344,0.0624135016,0.0566347405,8.03024825
69.80000000,3.92710117,2.90428008,-0.03299533,-0.81240147,-0.52979750,0.55616402,0.0560631211,0.0564019596,8.58177591
70.00000000,3.90927305,2.73690836,0.07936958,0.68754314,-0.66048666,0.58398781,0.0500152417,0.0567330883,9.20168056
70.20000000,4.06778143,2.76224244,0.20306604,0.43394567,0.82147416,0.62198981,0.0584720335,0.0563138528,8.41196042
70.40000000,4.00282771,2.92490965,0.30850423,-0.95944891,0.41193680,0.39970717,0.0614624566,0.0565007092,8.20669249
70.60000000,3.82473453,2.85253797,0.37240218,-0.39224143,-0.99445032,0.32743730,0.0527387318,0.0565339564,9.20523549
70.80000000,3.90124363,2.70119049,0.47735498,0.83749267,-0.08243628,0.73607761,0.0526464183,0.0566199752,9.35686248
71.00000000,3.97186949,2.82041170,0.62220238,-0.39654587,0.88732269,0.55263893,0.0609184351,0.0564430107,8.64393895
71.20000000,3.78885548,2.88606835,0.67051114,-1.01313569,-0.47281196,0.00221124,0.0570462524,0.0559797984,9.24521831
71.40000000,3.73590184,2.70059027,0.70023464,0.57816485,-0.82201974,0.48990704,0.0514851379,0.0567696361,10.19325899
71.60000000,3.85736533,2.71354093,0.85088824,0.09555138,0.82214776,0.75162687,0.0583809678,0.0563427873,9.50556472
71.80000000,3.72330442,2.84158386,0.91241606,-1.10703370,-0.01294949,-0.15591237,0.0584053281,0.0559655588,9.69509942
72.00000000,3.61827703,2.68696583,0.88093990,0.37005240,-1.03779442,0.18985235,0.0523508890,0.0565043000,10.88164286
72.20000000,3.74587594,2.65181786,1.01240845,0.25472075,0.74118791,0.79734420,0.0573253800,0.0562380262,10.28125955
72.40000000,3.63128930,2.79286662,1.06542595,-1.06373245,0.08941994,-0.33238126,0.0581016761,0.0559832547,10.32452125
72.60000000,3.54420241,2.64706535,0.99741464,0.50558307,-0.99217050,0.09991708,0.0528332747,0.0563286748,11.47609638
72.80000000,3.67607785,2.63705341,1.12057035,0.13241956,0.86962300,0.69008757,0.0576346021,0.0561511597,10.69884477
73.00000000,3.54732233,2.76931941,1.12762378,-0.94270195,-0.11892530,-0.58921114,0.0571879515,0.0559889037,10.86526372
73.20000000,3.52527331,2.61141106,1.04895538,0.81560439,-0.72960543,0.22905317,0.0531459791,0.0562089752,11.74585858
73.40000000,3.64742014,2.67126287,1.16580231,-0.15511154,1.02961287,0.40723177,0.0583677663,0.0561331919,10.70523614
73.60000000,3.50373028,2.76909477,1.10749028,-0.66779231,-0.45514502,-0.77259070,0.0559868161,0.0560257014,11.12244783
73.80000000,3.56064870,2.61441931,1.04199978,1.01548490,-0.29837856,0.36022301,0.0536915070,0.0560689064,11.51074757
74.00000000,3.65728178,2.74099039,1.13178522,-0.38546009,1.04761752,0.06259404,0.0590125626,0.0561938316,10.37701061
74.20000000,3.51700146,2.79877069,1.02433685,-0.38930734,-0.65433592,-0.81870890,0.0549524912,0.0560912400,10.93713687
74.40000000,3.62358645,2.66401849,0.96382797,1.07861971,0.00268083,0.29423169,0.0540090120,0.0559807986,10.93227118
74.60000000,3.71314681,2.82188437,1.01583334,-0.40577395,1.03327572,-0.13299904,0.0596347764,0.0562761191,9.80093359
74.80000000,3.57725722,2.87481352,0.89154741,-0.38424471,-0.62243158,-0.84553823,0.0547769680,0.0561749020,10.30681661
75.00000000,3.67868085,2.74245197,0.80182313,1.11529204,-0.07222150,0.03012790,0.0532196835,0.0559740869,10.32533465
75.20000000,3.80665558,2.88814014,0.81838961,-0.14404108,1.09963533,-0.14161312,0.0601250333,0.0562763239,9.14458220
75.40000000,3.67731761,2.99164873,0.70988948,-0.69290245,-0.30401591,-0.82307988,0.0566111995,0.0563547298,9.37367313
75.60000000,3.69308928,2.85066199,0.57410665,0.89911277,-0.54325336,-0.38271657,0.0511670124,0.0561907922,9.84174609
75.80000000,3.87865147,2.91096360,0.53695233,0.46710580,1.00231365,-0.16486201,0.0586864439,0.0560576477,8.76437805
76.00000000,3.81961234,3.08891334,0.46018996,-0.85224536,0.37913519,-0.61638812,0.0606749503,0.0566600152,8.43420745
76.20000000,3.69549158,3.01319880,0.32006455,0.00300134,-0.89375991,-0.67170245,0.0515858967,0.0564753340,9.22363556
76.40000000,3.83507543,2.91489153,0.21384371,1.00548392,0.24745216,-0.42162716,0.0533319336,0.0561068121,8.94621983
76.60000000,3.92623880,3.07569197,0.12799598,-0.28669071,0.97171735,-0.47283590,0.0620235097,0.0565266731,8.06025387
76.80000000,3.76946499,3.15794349,0.02476279,-0.92072643,-0.33337103,-0.53956145,0.0578944837,0.0564382460,8.40961011
77.00000000,3.71012237,2.99780107,-0.08442082,0.49707575,-0.82476595,-0.56804646,0.0499346855,0.0567988581,9.21458285
77.20000000,3.86932614,2.98060663,-0.20797981,0.60920476,0.67991884,-0.64543001,0.0567017465,0.0562955593,8.58237480
77.40000000,3.84100391,3.14806478,-0.32130584,-0.84927112,0.57924853,-0.43955620,0.0620311757,0.0565615248,8.16379667
77.60000000,3.65198719,3.11165453,-0.38571624,-0.60043438,-0.90099756,-0.27871474,0.0542208084,0.0563275223,9.05327270
77.80000000,3.69456449,2.93895826,-0.47582826,0.82414719,-0.32825577,-0.68046272,0.0515368853,0.0567468471,9.50132727
78.00000000,3.79332909,3.02775457,-0.62513395,-0.19640120,0.89420269,-0.64173833,0.0601410026,0.0564267749,8.73957206
78.20000000,3.62806538,3.12119574,-0.68929215,-1.08371087,-0.27377254,-0.02488590,0.0582741170,0.0559973581,9.11146590
78.40000000,3.54058825,2.94690417,-0.70377577,0.42712590,-0.97169825,-0.35123488,0.0515521950,0.0567323597,10.21464482
78.60000000,3.67101409,2.91957781,-0.84368471,0.28778268,0.70402900,-0.81946583,0.0572748600,0.0563421545,9.66334248
78.80000000,3.56439769,3.05904920,-0.92866260,-1.10210525,0.17697651,0.06358695,0.0591341582,0.0560473939,9.61063085
79.00000000,3.43227880,2.92830642,-0.88855641,0.19477005,-1.10066330,-0.02459428,0.0527257577,0.0564117974,10.84532594
79.20000000,3.56193956,2.85661341,-1.00062701,0.43191724,0.58988126,-0.84586497,0.0563889261,0.0562429537,10.44304297
79.40000000,3.47387922,3.00386821,-1.07970493,-1.06258362,0.27157715,0.21716780,0.0586694693,0.0560529978,10.24464504
79.60000000,3.36020238,2.88187463,-1.00265140,0.35125222,-1.05800190,0.08516933,0.0530574875,0.0562867996,11.45037148
79.80000000,3.49937533,2.83741425,-1.10749840,0.31351397,0.74969972,-0.76789275,0.0569121378,0.0561369269,10.83713259
80.00000000,3.39056074,2.98228845,-1.14275604,-0.99706831,0.07634330,0.50002645,0.0578213696,0.0560296224,10.75181320
80.20000000,3.33905987,2.84070897,-1.04684299,0.71800974,-0.85626055,-0.03577480,0.0530460533,0.0562076629,11.77205817
80.40000000,3.47859596,2.86838541,-1.15443883,0.01934123,0.98104737,-0.53588424,0.0578695908,0.0561048103,10.79604382
80.60000000,3.34415396,2.98952150,-1.12299775,-0.79084033,-0.26016832,0.74624658,0.0567420582,0.0560437670,10.97270523
80.80000000,3.37138271,2.83895844,-1.03203363,0.99078603,-0.47935182,-0.19637931,0.0532575913,0.0561031041,11.59103271
81.00000000,3.49292591,2.93920151,-1.12314584,-0.23235465,1.07206244,-0.21608654,0.0587107103,0.0561511320,10.41613569
81.20000000,3.35261635,3.02780620,-1.03791677,-0.55709532,-0.48039076,0.84194387,0.0558238624,0.0561018359,10.77030793
81.40000000,3.42988925,2.88775061,-0.94977325,1.08821377,-0.19757474,-0.16356947,0.0533393347,0.0560164672,11.03624635
81.60000000,3.54725812,3.02340154,-1.00665799,-0.25460450,1.08861165,-0.01005866,0.0593679000,0.0562088269,9.82064255
81.80000000,3.41081721,3.10993341,-0.90246654,-0.55695063,-0.44737960,0.86003339,0.0558697136,0.0562058396,10.12929816
82.00000000,3.47769694,2.97309120,-0.78911278,1.07947747,-0.27383671,0.09870060,0.0524704209,0.0560339695,10.41560103
82.20000000,3.63051652,3.09177718,-0.80410255,0.03929798,1.11654469,0.04223242,0.0595079562,0.0561644519,9.20153204
82.40000000,3.51380423,3.22562817,-0.71564809,-0.79572646,-0.09443380,0.77968046,0.0579622247,0.0564290102,9.20176375
82.60000000,3.48960674,3.09653047,-0.56885005,0.72720090,-0.68774388,0.49818387,0.0509566832,0.0562732818,9.84151668
82.80000000,3.68023766,3.11935519,-0.51945508,0.65051395,0.89702842,0.14890118,0.0573040803,0.0559710391,8.90246225
83.00000000,3.65365382,3.30931401,-0.45446776,-0.78886525,0.57239426,0.54777403,0.0614817547,0.0566721597,8.34601352
83.20000000,3.50852204,3.26856106,-0.31929635,-0.23798534,-0.83900554,0.69959463,0.0529322772,0.0564454963,9.06932813
83.40000000,3.61557919,3.14337979,-0.20386675,1.01944099,0.01202297,0.45890682,0.0518575817,0.0562251070,9.09346692
83.60000000,3.73728137,3.28045593,-0.11577145,-0.08576403,1.01350997,0.46415732,0.0611661189,0.0563893917,8.13202416
83.80000000,3.59939150,3.39438806,-0.01542185,-0.98002715,-0.12419655,0.52356657,0.0595615669,0.0565158776,8.25752108
84.00000000,3.50218327,3.25067498,0.09016699,0.27348525,-0.93615770,0.54663931,0.0504358985,0.0567760531,9.16597977
84.20000000,3.65222797,3.19145114,0.21168122,0.75398806,0.49711742,0.65907225,0.0548695088,0.0563350025,8.76445590
84.40000000,3.66159769,3.35522221,0.33261568,-0.70547860,0.71711296,0.48790256,0.0621404463,0.0565723480,8.16314317
84.60000000,3.47002462,3.35548079,0.40069075,-0.77743710,-0.76425633,0.24799954,0.0558274222,0.0561880352,8.88989516
84.80000000,3.47505701,3.17086994,0.47615874,0.75595862,-0.56087486,0.60327929,0.0508548154,0.0568598964,9.60246597
85.00000000,3.59630364,3.22369469,0.62511326,0.01184297,0.85655349,0.71845377,0.0590379962,0.0564088843,8.86960541
85.20000000,3.45484041,3.33943502,0.70703726,-1.11297979,-0.07340997,0.07672629,0.0593312960,0.0560729293,9.00239540
85.40000000,3.33557869,3.18391741,0.71131355,0.24373756,-1.07015092,0.21299991,0.0519813652,0.0566278437,10.18279976
85.60000000,3.46745246,3.11718032,0.83475834,0.46955584,0.54949698,0.85297733,0.0560690747,0.0563650947,9.83786586
85.80000000,3.39210598,3.26102387,0.94198040,-1.06096558,0.34851697,0.05373930,0.0596553002,0.0561370404,9.55806191
86.00000000,3.23684322,3.15835871,0.90020501,0.00099243,-1.11128473,-0.12265893,0.0533239681,0.0562842184,10.76660866
86.20000000,3.36173677,3.05356407,0.98796997,0.59596062,0.41173691,0.85164759,0.0554248975,0.0562649453,10.61390647
86.40000000,3.30365448,3.20035718,1.09072973,-1.02810157,0.43253255,-0.07695909,0.0590695793,0.0561103305,10.19467240
86.60000000,3.16624885,3.10576172,1.01202738,0.17284489,-1.07505685,-0.25372696,0.0534743201,0.0562037190,11.38305748
86.80000000,3.30663966,3.02947905,1.09295409,0.49128454,0.60191440,0.80395180,0.0561266764,0.0561344353,10.99006999
87.00000000,3.22213183,3.18086235,1.15531809,-1.02047910,0.25769970,-0.37711169,0.0583403558,0.0560836417,10.66205092
87.20000000,3.14173430,3.06058491,1.04907355,0.58379902,-0.94024453,-0.15848937,0.0531418700,0.0561956760,11.75429215
87.40000000,3.29387438,3.05618277,1.14037824,0.20390238,0.89947699,0.63195325,0.0572533035,0.0560754777,10.91088699
87.60000000,3.17399848,3.19547128,1.13727347,-0.88759085,-0.06464037,-0.67675997,0.0574463246,0.0560815926,10.83600563
87.80000000,3.16946823,3.05550412,1.02604265,0.92252024,-0.63152435,0.01154827,0.0529999773,0.0561304456,11.63228485
88.00000000,3.31272043,3.12683069,1.11098008,-0.06021517,1.06066870,0.34836187,0.0582406953,0.0561001172,10.48567460
88.20000000,3.17829824,3.24237607,1.05134934,-0.70218493,-0.29200829,-0.81955320,0.0567094227,0.0561329493,10.60633798
88.40000000,3.22259058,3.10421523,0.93928728,1.05128879,-0.38048578,0.00473401,0.0528369328,0.0560645230,11.10605821
88.60000000,3.36486312,3.21348704,0.99387156,-0.08282289,1.10670040,0.13547891,0.0588826880,0.0561316731,9.87410158
88.80000000,3.23444434,3.33007658,0.91297361,-0.70098572,-0.25519387,-0.83276351,0.0569772621,0.0562599528,9.95572145
89.00000000,3.26388807,3.19660449,0.78024080,0.99201166,-0.45333242,-0.24576928,0.0519715482,0.0561094666,10.46327650
89.20000000,3.43628006,3.28428831,0.78724220,0.23281309,1.09301457,0.03342398,0.0586485014,0.0560608549,9.29172058
89.40000000,3.33861529,3.44333742,0.71931904,-0.85643768,0.11742260,-0.70903200,0.0591546655,0.0565039749,9.05132929
89.60000000,3.27666650,3.33369953,0.56697927,0.51730522,-0.78448528,-0.60578718,0.0511954394,0.0563194481,9.78478269
89.80000000,3.46314911,3.31898429,0.50209887,0.81242043,0.75162275,-0.15822842,0.0558079934,0.0559306443,9.05734355
90.00000000,3.47159725,3.51323092,0.44617609,-0.68663381,0.74180158,-0.47777023,0.0618634412,0.0566317104,8.29793839
90.20000000,3.31369906,3.50972372,0.31868424,-0.45756275,-0.73387992,-0.70855949,0.0545718485,0.0564227409,8.89152655
90.40000000,3.38231777,3.36594323,0.19558604,0.97396060,-0.22504836,-0.50075337,0.0507439985,0.0563680796,9.20368799
90.60000000,3.52878211,3.47216681,0.10367469,0.12320304,1.01000028,-0.46337932,0.0599014274,0.0562629930,8.24197732
90.80000000,3.41629988,3.61254677,0.00510136,-0.99092922,0.08709644,-0.51036599,0.0609343984,0.0566117312,8.13551710
91.00000000,3.28688108,3.49306822,-0.09692201,0.03312604,-0.98813826,-0.52200135,0.0514602420,0.0566684699,9.06281744
91.20000000,3.41820571,3.39496148,-0.21456619,0.85757349,0.28027912,-0.66031150,0.0531402372,0.0564335178,8.94304013
91.40000000,3.46462843,3.54640505,-0.34207029,-0.53330460,0.82015927,-0.54122540,0.0617787382,0.0565382360,8.20504913
91.60000000,3.27869350,3.58221654,-0.41669826,-0.91596160,-0.59547594,-0.23753464,0.0574285689,0.0561392711,8.73086285
91.80000000,3.24483598,3.39547629,-0.47903996,0.63538681,-0.76485032,-0.51116293,0.0506566121,0.0568953333,9.64957165
92.00000000,3.38144203,3.40853660,-0.62259408,0.22034841,0.77427998,-0.77584602,0.0576891536,0.0564038249,9.02777292
92.20000000,3.26905542,3.54018234,-0.72287726,-1.10101486,0.11919954,-0.15348514,0.0601497609,0.0561757391,8.92491036
92.40000000,3.12224834,3.40950180,-0.72270026,0.03911630,-1.11394104,-0.08720789,0.0527155419,0.0564689494,10.10365259
92.60000000,3.24767836,3.30626052,-0.82514964,0.63149698,0.36446449,-0.84757133,0.0548624740,0.0564135675,10.01849213
92.80000000,3.20648124,3.44733053,-0.95177565,-0.98411978,0.49608538,-0.18816883,0.0599339081,0.0562022434,9.54041088
93.00000000,3.03304392,3.37525953,-0.91527110,-0.20121311,-1.07308599,0.24083125,0.0540910879,0.0561434371,10.65524936
93.20000000,3.14623369,3.24227571,-0.97555894,0.73779424,0.21426092,-0.81225111,0.0545081724,0.0563040522,10.78327315
93.40000000,3.12072954,3.38217398,-1.09799205,-0.95977398,0.56791502,-0.07941271,0.0592764206,0.0561665870,10.17720632
93.60000000,2.96352392,3.31702908,-1.02499789,-0.02137470,-1.04618929,0.39373981,0.0540487358,0.0561191448,11.28169525
93.80000000,3.09857327,3.21286425,-1.07796809,0.65749849,0.43235286,-0.79420821,0.0553314211,0.0561452479,11.14918158
94.00000000,3.04220312,3.36474006,-1.16462314,-1.01075989,0.41969611,0.22851601,0.0587144865,0.0561216108,10.60017875
94.20000000,2.93469992,3.26940855,-1.05550760,0.41789313,-0.97976606,0.33974071,0.0534255471,0.0561502798,11.69445237
94.40000000,3.09365981,3.23439813,-1.12444823,0.39221660,0.78872953,-0.68852873,0.0565555089,0.0560534009,11.04415717
94.60000000,2.99351657,3.38637915,-1.14938499,-0.95389904,0.12370734,0.56988864,0.0580550673,0.0561239985,10.71930448
94.80000000,2.95645173,3.26258951,-1.02436623,0.81092448,-0.74810677,0.18093562,0.0529415237,0.0561439543,11.62971963
95.00000000,3.11687886,3.30371802,-1.09589568,0.12615670,1.01524354,-0.45096007,0.0576308581,0.0560494494,10.58220545
95.20000000,2.99433803,3.44161946,-1.06355373,-0.81873948,-0.09849700,0.75495957,0.0575441677,0.0561762670,10.45474184
95.40000000,3.00336908,3.31209832,-0.93293437,0.96591788,-0.53658446,0.17052773,0.0525471915,0.0561099191,11.13317610
95.60000000,3.16612914,3.39204207,-0.97805399,0.10436382,1.08806419,-0.23499883,0.0582108478,0.0560552202,9.95833056
95.80000000,3.04824099,3.53426333,-0.92198570,-0.81079793,-0.05566529,0.76779427,0.0580104819,0.0563217805,9.79660276
96.00000000,3.03917571,3.41153340,-0.77552549,0.85485176,-0.60010408,0.39887782,0.0517808148,0.0561686993,10.46090725
96.20000000,3.22437035,3.46567808,-0.76862237,0.42859443,1.02954564,-0.07964007,0.0576014716,0.0559746060,9.40974929
96.40000000,3.15146303,3.64403521,-0.72020160,-0.87395465,0.32295976,0.61798075,0.0600976455,0.0565514099,8.93021570
96.60000000,3.05590027,3.56009725,-0.56801188,0.28262140,-0.82822753,0.69581912,0.0518788261,0.0563278055,9.67653101
96.80000000,3.22874911,3.50993144,-0.48572194,0.94172934,0.57097656,0.19269555,0.0543057450,0.0559436276,9.21619488
97.00000000,3.27321565,3.70045063,-0.43546731,-0.55005920,0.88197593,0.41176848,0.0617993112,0.0565287687,8.29171531
97.20000000,3.11106792,3.73464369,-0.31753468,-0.64448647,-0.58791544,0.69928004,0.0563459235,0.0564497509,8.70728656
97.40000000,3.13774735,3.58160738,-0.18896782,0.86884922,-0.44743339,0.54305095,0.0501101591,0.0565011086,9.26238176
97.60000000,3.30141800,3.65120848,-0.09208764,0.33116380,0.95885799,0.47002324,0.0583202048,0.0561682588,8.38400107
97.80000000,3.21972394,3.81166341,0.00596338,-0.95573717,0.29125608,0.50173329,0.0619123008,0.0566712995,8.05047179
98.00000000,3.06521624,3.72247018,0.10489127,-0.20711930,-0.97997054,0.49674872,0.0528972715,0.0565281257,8.91866511
98.20000000,3.16931037,3.59112525,0.21714496,0.91038895,0.04028298,0.64774160,0.0516795167,0.0565745882,9.10089880
98.40000000,3.25029632,3.72181441,0.34944394,-0.33855638,0.88371347,0.59534027,0.0609664224,0.0564757670,8.28795539
98.60000000,3.07777207,3.79043907,0.43303119,-1.01177530,-0.40605152,0.24785649,0.0589045793,0.0561812686,8.58932616
98.80000000,3.00594326,3.61099206,0.48492299,0.46974609,-0.92685200,0.41265473,0.0509437888,0.0568557749,9.63845427
99.00000000,3.14962833,3.58259588,0.61825472,0.41981776,0.64900570,0.80780232,0.0562012217,0.0564257018,9.20518055
99.20000000,3.07064347,3.72308573,0.73608655,-1.04872209,0.29650123,0.24953748,0.0606750636,0.0562793013,8.88352781
99.40000000,2.90176196,3.62159449,0.73745060,-0.17443508,-1.10423039,-0.01573498,0.0536791254,0.0562678187,9.98806365
99.60000000,3.01295600,3.48659125,0.81599481,0.76357019,0.15684989,0.80147278,0.0537590206,0.0564824226,10.19262991
99.80000000,3.00760818,3.61792629,0.95768242,-0.87267876,0.61553570,0.33097966,0.0599480659,0.0562619829,9.55904262
100.00000000,2.82180398,3.57735417,0.93288761,-0.40163423,-0.99252667,-0.32183955,0.0549677467,0.0560173860,10.52327200
100.20000000,2.91664703,3.42220748,0.96453352,0.84803289,0.00621226,0.72856130,0.0537116954,0.0563528545,10.93938951
100.40000000,2.92522309,3.54925186,1.10121066,-0.85779846,0.67483565,0.24244297,0.0592747505,0.0561916875,10.19341021
100.60000000,2.75310226,3.51416056,1.04076467,-0.22221507,-0.97705438,-0.49596889,0.0547384020,0.0560268968,11.15634301
100.80000000,2.87610498,3.38707875,1.06363119,0.80289471,0.24803948,0.73745267,0.0545820401,0.0561694301,11.30454256
101.00000000,2.85091440,3.53373374,1.17018326,-0.96644323,0.55855154,-0.06330563,0.0589214556,0.0561550362,10.56891216
101.20000000,2.71931987,3.46563280,1.06569839,0.22752368,-0.97618524,-0.49527295,0.0538766432,0.0561024032,11.59823529
101.40000000,2.87853677,3.40270739,1.10761346,0.57629868,0.65344031,0.70063937,0.0558184372,0.0560455409,11.18857244
101.60000000,2.80290039,3.56184880,1.15855272,-0.98643867,0.29884505,-0.43316318,0.0585310924,0.0561677597,10.62788706
101.80000000,2.73393454,3.45871553,1.02702090,0.65944660,-0.82492458,-0.36691903,0.0530920719,0.0561400335,11.58267158
102.00000000,2.90575892,3.46967179,1.07868944,0.32027259,0.93832219,0.51669805,0.0569167207,0.0560088494,10.70066187
102.20000000,2.80093559,3.62489357,1.07356169,-0.90206352,0.09222349,-0.65404600,0.0582696796,0.0562241676,10.32327172
102.40000000,2.77400496,3.50997607,0.93095742,0.83378155,-0.65821797,-0.34865078,0.0525039734,0.0561328366,11.11304113
102.60000000,2.95138682,3.55896634,0.95998781,0.30013597,1.03392077,0.30153970,0.0573932359,0.0559907755,10.06855517
102.80000000,2.85222060,3.72175124,0.92856428,-0.88245488,0.14277161,-0.67148313,0.0588912471,0.0563715088,9.66034259
103.00000000,2.80547764,3.61627111,0.77492375,0.67422151,-0.70598281,-0.54498953,0.0519338655,0.0561995185,10.40652103
103.20000000,2.99547053,3.63596992,0.74919595,0.61720893,0.92764746,0.09232162,0.0564320970,0.0559183333,9.54781773
103.40000000,2.95207520,3.82718673,0.71782900,-0.84866228,0.51514966,-0.51419170,0.0607258857,0.0565476337,8.84385810
103.60000000,2.82862877,3.77363615,0.57119710,0.03806128,-0.81841535,-0.76075462,0.0529520282,0.0563261783,9.52768728
103.80000000,2.97876974,3.69219372,0.47109709,1.02755385,0.36276474,-0.25006951,0.0529142968,0.0560048405,9.36371719
104.00000000,3.05845154,3.87091782,0.42267086,-0.38439794,0.98819272,-0.35456075,0.0612990086,0.0563926509,8.32723179
104.20000000,2.90046136,3.94160141,0.31524700,-0.79107373,-0.41184401,-0.67423053,0.0580915492,0.0565225693,8.53197500
104.40000000,2.88431401,3.78899193,0.18380703,0.70958445,-0.63896753,-0.58155855,0.0500320581,0.0565900075,9.26094461
104.60000000,3.05617629,3.81808267,0.08133064,0.52775295,0.85921451,-0.48293602,0.0565414574,0.0561247089,8.54896343
104.80000000,3.00934059,3.99125711,-0.01745752,-0.87778218,0.48025129,-0.49885579,0.0624267887,0.0566745968,8.00659774
105.00000000,2.83778690,3.93648721,-0.11415074,-0.43203290,-0.91601100,-0.47357298,0.0546028263,0.0563938080,8.75068067
105.20000000,2.90787280,3.77962700,-0.21998981,0.90564735,-0.20854853,-0.62153868,0.0506330000,0.0567202941,9.22085265
105.40000000,3.01899272,3.88181524,-0.35467706,-0.12796280,0.90380113,-0.64557647,0.0597573287,0.0564155952,8.40824372
105.60000000,2.86703591,3.97908862,-0.44895975,-1.06302987,-0.20663138,-0.27797646,0.0601510644,0.0562778050,8.47531806
105.80000000,2.76022708,3.81539321,-0.49396434,0.27043453,-1.03747267,-0.31704190,0.0516677481,0.0567194144,9.57239747
106.00000000,2.90202338,3.74615080,-0.61296206,0.59962234,0.48454212,-0.80973571,0.0547014589,0.0564866282,9.39017748
106.20000000,2.85959904,3.88800187,-0.74612344,-0.95765796,0.45230532,-0.35820535,0.0608690388,0.0563489753,8.88072955
106.40000000,2.67505853,3.81831070,-0.75480340,-0.38478443,-1.04603566,0.08803574,0.0547887306,0.0560965029,9.84973611
106.60000000,2.76482963,3.65776965,-0.80843577,0.85603574,-0.06354825,-0.71635492,0.0528556458,0.0565558617,10.34666249
106.80000000,2.79561311,3.77286628,-0.95958064,-0.72855828,0.70393232,-0.47295038,0.0596913825,0.0562854300,9.61380881
107.00000000,2.60389083,3.76324987,-0.95202069,-0.59067459,-0.87793104,0.36102709,0.0558940075,0.0559374182,10.38324629
107.20000000,2.67444872,3.59266274,-0.95596175,0.91796289,-0.20278051,-0.60516456,0.0530981425,0.0563977124,11.07036719
107.40000000,2.71727208,3.70158259,-1.10034274,-0.72331911,0.75164135,-0.40229926,0.0590613592,0.0562090642,10.24310712
107.60000000,2.53592680,3.69586842,-1.05835069,-0.42029085,-0.87512615,0.55453563,0.0554969792,0.0559706121,11.01815369
107.80000000,2.64041264,3.55152028,-1.05102163,0.91789226,0.05671794,-0.63581194,0.0539319566,0.0562054446,11.44535969
108.00000000,2.64838953,3.68773069,-1.17172773,-0.88693829,0.67193315,-0.10884055,0.0589483738,0.0561700131,10.56962576
108.20000000,2.49686472,3.64785664,-1.07893526,0.02157194,-0.93355773,0.61482075,0.0544637689,0.0560506957,11.47422510
108.40000000,2.64930956,3.56071464,-1.09092486,0.74679561,0.49897760,-0.66582100,0.0550878546,0.0560524960,11.33525817
108.60000000,2.60229205,3.72161019,-1.16418495,-0.98278999,0.45640819,0.27534584,0.0588463452,0.0561870242,10.56546910
108.80000000,2.50349841,3.64241556,-1.03369662,0.47455999,-0.86072545,0.53286439,0.0534461703,0.0561200667,11.49472206
109.00000000,2.67990712,3.62446321,-1.06031137,0.51393149,0.83312078,-0.54017046,0.0561393768,0.0559827437,10.83418344
109.20000000,2.59821566,3.79173250,-1.08057079,-0.94863625,0.27384450,0.52449823,0.0588380930,0.0562588439,10.21784015
109.40000000,2.53628979,3.69637067,-0.93324777,0.66029747,-0.74033553,0.51566509,0.0527236013,0.0561508861,11.04592385
109.60000000,2.72117638,3.71415374,-0.94062128,0.49598367,0.94621432,-0.32966437,0.0564778477,0.0559448245,10.19797627
109.80000000,2.64633727,3.89199282,-0.93196868,-0.91352206,0.33324292,0.55174861,0.0595579716,0.0564041694,9.55319019
110.00000000,2.56459645,3.80913453,-0.77802957,0.46007704,-0.76617230,0.67179540,0.0524347840,0.0562128681,10.30407091
110.20000000,2.75056747,3.79519282,-0.72999861,0.78788342,0.79019944,-0.06945865,0.0552143599,0.0558995488,9.69554661
110.40000000,2.74022738,3.99242531,-0.71198365,-0.78215221,0.68827958,0.40559720,0.0610012319,0.0564998509,8.79558956
110.60000000,2.59582745,3.97232859,-0.57560409,-0.20160427,-0.75869455,0.79607678,0.0543156784,0.0563357835,9.35286552
110.80000000,2.71529308,3.86561179,-0.45886014,1.06058154,0.13768704,0.32589725,0.0517539392,0.0561131167,9.48352322
111.00000000,2.82743700,4.02473347,-0.40826288,-0.19581573,1.05614742,0.31017538,0.0604000706,0.0562502009,8.40249386
111.20000000,2.68159651,4.12921107,-0.31136601,-0.89290579,-0.21633402,0.63711756,0.0596591405,0.0566170915,8.37807794
111.40000000,2.62428303,3.98634474,-0.17974665,0.50705043,-0.78599225,0.61246712,0.0505278771,0.0565953032,9.19876582
111.60000000,2.79439177,3.97336553,-0.07163260,0.70139632,0.71249018,0.50040073,0.0547078573,0.0561457663,8.72439270
111.80000000,2.78498173,4.15109650,0.02901969,-0.76105680,0.64696145,0.50222840,0.0624427174,0.0566215835,8.00589542
112.00000000,2.60486489,4.13297228,0.12464101,-0.62946302,-0.80422499,0.45497078,0.0564185217,0.0563329318,8.57647208
112.20000000,2.63640135,3.95976271,0.22366919,0.84100001,-0.44957720,0.58360883,0.0501051869,0.0568442189,9.28874989
112.40000000,2.77132447,4.02691862,0.35789595,0.09043470,0.87737340,0.68704980,0.0582391317,0.0563706935,8.55986426
112.60000000,2.64630020,4.14743562,0.46378505,-1.06955249,-0.00670992,0.32559545,0.0610821902,0.0563762049,8.39587445
112.80000000,2.50925404,4.00655326,0.50601415,0.05134244,-1.09225666,0.23310788,0.0527426589,0.0565096626,9.46135300
113.00000000,2.64009946,3.89938368,0.60771136,0.74837491,0.28732160,0.77934667,0.0533261457,0.0565813893,9.56869912
113.20000000,2.63598158,4.03495870,0.75266112,-0.83004835,0.58155364,0.47203289,0.0607128831,0.0563784173,8.91722466
113.40000000,2.44286312,3.99802475,0.77380585,-0.58099785,-0.94700380,-0.12500091,0.0559607384,0.0559745538,9.70302437
113.60000000,2.50510863,3.81919086,0.80351706,0.90072393,-0.28551159,0.59764495,0.0522292952,0.0566253364,10.46747959
113.80000000,2.57068195,3.91227409,0.95760501,-0.55476886,0.75933369,0.60468487,0.0591751303,0.0562912445,9.70305856
114.00000000,2.37992375,3.93183737,0.97155995,-0.75983695,-0.73831302,-0.35712973,0.0568119963,0.0559103643,10.24691121
114.20000000,2.42134364,3.75279301,0.95074675,0.94071441,-0.40282910,0.45031662,0.0527124385,0.0564355425,11.16561504
114.40000000,2.49705441,3.83918966,1.09558675,-0.55870899,0.79766415,0.54915945,0.0586462345,0.0562000941,10.32478218
114.60000000,2.31279758,3.86111410,1.07668273,-0.60662211,-0.74864651,-0.56704316,0.0562768638,0.0559439787,10.87809976
114.80000000,2.39292621,3.70547946,1.04112410,0.99356246,-0.13349166,0.49498843,0.0534272923,0.0562340520,11.56092548
115.00000000,2.43475501,3.82666206,1.16921266,-0.77274349,0.75867784,0.27798448,0.0587927035,0.0561667498,10.60244478
115.20000000,2.26847311,3.81487050,1.09430865,-0.19021009,-0.85785368,-0.69130827,0.0551469978,0.0560143571,11.33265269
115.40000000,2.40703291,3.70795160,1.07545613,0.89353396,0.33134926,0.58464063,0.0544105004,0.0560712453,11.47409582
115.60000000,2.39179924,3.86548076,1.16590132,-0.94155537,0.59350240,-0.10596377,0.0589830968,0.0561956364,10.53434296
115.80000000,2.26663602,3.81231812,1.04378609,0.26515866,-0.85706006,-0.66718728,0.0539820646,0.0560911439,11.37310109
116.00000000,2.44010184,3.76782432,1.04181597,0.69741078,0.70354810,0.51830321,0.0553440091,0.0559762647,10.97409373
116.20000000,2.38624760,3.94180511,1.08398231,-0.95613179,0.44162967,-0.37520016,0.0592145217,0.0562801681,10.14262410
116.40000000,2.29193538,3.86981607,0.93935274,0.45416076,-0.78090751,-0.65872711,0.0531997512,0.0561436124,10.93689943
116.60000000,2.47629365,3.85748852,0.92101841,0.68183363,0.82775689,0.31610341,0.0555183291,0.0559238533,10.33764008
116.80000000,2.43051554,4.04459369,0.93169092,-0.90293879,0.51034959,-0.41742637,0.0599684578,0.0563950312,9.47941560
117.00000000,2.31812631,3.98844925,0.78411636,0.22493691,-0.77959235,-0.76918079,0.0532508621,0.0562168229,10.16265295
117.20000000,2.49098700,3.94335767,0.71207851,0.92904430,0.62188587,0.01160138,0.0540296290,0.0559217593,9.84016212
117.40000000,2.51577158,4.13952592,0.70269701,-0.67709416,0.83758788,-0.29998328,0.0609118933,0.0564139635,8.78691102
117.60000000,2.35814083,4.15437769,0.58022676,-0.42325168,-0.65576092,-0.80052205,0.0558404004,0.0563764470,9.16780482
117.80000000,2.44068714,4.02979314,0.44944076,1.03471272,-0.09090876,-0.41364854,0.0509384513,0.0562230084,9.56043672
118.00000000,2.58051993,4.16215928,0.39283026,0.00834908,1.08192120,-0.28173877,0.0591653555,0.0561193291,8.51336704
118.20000000,2.45415688,4.29640350,0.30561169,-0.94818668,-0.01125996,-0.59229652,0.0609243703,0.0566942155,8.25489892
118.40000000,2.35959385,4.17164167,0.17631836,0.27606124,-0.87929570,-0.63295277,0.0515521156,0.0565545710,9.08339638
118.60000000,2.51777638,4.11763436,0.06310845,0.83989440,0.52332646,-0.52029487,0.0529776732,0.0562321837,8.89468887
118.80000000,2.54663892,4.29118496,-0.04027836,-0.61012887,0.78485739,-0.51160686,0.0619586869,0.0565265019,8.04841646
119.00000000,2.36649602,4.31010420,-0.13617495,-0.79078242,-0.65451535,-0.44302682,0.0581885056,0.0563530028,8.41177198
119.20000000,2.35743680,4.13040229,-0.22867820,0.71961963,-0.66583346,-0.53741354,0.0501433836,0.0568784392,9.29650115
119.40000000,2.50815184,4.15775372,-0.35941982,0.30697875,0.80277925,-0.71505905,0.0565313636,0.0563707648,8.73390139
119.60000000,2.41544209,4.29504252,-0.47688630,-1.03228681,0.18541885,-0.38730315,0.0616333303,0.0564608947,8.35543724
119.80000000,2.25426939,4.18239020,-0.52064344,-0.17304552,-1.09169526,-0.16809712,0.0540611232,0.0562940460,9.31972692
120.00000000,2.36565382,4.04231551,-0.60354205,0.85501369,0.06660386,-0.71729732,0.0522044835,0.0566911215,9.72533802
120.20000000,2.39992490,4.16412517,-0.75560996,-0.66897940,0.68008871,-0.58304874,0.0602101732,0.0563869708,8.99205234
120.40000000,2.20571570,4.15941295,-0.79340495,-0.75390357,-0.81608399,0.12504506,0.0571156424,0.0559301980,9.56120311
120.60000000,2.23581772,3.97003964,-0.80208163,0.89238187,-0.49724394,-0.45431596,0.0519265605,0.0566533632,10.54441686
120.80000000,2.33308854,4.03631892,-0.95214413,-0.35574908,0.78062527,-0.71698446,0.0584295205,0.0562873884,9.82352444
121.00000000,2.15038858,4.08228443,-0.99040283,-0.90194567,-0.58240974,0.31191800,0.0576674102,0.0559286289,10.12431600
121.20000000,2.15921834,3.90161804,-0.94954139,0.91237176,-0.58458248,-0.27539252,0.0525771217,0.0564337613,11.21740414
121.40000000,2.26482009,3.96210909,-1.08737662,-0.36786171,0.81299605,-0.67358379,0.0580529957,0.0561914755,10.43549246
121.60000000,2.08437176,4.00910463,-1.09467194,-0.77305346,-0.60570263,0.53433379,0.0570314110,0.0559515892,10.74605307
121.80000000,2.13530603,3.84815307,-1.03474793,1.02273928,-0.31456946,-0.32411473,0.0531024419,0.0562584260,11.64186503
122.00000000,2.21016556,3.95047983,-1.16282266,-0.62568407,0.81849554,-0.43426308,0.0584626709,0.0561566341,10.66625842
122.20000000,2.03512773,3.96567977,-1.11078706,-0.39794731,-0.75603555,0.72114361,0.0558809583,0.0559966379,11.18414688
122.40000000,2.15302672,3.84388127,-1.06222992,1.00635785,0.15705365,-0.46106179,0.0538310823,0.0561009768,11.59441902
122.60000000,2.17151627,3.99333360,-1.16354640,-0.86250451,0.70841343,-0.06508696,0.0589345547,0.0561839642,10.53550078
122.80000000,2.02469497,3.96719838,-1.05644187,0.04168433,-0.81776525,0.76126365,0.0546627102,0.0560653093,11.22755054
123.00000000,2.18738878,3.89944747,-1.02430007,0.85993975,0.55424961,-0.45090013,0.0545784024,0.0559865498,11.11013083
123.20000000,2.16506869,4.07487745,-1.08342557,-0.92345509,0.59219561,0.21571969,0.0593782123,0.0562671678,10.10023327
123.40000000,2.04249564,4.02892367,-0.94852028,0.22640754,-0.78085659,0.76746501,0.0539012603,0.0561319905,10.79494575
123.60000000,2.21782962,3.98883897,-0.90229443,0.84646913,0.68244560,-0.26030356,0.0545728905,0.0559305438,10.47656818
123.80000000,2.20468028,4.17927777,-0.92747426,-0.85093841,0.66989644,0.27774541,0.0601006532,0.0563602005,9.44153629
124.00000000,2.06739202,4.15263143,-0.79221589,-0.01760268,-0.74855216,0.83027691,0.0543143122,0.0562257583,9.99479052
124.20000000,2.21840904,4.08042148,-0.69641365,1.02928643,0.42956123,0.07775934,0.0529647384,0.0559778015,9.96728085
124.40000000,2.27866382,4.26839203,-0.69023770,-0.53724094,0.95889447,0.20467901,0.0604702663,0.0562931940,8.81762348
124.60000000,2.11593254,4.31823223,-0.58408660,-0.61629719,-0.51798881,0.77579977,0.0573853815,0.0564513125,8.98725059
124.80000000,2.15749304,4.18405120,-0.44300682,0.94855572,-0.30816885,0.50524641,0.0505611761,0.0563287804,9.58329687
125.00000000,2.31829857,4.28362067,-0.37703001,0.21930177,1.06220781,0.27133232,0.0576805111,0.0560237502,8.65315773
125.20000000,2.21785298,4.44239808,-0.29788778,-0.95704015,0.19454295,0.54426752,0.0617945689,0.0567161553,8.16879965
125.40000000,2.09177309,4.34273077,-0.17299948,0.03311676,-0.91503149,0.64157664,0.0530014447,0.0564816402,8.92871030
125.60000000,2.22842421,4.25136449,-0.05574670,0.93160170,0.30033478,0.54029365,0.0515120821,0.0563699482,9.04225992
125.80000000,2.29446935,4.41175530,0.05088908,-0.43029328,0.88778136,0.52601510,0.0610071990,0.0564121673,8.13227214
126.00000000,2.12259811,4.46641941,0.14845660,-0.91060902,-0.47733449,0.43925269,0.0597716623,0.0564397554,8.26923669
126.20000000,2.07339017,4.29001997,0.23537813,0.55019360,-0.84240160,0.48748997,0.0507319080,0.0568146953,9.24402626
126.40000000,2.23063540,4.27502263,0.35975048,0.51035288,0.68046148,0.72561150,0.0547794842,0.0564220335,8.91830722
126.60000000,2.17441037,4.42172821,0.48776227,-0.95296708,0.36249480,0.45874959,0.0617636776,0.0565013740,8.35627640
126.80000000,1.99620484,4.34099490,0.53720063,-0.38929122,-1.04033763,0.12708226,0.0555080059,0.0561252382,9.16363742
127.00000000,2.08078655,4.17474339,0.60143576,0.91030452,-0.16576402,0.62758896,0.0514405320,0.0567914954,9.84522774
127.20000000,2.15165637,4.27578761,0.75513090,-0.47871342,0.74448350,0.68306494,0.0593892948,0.0563830862,9.10250714
127.40000000,1.96400628,4.30146109,0.81253466,-0.89623897,-0.66239563,-0.08937379,0.0581802367,0.0559546070,9.43543612
127.60000000,1.95911407,4.10930732,0.80468148,0.82974397,-0.68751210,0.29808052,0.0519590680,0.0566322390,10.57113443
127.80000000,2.08323318,4.14519857,0.94382823,-0.13767930,0.76742856,0.80131002,0.0575037445,0.0562840962,9.97012271
128.00000000,1.91565585,4.21400900,1.00752696,-1.01118781,-0.41802833,-0.22967687,0.0584105983,0.0559833333,10.02345269
128.20000000,1.89006494,4.03806316,0.95268397,0.83274859,-0.74008574,0.09382329,0.0526916955,0.0563935660,11.22216427
128.40000000,2.02093012,4.07037764,1.07636598,-0.15644350,0.79831310,0.76695604,0.0573184652,0.0561808402,10.57071419
128.60000000,1.85117174,4.13926998,1.11128528,-0.91250670,-0.45355200,-0.46002394,0.0577167387,0.0559934035,10.63026998
128.80000000,1.86939478,3.97866770,1.03245438,1.00106520,-0.47917136,0.13514145,0.0529772327,0.0562634421,11.68145261
129.00000000,1.97483645,4.05914238,1.15296476,-0.44914932,0.85168643,0.56823855,0.0579770848,0.0561296372,10.75865300
129.20000000,1.79764599,4.09950645,1.12729589,-0.59225788,-0.63518189,-0.70411256,0.0566182191,0.0560066231,11.03872192
129.40000000,1.88886858,3.96790603,1.05213874,1.07619201,-0.01716025,0.30251645,0.0533890890,0.0561306349,11.68605729
129.60000000,1.94155069,4.10507432,1.15719471,-0.74674401,0.80027471,0.22788968,0.0587048660,0.0561554033,10.56869307
129.80000000,1.77884064,4.10601170,1.07065220,-0.18482087,-0.74818519,-0.80997537,0.0554390282,0.0560586687,11.06897565
130.00000000,1.92310154,4.01898514,1.00882820,0.99048980,0.39063565,0.34107723,0.0538912040,0.0560139128,11.23104680
130.20000000,1.93471122,4.19078368,1.07877066,-0.85080844,0.72318872,-0.05588387,0.0593226591,0.0562307444,10.09185621
130.40000000,1.78931143,4.17243718,0.95977340,-0.01076050,-0.74353294,-0.83489095,0.0547742245,0.0561336867,10.63146505
130.60000000,1.94719489,4.10804621,0.88553721,0.97830824,0.51548159,0.16489891,0.0537031613,0.0559654785,10.60231913
130.80000000,1.96878751,4.29586325,0.91931881,-0.75903535,0.80853299,-0.14191432,0.0599518754,0.0562898800,9.44049132
131.00000000,1.81342597,4.30025216,0.80121951,-0.25429122,-0.67790985,-0.85192379,0.0555309915,0.0562553679,9.81437721
131.20000000,1.93485044,4.20624195,0.68382176,1.07873625,0.22234749,-0.19206673,0.0521082324,0.0560577715,10.06243300
131.40000000,2.02899375,4.37905481,0.67509022,-0.36755040,1.04831053,-0.12629995,0.0597100104,0.0561702141,8.88577886
131.60000000,1.86935352,4.46260634,0.58631960,-0.77297225,-0.35422992,-0.72597176,0.0588158040,0.0565340602,8.82365417
131.80000000,1.86827453,4.32738176,0.43943522,0.80624784,-0.49951151,-0.59199038,0.0506789088,0.0563971416,9.54740904
132.00000000,2.04166379,4.38969937,0.36154382,0.42660830,0.99483694,-0.27982986,0.0560513039,0.0559778356,8.81218315
132.20000000,1.97246244,4.56667586,0.28827318,-0.92092667,0.39318348,-0.49729343,0.0622110798,0.0566743753,8.12364033
132.40000000,1.82191841,4.49748595,0.16927669,-0.20587392,-0.89444628,-0.63842126,0.0547307258,0.0564335189,8.75187612
132.60000000,1.92877364,4.37480746,0.04940945,0.96713582,0.05626320,-0.55810635,0.0504578465,0.0565238409,9.14978869
132.80000000,2.02881017,4.51326863,-0.06057019,-0.22790103,0.94991188,-0.54380923,0.0596545520,0.0563097414,8.25338550
133.00000000,1.87303952,4.60080961,-0.16110862,-0.98613922,-0.28278966,-0.44447651,0.0610494078,0.0565355195,8.15818693
133.20000000,1.78639906,4.43679354,-0.24395529,0.34570178,-0.96847862,-0.43879309,0.0517980098,0.0566628927,9.13925756
133.40000000,1.94028102,4.37943333,-0.35954014,0.68799277,0.51376796,-0.71603656,0.0531435350,0.0565258548,9.09812932
133.60000000,1.92323067,4.52753942,-0.49606724,-0.83403962,0.51803886,-0.53480237,0.0614589606,0.0564978296,8.39877272
133.80000000,1.73572032,4.48072175,-0.55488388,-0.58603690,-0.94543476,-0.11275550,0.0569702813,0.0560467965,9.00852748
134.00000000,1.78783434,4.29619474,-0.60220916,0.90845546,-0.39618760,-0.51743985,0.0510979199,0.0568407606,9.91647982
134.20000000,1.89152845,4.37033104,-0.75163781,-0.26506472,0.77197718,-0.76406273,0.0583046810,0.0563784649,9.24391436
134.40000000,1.71800882,4.42344570,-0.83019140,-1.00252742,-0.49444504,0.02151263,0.0590889166,0.0560341853,9.33439193
134.60000000,1.67718245,4.23583657,-0.81151887,0.71599527,-0.84685642,-0.14207358,0.0523057423,0.0565380111,10.54684105
134.80000000,1.82168921,4.23912662,-0.93350272,0.09130772,0.72010576,-0.85035906,0.0564643457,0.0562963230,10.13574672
135.00000000,1.67600001,4.32664075,-1.02204802,-1.08306619,-0.25171333,0.11665310,0.0589977811,0.0560644461,9.95024170
135.20000000,1.61589037,4.16101145,-0.96016588,0.70561551,-0.86351278,0.08032656,0.0530356051,0.0563159494,11.18111253
135.40000000,1.76590073,4.16402742,-1.06340072,0.06795758,0.75476815,-0.82201383,0.0564912421,0.0561804635,10.72418650
135.60000000,1.61359933,4.25122869,-1.12560446,-1.01911350,-0.29823268,0.34994981,0.0582932954,0.0560413575,10.53721649
135.80000000,1.59714690,4.09611309,-1.03450376,0.92774096,-0.62121425,0.05821940,0.0530560874,0.0562433397,11.67667527
136.00000000,1.72908154,4.15260859,-1.14025367,-0.24829454,0.85889977,-0.67129795,0.0573645851,0.0561067369,10.87578454
136.20000000,1.55668327,4.21577257,-1.14279042,-0.76469957,-0.50179443,0.64299055,0.0573124945,0.0560354852,10.90511392
136.40000000,1.61636010,4.07938095,-1.04586861,1.09618057,-0.18463906,-0.11956798,0.0531158161,0.0561516120,11.74060256
136.60000000,1.70205521,4.20062770,-1.14714785,-0.59689844,0.86873531,-0.37284197,0.0583085187,0.0561161179,10.63240516
136.80000000,1.53003886,4.22790648,-1.08532458,-0.40356834,-0.65431790,0.81178852,0.0562548200,0.0560728203,10.90820715
137.00000000,1.64885959,4.12604987,-0.99635000,1.07884887,0.21882984,-0.19544450,0.0533296956,0.0560564434,11.32562740
137.20000000,1.69523317,4.28940735,-1.07013143,-0.73979242,0.83292339,-0.09458185,0.0590548407,0.0561821420,10.11733061
137.40000000,1.53348268,4.29926858,-0.97200160,-0.24512746,-0.67390017,0.85777096,0.0557482047,0.0561515735,10.45867019
137.60000000,1.66611975,4.21490801,-0.87171862,1.06653578,0.33347938,-0.03595622,0.0529722727,0.0560106710,10.70209431
137.80000000,1.72285679,4.39425091,-0.90747639,-0.63008387,0.92338588,0.01878145,0.0595369470,0.0562019328,9.47570110
138.00000000,1.55697896,4.43007605,-0.80998469,-0.47330612,-0.57401351,0.83455960,0.0567934617,0.0563115407,9.63486054
138.20000000,1.64260654,4.32053044,-0.67487313,1.07060341,0.01127283,0.32199564,0.0515435195,0.0561366901,10.11320349
138.40000000,1.76701832,4.47168131,-0.65792547,-0.17439081,1.10209715,0.07049568,0.0586829292,0.0560541674,8.98745355
138.60000000,1.61841311,4.58647307,-0.58623978,-0.88814922,-0.17299939,0.65670548,0.0600158513,0.0566065108,8.68667141
138.80000000,1.57545588,4.45849041,-0.43831916,0.61720749,-0.65258659,0.66572185,0.0512980644,0.0564177932,9.45568569
139.00000000,1.75184446,4.48110557,-0.34702812,0.61827913,0.87957476,0.30672315,0.0544002126,0.0559933316,8.97758446
139.20000000,1.71785470,4.66896143,-0.27700098,-0.84226838,0.57743693,0.45513788,0.0621491707,0.0565773412,8.12117492
139.40000000,1.55074330,4.63393799,-0.16470549,-0.42726964,-0.82272957,0.62494530,0.0565741477,0.0564435540,8.57030595
139.60000000,1.62151397,4.48787444,-0.04384612,0.94125725,-0.19278034,0.57172585,0.0499273915,0.0566547151,9.20335467
139.80000000,1.75020604,4.59641073,0.06913450,-0.01077823,0.96598763,0.56280695,0.0579999358,0.0562373759,8.40505221
140.00000000,1.61769264,4.71250098,0.17370530,-1.01640932,-0.08023300,0.45877521,0.0619302121,0.0566144263,8.08490324
140.20000000,1.49823426,4.56875069,0.25440447,0.12136991,-1.03847155,0.39603801,0.0532266049,0.0564823459,8.99620152
140.40000000,1.63896663,4.47161045,0.35953580,0.82709877,0.30965106,0.68558280,0.0517810172,0.0566643324,9.25657828
140.60000000,1.66201383,4.61273001,0.50164109,-0.67880756,0.64611214,0.60972069,0.0607340816,0.0564629140,8.48148824
140.80000000,1.47326106,4.60023613,0.57281692,-0.75438274,-0.81556467,0.12554231,0.0583430611,0.0560559069,8.86762327
141.00000000,1.48926244,4.40591360,0.60641948,0.84837654,-0.61072995,0.39656789,0.0511921958,0.0568270316,9.93252255
141.20000000,1.62006248,4.44822296,0.74578578,-0.03574544,0.76055424,0.81870595,0.0570361144,0.0563860973,9.40933279
141.40000000,1.46791030,4.52489950,0.84549558,-1.06884473,-0.31971026,0.07318619,0.0597850818,0.0561231910,9.26430021
141.60000000,1.39212590,4.34838971,0.82242865,0.55846831,-0.96856211,-0.00071517,0.0529203343,0.0563961086,10.47642346
141.80000000,1.54925326,4.31832195,0.92218481,0.32112226,0.63986705,0.85874943,0.0553913823,0.0563261468,10.31117678
142.00000000,1.43161951,4.41997897,1.03326359,-1.11434138,-0.08868391,0.01945216,0.0593927134,0.0561323116,9.90870605
142.20000000,1.33862494,4.26936399,0.97163649,0.53831833,-0.95158680,-0.23387148,0.0535732937,0.0562111384,11.10000426
142.40000000,1.50044929,4.24308534,1.04947776,0.29586237,0.68396525,0.83346081,0.0556290634,0.0561922441,10.88784284
142.60000000,1.37195425,4.34474837,1.13687153,-1.08828085,-0.14443592,-0.21161987,0.0587273963,0.0560973004,10.47161683
142.80000000,1.32054394,4.19958296,1.04083101,0.80579486,-0.73634452,-0.24184978,0.0533289087,0.0561979472,11.62873501
143.00000000,1.47335526,4.23083933,1.12548717,-0.03016087,0.84095924,0.73612349,0.0566623750,0.0560887325,11.01223418
143.20000000,1.31274590,4.31407117,1.15631820,-0.90805588,-0.36135579,-0.54300685,0.0579213594,0.0560776982,10.79045803
143.40000000,1.33746734,4.17763280,1.04383546,1.06268530,-0.33925320,-0.07488079,0.0530319100,0.0561684117,11.75264349
143.60000000,1.45326434,4.27993395,1.13392368,-0.41728197,0.91366405,0.49101291,0.0577692459,0.0560775731,10.72375547
143.80000000,1.27905669,4.33221776,1.09936706,-0.60468310,-0.54205997,-0.76845902,0.0570522292,0.0561053728,10.75508329
144.00000000,1.36653811,4.22021531,0.98761725,1.11685305,0.04547756,0.02389495,0.0529369067,0.0560914906,11.38405200
144.20000000,1.44675283,4.37067387,1.05785978,-0.59353522,0.92003470,0.22638907,0.0585937510,0.0561174959,10.17511359
144.40000000,1.27586630,4.40851236,0.98405609,-0.46539379,-0.57765609,-0.83649386,0.0567448444,0.0561911214,10.28821976
144.60000000,1.37662177,4.30915978,0.86160384,1.10246789,0.14434506,-0.11717075,0.0524413772,0.0560708850,10.76434197
144.80000000,1.46700652,4.47442423,0.89243615,-0.46839964,1.01174753,0.08347836,0.0588856557,0.0561056236,9.54498964
145.00000000,1.29855548,4.54107342,0.81743248,-0.66488387,-0.44371828,-0.78169268,0.0579945903,0.0563833870,9.46800752
145.20000000,1.34415014,4.42281566,0.66982060,1.00254529,-0.19162525,-0.45627033,0.0513385030,0.0562082542,10.11151773
145.40000000,1.49320121,4.54658628,0.63956255,0.03422778,1.11673310,-0.04166009,0.0574561136,0.0559645519,9.11639980
145.60000000,1.36304269,4.68904439,0.58337790,-0.95893362,0.01791252,-0.57456537,0.0608964663,0.0566294129,8.58321653
145.80000000,1.28118122,4.57586924,0.43901454,0.39480573,-0.75881258,-0.71995265,0.0523685807,0.0564019855,9.31797773
146.00000000,1.45044574,4.55862139,0.33406048,0.78130783,0.71908011,-0.34997400,0.0528612356,0.0560656667,9.13373087
146.20000000,1.45400662,4.74921629,0.26442922,-0.72430714,0.74042143,-0.42089808,0.0616167400,0.0564442802,8.16126122
146.40000000,1.27865899,4.75036479,0.15895619,-0.62050789,-0.70753144,-0.60362997,0.0583657618,0.0565094626,8.39944097
146.60000000,1.30943943,4.59005699,0.03872062,0.85430429,-0.42912888,-0.57966586,0.0499806261,0.0567079220,9.19552104
146.80000000,1.45945158,4.66207658,-0.07651384,0.21139670,0.93184694,-0.58049344,0.0561726807,0.0562200866,8.57746470
147.00000000,1.35646445,4.80102809,-0.18580906,-1.00168985,0.12178355,-0.48144171,0.0623521599,0.0566276909,8.05311040
147.20000000,1.21027014,4.68392773,-0.26653603,-0.10750301,-1.05192122,-0.36318696,0.0548784941,0.0563169014,8.83191441
147.40000000,1.32893151,4.55199237,-0.36050299,0.91623469,0.07892349,-0.63583409,0.0508259599,0.0567990121,9.37710766
147.60000000,1.39097365,4.67774691,-0.50453195,-0.49175224,0.74116548,-0.67738718,0.0596352161,0.0564259408,8.60101434
147.80000000,1.20911448,4.69852439,-0.59011989,-0.88777381,-0.65954314,-0.16389152,0.0595331162,0.0561360488,8.75127735
148.00000000,1.18753096,4.50288922,-0.61430024,0.73413946,-0.79679289,-0.27597148,0.0516930434,0.0567018114,9.89351830
148.20000000,1.33800191,4.50999579,-0.73844120,0.19944069,0.70918970,-0.84099542,0.0556851343,0.0564207682,9.58932387
148.40000000,1.21383503,4.60557109,-0.85773943,-1.09259840,-0.14453415,-0.18798547,0.0602231445,0.0562089788,9.22922017
148.60000000,1.10587080,4.44572958,-0.83690358,0.36766783,-1.04913251,0.11891702,0.0537409657,0.0562303552,10.36943652
148.80000000,1.26699183,4.38299817,-0.91100124,0.54002855,0.52896402,-0.82375127,0.0543719358,0.0563731855,10.48526684
149.00000000,1.18265825,4.49395285,-1.04068462,-1.10301170,0.06703189,-0.16991715,0.0595687774,0.0561856371,9.90119650
149.20000000,1.06004361,4.36209901,-0.98644345,0.34090282,-1.00358443,0.35581383,0.0542595964,0.0560975042,10.98809482
149.40000000,1.22553598,4.30757540,-1.03568880,0.51619176,0.58801580,-0.79861342,0.0547947293,0.0562185839,11.05194772
149.60000000,1.12645631,4.41970736,-1.14452193,-1.11673365,0.00441232,0.05372530,0.0589928274,0.0561423957,10.43660734
149.80000000,1.04150774,4.28821810,-1.05105372,0.64180626,-0.82217013,0.40264243,0.0537730290,0.0561337007,11.54283212
150.00000000,1.20829543,4.29380497,-1.10960993,0.19634655,0.79877656,-0.75723442,0.0559144255,0.0560840511,11.16091694
150.20000000,1.06621133,4.39413124,-1.16706852,-1.01649827,-0.21814192,0.41127276,0.0584084229,0.0561265971,10.70022402
150.40000000,1.05424065,4.26198447,-1.04614419,0.97591743,-0.47583511,0.26676963,0.0531455305,0.0561553310,11.72064686
150.60000000,1.19553470,4.34295359,-1.11823648,-0.21402776,0.93492257,-0.57455359,0.0571186163,0.0560413072,10.83834281
150.80000000,1.02647717,4.41844616,-1.11176019,-0.77964192,-0.41666236,0.68450776,0.0577767007,0.0561505397,10.61791435
151.00000000,1.07820797,4.30102009,-0.98311105,1.09955376,-0.12261048,0.16108416,0.0527479924,0.0561171638,11.39934709
151.20000000,1.18948691,4.43455330,-1.04253130,-0.41683304,0.98319077,-0.33103782,0.0579684865,0.0560530099,10.26215454
151.40000000,1.01709458,4.49944018,-0.99483754,-0.66179760,-0.46048383,0.77458279,0.0576866593,0.0562451805,10.13030528
151.60000000,1.08093735,4.39045783,-0.85567073,1.08089473,-0.04315510,0.28249625,0.0521640398,0.0561291512,10.78057963
151.80000000,1.20149245,4.53645917,-0.87490079,-0.27991941,1.07087646,-0.15769795,0.0580400002,0.0560197111,9.64438173
152.00000000,1.03846259,4.63241223,-0.82262656,-0.82153900,-0.29367129,0.69916433,0.0590387096,0.0564459401,9.32330576
152.20000000,1.04199845,4.51243087,-0.66856169,0.87740842,-0.37460277,0.58294695,0.0515330774,0.0562617013,10.05534825
152.40000000,1.20825760,4.60424043,-0.62092060,0.24848850,1.08923832,0.04258256,0.0561095969,0.0559151835,9.26369827
152.60000000,1.10314730,4.76974882,-0.57749832,-0.98420648,0.21147876,0.48643011,0.0613986732,0.0566030299,8.51778216
152.80000000,0.98722309,4.67790488,-0.44071817,0.15437072,-0.81404638,0.75066509,0.0537889072,0.0563894044,9.14888508
153.00000000,1.13946481,4.62301312,-0.32308536,0.90279948,0.51975484,0.40596542,0.0515715957,0.0561833400,9.26354897
153.20000000,1.18101652,4.80764309,-0.25100638,-0.57118646,0.87533727,0.39690126,0.0606525773,0.0562998878,8.24182685
153.40000000,1.00586641,4.84533890,-0.15184137,-0.77814403,-0.55762595,0.57753362,0.0599555560,0.0566064572,8.25163943
153.60000000,0.99527377,4.68041327,-0.03364947,0.71256858,-0.63600675,0.58115519,0.0506139196,0.0566981575,9.12718225
153.80000000,1.15764536,4.71133298,0.08277286,0.42694816,0.84528991,0.59430644,0.0543262086,0.0562666945,8.75747143
154.00000000,1.08931120,4.86621110,0.19700826,-0.94311174,0.31533442,0.51098373,0.0622845914,0.0566016887,8.06439857
154.20000000,0.92351118,4.78050756,0.28000160,-0.32722027,-1.01251217,0.34314124,0.0566072465,0.0562376402,8.66353309
154.40000000,1.01271349,4.62073273,0.36313792,0.94722853,-0.16425447,0.57077009,0.0503688852,0.0568870913,9.44625863
154.60000000,1.11045836,4.72321948,0.50500873,-0.27896080,0.79804900,0.73164102,0.0582406231,0.0564029512,8.75164343
154.80000000,0.94345755,4.77487778,0.60597129,-0.98163453,-0.48573725,0.22461722,0.0604613100,0.0562351537,8.66695651
155.00000000,0.88496097,4.58592596,0.62573938,0.57444536,-0.94461376,0.16648514,0.0525345358,0.0565355105,9.80629231
155.20000000,1.04636805,4.55622430,0.73063012,0.42870489,0.61825180,0.82702887,0.0543675640,0.0564840947,9.77199038
155.40000000,0.95586627,4.66538611,0.86642303,-1.07239336,0.02576235,0.31513282,0.0603711625,0.0562778930,9.23134062
155.60000000,0.82009987,4.52669802,0.85415560,0.15592399,-1.08817388,-0.20387554,0.0546987104,0.0560730462,10.23832987
155.80000000,0.97627490,4.43335114,0.90110771,0.73535472,0.39091693,0.74594726,0.0534910844,0.0564343727,10.64556857
156.00000000,0.92922985,4.54858859,1.04405625,-1.04835522,0.21233674,0.32536804,0.0595112333,0.0562192016,9.92857386
156.20000000,0.78170933,4.43832053,1.00370012,0.12498299,-1.02094586,-0.43823364,0.0550443429,0.0560055222,10.85665058
156.40000000,0.94239442,4.35752182,1.02314951,0.71688083,0.46965559,0.71798706,0.0540506134,0.0562567074,11.20555897
156.60000000,0.87727083,4.47606169,1.14820680,-1.10256376,0.14592280,0.11427865,0.0590724457,0.0561701297,10.43390312
156.80000000,0.76182318,4.36124591,1.06451105,0.44516194,-0.87819335,-0.52972371,0.0543556828,0.0560632408,11.42730006
157.00000000,0.93476268,4.34149637,1.09366446,0.42068798,0.73336755,0.73156926,0.0551690580,0.0560922931,11.31313910
157.20000000,0.81735327,4.45578252,1.17440942,-1.08566795,-0.07525288,-0.25624602,0.0587450511,0.0561547860,10.63830441
157.40000000,0.76872399,4.33178288,1.05257747,0.84004430,-0.59052431,-0.44227427,0.0534511732,0.0561243693,11.64722309
157.60000000,0.92938682,4.38967925,1.10096680,0.00487085,0.93223830,0.61717740,0.0563944893,0.0560156126,10.97009614
157.80000000,0.77272417,4.48622853,1.12161568,-0.92151424,-0.28243937,-0.56660341,0.0583808523,0.0561916636,10.50327918
158.00000000,0.78604999,4.36797661,0.98299092,1.02605309,-0.27894166,-0.34555249,0.0527859932,0.0561393559,11.36856408
158.20000000,0.92379154,4.48107184,1.02492130,-0.21627022,1.02090632,0.40121987,0.0572162306,0.0559992120,10.37370121
158.40000000,0.75760737,4.57148159,1.00336937,-0.82643502,-0.32754799,-0.67802462,0.0585042963,0.0562946430,9.99320561
158.60000000,0.78142144,4.45837103,0.85405320,1.00106495,-0.22011152,-0.44656443,0.0521786626,0.0561638096,10.74695166
158.80000000,0.92674972,4.58054008,0.85575254,-0.07235345,1.09796043,0.19811051,0.0570516916,0.0559520799,9.76782808
159.00000000,0.77686280,4.70343847,0.82483044,-0.93799070,-0.12992997,-0.59438334,0.0598490621,0.0564804532,9.20785857
159.20000000,0.73856918,4.58853201,0.67064374,0.70304844,-0.52758490,-0.69092472,0.0521280389,0.0562690950,9.94919525
159.40000000,0.91320111,4.64526685,0.60295935,0.45680233,1.01776614,-0.07405143,0.0547344010,0.0559093595,9.41761835
159.60000000,0.83864498,4.82821502,0.56859841,-0.96423969,0.40124246,-0.39905666,0.0614938155,0.0565220132,8.49279287
159.80000000,0.69495175,4.76299223,0.44256294,-0.08885177,-0.81831814,-0.75661132,0.0554210327,0.0564063993,8.96493250
160.00000000,0.82126599,4.67491915,0.31436492,0.97165034,0.29210927,-0.46964636,0.0506593183,0.0563149045,9.35087796
160.20000000,0.89912293,4.84469657,0.23723372,-0.38822455,0.97536420,-0.38463787,0.0593244939,0.0561726242,8.35859453
160.40000000,0.73243874,4.91774199,0.14332431,-0.89540396,-0.38197695,-0.54985932,0.0612198677,0.0566800555,8.13596744
160.60000000,0.68150320,4.75762977,0.02824665,0.52736269,-0.79988796,-0.57625321,0.0517601437,0.0565999394,9.00733839
160.80000000,0.84624523,4.74535033,-0.08810877,0.62252353,0.70716445,-0.60198241,0.0526272327,0.0563745165,8.92895014
161.00000000,0.81624583,4.90814057,-0.20695475,-0.84255252,0.49285738,-0.54515756,0.0617294269,0.0565237615,8.11844311
161.20000000,0.63865326,4.85691697,-0.29433136,-0.52657980,-0.92667509,-0.33761947,0.0582721847,0.0562461262,8.50616235
161.40000000,0.69303179,4.67763138,-0.36798271,0.91683023,-0.40378135,-0.49636968,0.0504436513,0.0569114083,9.45649229
161.60000000,0.82099749,4.74994749,-0.50355925,-0.04855364,0.81224484,-0.76674687,0.0566590398,0.0564097004,8.92497846
161.80000000,0.67639219,4.82886287,-0.61965983,-1.03295691,-0.30176061,-0.30321687,0.0610649350,0.0563336832,8.61956203
162.00000000,0.58362582,4.65374131,-0.64030130,0.38127844,-1.04815390,-0.07746002,0.0536288438,0.0563229952,9.68280869
162.20000000,0.74650769,4.58749451,-0.72346330,0.63882479,0.48999670,-0.77576158,0.0532017703,0.0565697030,9.94352043
162.40000000,0.69406827,4.70441503,-0.87128005,-1.00801568,0.18663281,-0.44617542,0.0602137731,0.0563235801,9.27119724
162.60000000,0.53621794,4.59027876,-0.87319979,-0.06396619,-1.08779693,0.25021205,0.0557236984,0.0559629595,10.09649346
162.80000000,0.67878589,4.46954408,-0.89359428,0.89460981,0.23068367,-0.62964931,0.0528215525,0.0564954922,10.77947978
163.00000000,0.67144558,4.58398582,-1.04336949,-0.95103717,0.34473816,-0.47611325,0.0592192423,0.0562332564,9.99029703
163.20000000,0.50494194,4.49728985,-1.02236835,-0.09738932,-1.00662366,0.47668024,0.0558758052,0.0559422452,10.71742935
163.40000000,0.65254296,4.39295101,-1.01291725,0.88582612,0.33237510,-0.59568347,0.0534523218,0.0562955089,11.33739099
163.60000000,0.62453741,4.51382050,-1.14780590,-1.04530090,0.27842393,-0.28253504,0.0589595678,0.0561789534,10.46391644
163.80000000,0.48307961,4.41801012,-1.08032635,0.22703239,-0.90546756,0.61529237,0.0550367530,0.0560091078,11.29235478
164.00000000,0.65387078,4.37393682,-1.07872912,0.63118439,0.64596924,-0.65903712,0.0544758178,0.0561150715,11.45891061
164.20000000,0.56637041,4.49892474,-1.17791307,-1.11271513,0.06519186,0.08726384,0.0589117138,0.0561750523,10.60715928
164.40000000,0.48286615,4.38642693,-1.06261639,0.66274292,-0.68092403,0.58916398,0.0539293795,0.0560924423,11.53869160
164.60000000,0.65554558,4.42015170,-1.08311923,0.22966682,0.90520426,-0.61470181,0.0556394031,0.0560053896,11.11121042
164.80000000,0.51809340,4.53530645,-1.12822082,-1.02505646,-0.14271565,0.42295555,0.0588271647,0.0562268113,10.41604705
165.00000000,0.49225378,4.42058556,-0.98707500,0.89978392,-0.41784785,0.51555016,0.0530575524,0.0561340708,11.29332365
165.20000000,0.65020466,4.51032904,-1.00596971,-0.00026947,1.03149655,-0.43129422,0.0563804465,0.0559614812,10.50310452
165.40000000,0.49769157,4.62419828,-1.00885343,-0.95334635,-0.18326551,0.55456685,0.0591415551,0.0563339508,9.88320071
165.60000000,0.48042804,4.51238578,-0.85652055,0.86701186,-0.37832464,0.59595369,0.0525003339,0.0561699907,10.66501240
165.80000000,0.64343709,4.60697650,-0.83600684,0.14474257,1.09028540,-0.20081643,0.0559802461,0.0559135607,9.90696418
166.00000000,0.51382476,4.75365405,-0.82354332,-1.01093343,0.04211647,0.47564662,0.0603716831,0.0564768612,9.12656330
166.20000000,0.43605239,4.65014450,-0.67531359,0.49123687,-0.64321466,0.77133724,0.0530798868,0.0562776375,9.80314103
166.40000000,0.60938574,4.67041706,-0.58660798,0.64620340,0.90240738,0.13446931,0.0534303205,0.0559566942,9.56396297
166.60000000,0.56949616,4.86426590,-0.55689498,-0.90045200,0.58100999,0.31876871,0.0611819292,0.0564017454,8.50884308
166.80000000,0.40535867,4.82963090,-0.44371228,-0.32126047,-0.77491343,0.73912164,0.0571106911,0.0564695540,8.78205469
167.00000000,0.49850206,4.71473323,-0.30794306,0.98045953,0.05028014,0.53494946,0.0502269804,0.0564286525,9.38346891
167.20000000,0.60873400,4.86109502,-0.22362579,-0.18231658,1.03380672,0.38471320,0.0577272222,0.0560822109,8.50463648
167.40000000,0.45838403,4.96675965,-0.13351082,-0.96955028,-0.18925091,0.52359934,0.0620668873,0.0567135580,8.05850974
167.60000000,0.37025480,4.82014392,-0.02216906,0.31308566,-0.91202384,0.56585315,0.0532999229,0.0564883425,8.85090157
167.80000000,0.52710725,4.76529967,0.09283457,0.78407915,0.52241624,0.60191450,0.0512395642,0.0565258845,9.07416965
168.00000000,0.53734655,4.92717082,0.21539917,-0.70277285,0.64690963,0.58104918,0.0607223219,0.0564377872,8.21297012
168.20000000,0.35615621,4.91187961,0.30897725,-0.69704429,-0.80225135,0.34716271,0.0597471462,0.0563239713,8.37183966
168.40000000,0.37263167,4.72211786,0.37535945,0.82752334,-0.62367334,0.41980542,0.0510253634,0.0568167741,9.40795425
168.60000000,0.52336154,4.75888088,0.50086925,0.18904288,0.78036528,0.77800561,0.0550242198,0.0564601404,9.10968205
168.80000000,0.40797065,4.86028849,0.63062731,-1.03997713,-0.11446242,0.39413936,0.0613003922,0.0564127403,8.61182387
169.00000000,0.28528405,4.70507075,0.65728497,0.16819616,-1.10519634,0.01584322,0.0548788648,0.0561306184,9.53780573
169.20000000,0.44011862,4.60436311,0.71804068,0.81621897,0.32901502,0.68959091,0.0522937625,0.0566644393,10.08941439
169.40000000,0.42851165,4.72285044,0.87229448,-0.90053646,0.33399671,0.57225885,0.0597549417,0.0563340875,9.34775074
169.60000000,0.25534772,4.63563666,0.89294669,-0.27983630,-1.05176584,-0.25589092,0.0567486983,0.0559121778,9.95662696
169.80000000,0.37649903,4.49169141,0.88938587,1.00689203,0.05465611,0.48288825,0.0524143754,0.0565275749,10.87583758
170.00000000,0.40944723,4.60030475,1.03886408,-0.81327109,0.46200811,0.61248556,0.0587072952,0.0562421568,10.08439948
170.20000000,0.23081114,4.53843733,1.04134469,-0.31466348,-0.96435181,-0.47011955,0.0567031019,0.0559240037,10.58145712
170.40000000,0.35777001,4.41389156,1.00590417,1.01208999,0.18049359,0.43942671,0.0530426941,0.0563226733,11.43704594
170.60000000,0.36840188,4.53303159,1.14343240,-0.94600779,0.40060070,0.44112158,0.0586589095,0.0561715458,10.52579548
170.80000000,0.20663532,4.45798699,1.09748360,-0.00071114,-0.90607686,-0.65499933,0.0557716742,0.0559753103,11.14879085
171.00000000,0.36700173,4.39119190,1.06584514,0.81580460,0.53823200,0.54292639,0.0538817548,0.0561449206,11.58759619
171.20000000,0.31341764,4.52350467,1.17737141,-1.09632390,0.20174913,0.08585514,0.0588989267,0.0561758464,10.60794686
171.40000000,0.19844560,4.42539116,1.07548949,0.45431350,-0.74602545,-0.69788622,0.0545477376,0.0560575392,11.40408141
171.60000000,0.37497487,4.43447657,1.06576722,0.44917889,0.85342016,0.56560786,0.0548988192,0.0560132631,11.25227670
171.80000000,0.26278668,4.56549808,1.13106945,-1.08671483,0.00003547,-0.26277517,0.0590896435,0.0562321503,10.35951130
172.00000000,0.19891570,4.45835504,0.99485591,0.72814704,-0.53488020,-0.65856281,0.0535497506,0.0561169319,11.17954461
172.20000000,0.36948718,4.52251667,0.98673291,0.22099698,1.01320324,0.41782704,0.0555094294,0.0559457880,10.64172713
172.40000000,0.23752322,4.65725850,1.01070856,-1.03845345,-0.03131888,-0.41307803,0.0595582552,0.0563374101,9.80469487
172.60000000,0.18019015,4.55192506,0.86249838,0.68709529,-0.51106640,-0.71882620,0.0531146863,0.0561749956,10.54144878
172.80000000,0.35248012,4.61621448,0.81675200,0.36007887,1.04563268,0.16430281,0.0548916875,0.0559057226,10.05106682
173.00000000,0.24936823,4.78269922,0.81851785,-1.03876515,0.21760022,-0.35159211,0.0605765121,0.0564336208,9.08238090
173.20000000,0.13632014,4.69622776,0.68160332,0.25598089,-0.71730299,-0.81850480,0.0543044154,0.0562854551,9.63085136
173.40000000,0.29853114,4.68052111,0.57268489,0.80324225,0.74604245,-0.21959613,0.0523022450,0.0560366285,9.68716575
173.60000000,0.29572728,4.87792450,0.54280130,-0.79533546,0.74453117,-0.25122650,0.0604891421,0.0562666960,8.56474337
173.80000000,0.11911614,4.87649258,0.44343992,-0.53175294,-0.68922744,-0.70157270,0.0587069698,0.0565594460,8.61394578
174.00000000,0.17398193,4.74251145,0.30363218,0.92709795,-0.18942397,-0.59548959,0.0503342798,0.0564969664,9.35571866
174.20000000,0.31047063,4.85782265,0.21067034,0.03764468,1.04456879,-0.39681082,0.0559795631,0.0560485366,8.66991784
174.40000000,0.18368617,4.99186921,0.12262843,-0.99928422,0.01230299,-0.50127795,0.0624387938,0.0566844150,8.02284613
174.60000000,0.06324059,4.86629504,0.01515633,0.08497984,-0.96879370,-0.55155879,0.0550803430,0.0564094391,8.67550330
174.80000000,0.20248601,4.77222224,-0.09734593,0.89856044,0.30068540,-0.59344530,0.0503037877,0.0566809514,9.17626711
175.00000000,0.25277456,4.92391990,-0.22222178,-0.52776781,0.77004021,-0.61522281,0.0593333296,0.0563573384,8.34347900
175.20000000,0.07630977,4.94443220,-0.32335776,-0.83243999,-0.64749579,-0.37120449,0.0609259714,0.0564314329,8.26936354
175.40000000,0.05412218,4.75329694,-0.38533521,0.68715043,-0.81019793,-0.34843004,0.0520392284,0.0566330039,9.30841337
175.60000000,0.21862694,4.75108437,-0.49777810,0.42117692,0.70090176,-0.76246090,0.0534842681,0.0565539406,9.29165328
175.80000000,0.13821544,4.86917650,-0.63850335,-1.00200861,0.06989200,-0.49101300,0.0611461986,0.0564333738,8.64460258
176.00000000,-0.00864356,4.73875885,-0.67580373,-0.05125679,-1.11676758,0.01424146,0.0561873284,0.0560037639,9.38640789
176.20000000,0.12923900,4.60731011,-0.71534393,0.94847570,0.14242983,-0.57454982,0.0517222208,0.0567325179,10.19637396
176.40000000,0.15930485,4.72099505,-0.86970788,-0.75251749,0.46393245,-0.68445892,0.0590200275,0.0563322159,9.45831398
176.60000000,-0.02165234,4.66213194,-0.91229082,-0.48086921,-0.98463956,0.22192261,0.0577109582,0.0559254509,9.82968703
176.80000000,0.07162004,4.49984512,-0.88915111,1.06433379,-0.12960798,-0.31685210,0.0522932095,0.0565216051,10.92665468
177.00000000,0.14344484,4.59776401,-1.03102180,-0.63900759,0.56187464,-0.72523520,0.0580057770,0.0562325170,10.20736649
177.20000000,-0.03985160,4.56135651,-1.05954072,-0.51645083,-0.89799716,0.42057049,0.0574778748,0.0559433351,10.45824875
177.40000000,0.06008949,4.42037264,-1.00279553,1.08718304,0.01910710,-0.26013048,0.0528475808,0.0563394806,11.49642615
177.60000000,0.10905122,4.53377780,-1.13542951,-0.80739096,0.51113387,-0.58039806,0.0581869130,0.0561609573,10.61737622
177.80000000,-0.06639475,4.48078693,-1.11490740,-0.22645653,-0.88257135,0.64790829,0.0565143059,0.0559719700,11.00689541
178.00000000,0.07579916,4.39337503,-1.05593736,0.96320863,0.41243299,-0.39003597,0.0534275470,0.0561726203,11.68891674
178.20000000,0.05863904,4.52950299,-1.17280326,-1.03673930,0.33328847,-0.25316067,0.0587076944,0.0561591138,10.64059582
178.40000000,-0.08298279,4.44824130,-1.09024209,0.22656087,-0.78592704,0.76222619,0.0552634079,0.0560328271,11.25385703
178.60000000,0.08890098,4.43283804,-1.04998523,0.65137824,0.77676585,-0.47153061,0.0542190780,0.0560344513,11.38271837
178.80000000,0.00694760,4.57667727,-1.12988121,-1.10458388,0.14392023,0.09581926,0.0591546191,0.0562233352,10.33554159
179.00000000,-0.09204963,4.48082082,-1.00554988,0.52159402,-0.62698622,0.76474039,0.0542294387,0.0560985589,11.03644575
179.20000000,0.08265834,4.51793437,-0.96832146,0.43591721,0.96450511,-0.36014716,0.0546551069,0.0559542964,10.77909557
179.40000000,-0.02279119,4.67041721,-1.00859384,-1.07942663,0.12514951,0.26301266,0.0597313574,0.0563192473,9.76041199
179.60000000,-0.11728148,4.57637788,-0.87112840,0.47287446,-0.61354494,0.80619616,0.0539764640,0.0561768567,10.38684023
179.80000000,0.05510749,4.60883564,-0.79907440,0.56104470,0.96288069,-0.08994184,0.0538574465,0.0559367844,10.18741456
180.00000000,-0.01649746,4.79034437,-0.80976323,-1.02135316,0.39189133,0.23077869,0.0604565649,0.0563505512,9.07655917
180.20000000,-0.15911539,4.72574220,-0.68843576,0.01174002,-0.74865589,0.83028695,0.0556884818,0.0563231207,9.44724439
180.40000000,-0.01728324,4.67641183,-0.56181493,0.91539983,0.55496637,0.32257617,0.0514535483,0.0561399977,9.77223580
180.60000000,0.01745325,4.86943036,-0.52689662,-0.65255616,0.88525505,0.20123084,0.0594647259,0.0561327663,8.65735600
180.80000000,-0.16334850,4.90245882,-0.44118685,-0.71192380,-0.56774555,0.64871365,0.0600773823,0.0566409366,8.47134331
181.00000000,-0.14949627,4.75793028,-0.30102951,0.81533184,-0.41066650,0.64543544,0.0509843859,0.0565073901,9.27005694
181.20000000,0.00522272,4.83611173,-0.19878879,0.26050782,1.00300026,0.41967374,0.0542198422,0.0560790811,8.84110532
181.40000000,-0.09167196,4.99282929,-0.11099705,-0.98431390,0.21472840,0.48478630,0.0623120208,0.0565905003,8.03045134
181.60000000,-0.23823509,4.89446822,-0.00705944,-0.14273467,-0.97103840,0.53545414,0.0569356028,0.0564008711,8.49849251
181.80000000,-0.12502252,4.76689237,0.10207529,0.95599085,0.05600651,0.57701358,0.0499166034,0.0567804544,9.22243780
182.00000000,-0.03719292,4.89927121,0.22745545,-0.32326704,0.85487587,0.64396085,0.0576662521,0.0563087706,8.50280079
182.20000000,-0.20071582,4.95391688,0.33690180,-0.92845984,-0.47049589,0.40816154,0.0617259903,0.0565174992,8.20461053
182.40000000,-0.26015886,4.77004686,0.39772209,0.50748823,-0.95343475,0.28882135,0.0533761488,0.0564233459,9.17140693
182.60000000,-0.09176789,4.72768107,0.49520954,0.63360317,0.57510689,0.71958251,0.0521855035,0.0566777516,9.45494261
182.80000000,-0.13286096,4.85574101,0.64313265,-0.91945318,0.24534249,0.58686695,0.0606060072,0.0564324742,8.71701424
183.00000000,-0.29706111,4.75382325,0.69487217,-0.26469251,-1.08618880,-0.01147445,0.0574622139,0.0559682328,9.24232334
183.20000000,-0.18380821,4.59669273,0.71613164,1.02606784,-0.06034578,0.43993532,0.0515277508,0.0567571328,10.25451495
183.40000000,-0.11336706,4.69925986,0.86401559,-0.56828063,0.57243206,0.77419543,0.0580566752,0.0563285657,9.59835508
183.60000000,-0.29415688,4.66931342,0.93018805,-0.65795562,-0.89108260,-0.15187526,0.0585532925,0.0559805508,9.72441433
183.80000000,-0.23350617,4.49398812,0.89323396,1.06324340,-0.31392941,0.14478157,0.0524538360,0.0564865116,10.92852825
184.00000000,-0.12624110,4.57664813,1.02054862,-0.43410875,0.64179339,0.80600914,0.0571604368,0.0562253573,10.35395515
184.20000000,-0.30642802,4.56578500,1.07595170,-0.69391148,-0.81109568,-0.33258164,0.0581556174,0.0559924546,10.35545534
184.40000000,-0.23833215,4.41242232,1.00398491,1.10616883,-0.14612686,0.07097429,0.0528743504,0.0563156121,11.51100235
184.60000000,-0.15324903,4.51618380,1.12435851,-0.63390733,0.60838032,0.69140060,0.0575713975,0.0561441544,10.73506343
184.80000000,-0.33513176,4.48614335,1.13153807,-0.43958301,-0.83747831,-0.59615161,0.0572195466,0.0559972617,10.87571663
185.00000000,-0.21786385,4.38064742,1.04973658,1.06392729,0.27163815,0.21040753,0.0531441211,0.0561993639,11.75419256
185.20000000,-0.19779793,4.51693205,1.16445355,-0.93580265,0.45861283,0.40490440,0.0583493819,0.0561361570,10.70379927
185.40000000,-0.36011567,4.45463925,1.10581568,-0.00833090,-0.80143562,-0.77950718,0.0560269096,0.0560314798,11.09868471
185.60000000,-0.20118140,4.41550562,1.03677137,0.82425788,0.67576246,0.33755585,0.0536449778,0.0560689619,11.49160574
185.80000000,-0.24930286,4.56876251,1.12461090,-1.07835526,0.28727471,0.06799316,0.0590207743,0.0561934651,10.34469127
186.00000000,-0.37897278,4.48756376,1.01817081,0.29238497,-0.69244008,-0.82767002,0.0550458664,0.0560959735,10.87513337
186.20000000,-0.20898046,4.49699682,0.95182431,0.63204461,0.88458658,0.26081814,0.0538717396,0.0559814482,10.90344122
186.40000000,-0.28317582,4.66350560,1.00241924,-1.07554154,0.28322990,-0.11397853,0.0596547373,0.0562668231,9.75156210
186.60000000,-0.41026656,4.58513198,0.88135640,0.23761955,-0.68298430,-0.85268359,0.0550140311,0.0561873610,10.21388323
186.80000000,-0.24712844,4.58553799,0.78397145,0.73452032,0.84271455,-0.01766346,0.0529526120,0.0559885173,10.30223784
187.00000000,-0.28374062,4.77649337,0.79753699,-0.95988667,0.56025876,-0.12135729,0.0600258303,0.0562471939,9.10872909
187.20000000,-0.44909769,4.73770591,0.69473188,-0.22803939,-0.73847096,-0.80787287,0.0571061756,0.0563894881,9.26650422
187.40000000,-0.33566802,4.65883245,0.55435574,0.97283261,0.33896816,-0.43439291,0.0509755246,0.0562366841,9.80728617
187.60000000,-0.26509629,4.83926256,0.50988887,-0.47720918,0.99624717,-0.17251922,0.0581782229,0.0560228430,8.78125401
187.80000000,-0.44178080,4.90663625,0.43659382,-0.85581440,-0.41733724,-0.58601300,0.0611171953,0.0566864882,8.36200309
188.00000000,-0.46931276,4.76030911,0.29956387,0.65420802,-0.59928498,-0.68034497,0.0521194037,0.0564718882,9.13636597
188.20000000,-0.30578898,4.79739262,0.18829927,0.47300186,0.90705904,-0.45112419,0.0525984314,0.0561682605,9.00201637
188.40000000,-0.36769658,4.96967658,0.09899434,-0.92515090,0.41011393,-0.47529177,0.0616967136,0.0564709163,8.08088643
188.60000000,-0.53322469,4.90320679,-0.00214504,-0.35797539,-0.92284711,-0.51981414,0.0587050067,0.0564605683,8.33489686
188.80000000,-0.45260054,4.74970597,-0.10743987,0.95136385,-0.19460259,-0.55410880,0.0501153896,0.0568195992,9.20684743
189.00000000,-0.33211115,4.85436953,-0.23129706,-0.09726676,0.89451489,-0.66361298,0.0558553641,0.0563183648,8.68066259
189.20000000,-0.47483553,4.93996209,-0.34909073,-0.98218062,-0.27895962,-0.45552460,0.0620905638,0.0565589029,8.18100276
189.40000000,-0.56822943,4.77114477,-0.41210764,0.30230509,-1.04787833,-0.24609456,0.0549095166,0.0562420453,9.01339063
189.60000000,-0.40599372,4.68977435,-0.49408138,0.81176894,0.40775826,-0.65173943,0.0512528113,0.0567958681,9.58357853
189.80000000,-0.40523162,4.82037769,-0.64459399,-0.79398271,0.40593987,-0.67439171,0.0597111450,0.0564197781,8.82635511
190.00000000,-0.57916265,4.74948756,-0.71348881,-0.46149775,-1.01808273,-0.02296256,0.0586196346,0.0560115740,9.11684525
190.20000000,-0.49651508,4.57271133,-0.72085464,1.04382489,-0.26836798,-0.29733502,0.0517097687,0.0567046923,10.25927684
190.40000000,-0.38919587,4.65817069,-0.85594923,-0.35418042,0.65528038,-0.83376481,0.0569339753,0.0563403756,9.76124661
190.60000000,-0.56173627,4.65689797,-0.94571851,-0.80378790,-0.77542853,0.05133717,0.0592252316,0.0560678452,9.64728877
190.80000000,-0.53650887,4.47403844,-0.90162007,1.00463657,-0.49022940,0.01950341,0.0528683954,0.0563749841,10.88326433
191.00000000,-0.39913489,4.53732235,-1.00834349,-0.20644824,0.69884922,-0.84793206,0.0562304849,0.0562366145,10.51703399
191.20000000,-0.56848021,4.55157842,-1.08971155,-0.83992410,-0.70661035,0.21267165,0.0586970159,0.0560627501,10.27882541
191.40000000,-0.53526973,4.39006765,-1.00953670,1.06833120,-0.30934523,0.11390291,0.0531130841,0.0562602086,11.48057719
191.60000000,-0.41811619,4.48043207,-1.11097676,-0.43183391,0.69013793,-0.76630869,0.0568505148,0.0561295959,10.87368057
191.80000000,-0.59891082,4.47389284,-1.14639651,-0.63093943,-0.77296702,0.50441779,0.0578455579,0.0560394113,10.76269218
192.00000000,-0.51194335,4.35321270,-1.04771325,1.11147901,0.11974425,-0.01660152,0.0530503159,0.0561986123,11.77758842
192.20000000,-0.45566745,4.48584432,-1.15278492,-0.79699101,0.57610362,-0.53189269,0.0578450377,0.0561002328,10.79493145
192.40000000,-0.63190513,4.44433801,-1.12112754,-0.23875600,-0.79365712,0.75040245,0.0567864526,0.0560529996,10.94846646
192.60000000,-0.49352621,4.38283168,-1.02696629,0.95692997,0.55193960,-0.17218483,0.0532170206,0.0560962005,11.56882368
192.80000000,-0.50583131,4.54171702,-1.11544916,-1.00927845,0.42828650,-0.21892368,0.0586984595,0.0561428472,10.38622417
193.00000000,-0.66046297,4.47822063,-1.03161772,0.05329796,-0.73058060,0.84463673,0.0559362200,0.0561115174,10.70716169
193.20000000,-0.50384080,4.46022797,-0.93822322,0.79702899,0.77388491,-0.12588422,0.0532140356,0.0560200176,11.00271968
193.40000000,-0.54354972,4.63643194,-0.99234575,-1.02756684,0.43988638,-0.02462245,0.0593379173,0.0561961942,9.77791780
193.60000000,-0.69736499,4.57760279,-0.89203353,-0.00517381,-0.71837344,0.85668707,0.0561387227,0.0562254995,10.03561224
193.80000000,-0.55235685,4.54709607,-0.77225907,0.86809902,0.68826354,0.15065622,0.0522524275,0.0560548641,10.38230991
194.00000000,-0.55227824,4.74119871,-0.78232730,-0.85684142,0.71754792,0.03078399,0.0593164389,0.0561345225,9.17684054
194.20000000,-0.73278749,4.73123455,-0.69950511,-0.45185316,-0.68958077,0.75518672,0.0584347418,0.0564674371,9.10080217
194.40000000,-0.65402187,4.62834555,-0.55034736,0.97002537,0.11065232,0.54479972,0.0509334557,0.0563046895,9.78596409
194.60000000,-0.55154255,4.78816316,-0.49257023,-0.27617209,1.07035689,0.16752608,0.0567168351,0.0559532174,8.92830606
194.80000000,-0.71603984,4.88835927,-0.42951208,-0.95944809,-0.24489743,0.51911897,0.0617537779,0.0566708129,8.29103179
195.00000000,-0.78315880,4.74869042,-0.29856603,0.45641144,-0.74488147,0.69773927,0.0536275613,0.0564354671,8.96969203
195.20000000,-0.62096078,4.74320401,-0.17938526,0.66051523,0.75856685,0.48815557,0.0512661860,0.0563013525,9.13506371
195.40000000,-0.64437425,4.92273131,-0.08701869,-0.82315694,0.59033016,0.47320488,0.0606359227,0.0563349671,8.17173151
195.60000000,-0.82106757,4.89128465,0.01235555,-0.55115439,-0.83028275,0.50681287,0.0602460456,0.0565508089,8.19650398
195.80000000,-0.77737394,4.72062660,0.11379187,0.88564336,-0.43342345,0.52704823,0.0508728813,0.0567482721,9.13208629
196.00000000,-0.63129905,4.79060097,0.23410264,0.13959441,0.88329237,0.67104984,0.0540578874,0.0563874382,8.86354183
196.20000000,-0.74602827,4.90246217,0.35949757,-0.99171980,-0.08027378,0.50994888,0.0619913261,0.0565516057,8.19989831
196.40000000,-0.86849227,4.75538992,0.42790588,0.08552301,-1.09211134,0.22355878,0.0565092083,0.0561405403,8.85093988
196.60000000,-0.72184755,4.63835563,0.49520420,0.94264111,0.20746096,0.56425844,0.0507710474,0.0568831133,9.66413106
196.80000000,-0.67882171,4.76366333,0.64320891,-0.62886008,0.54551710,0.74628814,0.0585220203,0.0564003357,8.96785285
197.00000000,-0.85438764,4.72518767,0.73070810,-0.63301500,-0.91756643,0.08581229,0.0595856183,0.0560920314,9.01855116
197.20000000,-0.80631943,4.53539789,0.72960725,1.00172623,-0.47031552,0.15920981,0.0522314720,0.0565691227,10.21235769
197.40000000,-0.66769808,4.59837913,0.84644193,-0.11879091,0.70812284,0.85700096,0.0557391878,0.0563681813,9.93808203
197.60000000,-0.82411792,4.62474371,0.95813507,-0.91280144,-0.64150241,0.07258155,0.0596847006,0.0561445070,9.60271985
197.80000000,-0.83510817,4.43986498,0.91394352,0.89401485,-0.65124443,-0.16315035,0.0534922582,0.0562492458,10.79749994
198.00000000,-0.67456165,4.48025082,0.99545140,0.03414012,0.72983594,0.84627055,0.0552849625,0.0562597463,10.68755551
198.20000000,-0.82571416,4.51868321,1.10013415,-0.94911268,-0.58689883,-0.06880967,0.0590695262,0.0561188050,10.23234118
198.40000000,-0.82854123,4.35333790,1.01918214,0.97723593,-0.46489136,-0.28086623,0.0535395521,0.0561933562,11.40930297
198.60000000,-0.68501246,4.42678550,1.09620391,-0.20925509,0.75354135,0.79899164,0.0560709469,0.0561270493,11.02635677
198.80000000,-0.85724933,4.44395142,1.15863641,-0.79309729,-0.69069611,-0.37938826,0.0583556398,0.0560839450,10.67355820
199.00000000,-0.80430492,4.31130788,1.05003262,1.10318842,-0.03863342,-0.17743351,0.0531517448,0.0561878357,11.75704522
199.20000000,-0.71465058,4.43635065,1.13846048,-0.62544564,0.68343227,0.62588974,0.0572242790,0.0560700551,10.90991006
199.40000000,-0.89754274,4.41716843,1.13514310,-0.45438408,-0.76366933,-0.67848667,0.0574920349,0.0560930666,10.81173320
199.60000000,-0.78617947,4.33523880,1.02117767,1.04080647,0.40810430,-0.01314029,0.0529684433,0.0561239961,11.60642438
199.80000000,-0.76245799,4.49556003,1.10281496,-0.90014296,0.56463239,0.34775393,0.0582084193,0.0560913724,10.45805033
200.00000000,-0.93541223,4.45248708,1.04476350,-0.18347982,-0.74146367,-0.81643535,0.0568326613,0.0561474326,10.54336944
200.20000000,-0.80006819,4.40824036,0.92830503,0.91981608,0.63458225,-0.03526527,0.0527341771,0.0560708695,11.06606026
200.40000000,-0.80379367,4.58919420,0.97877626,-0.93770600,0.59160257,0.14392272,0.0588040537,0.0561172278,9.83777341
200.60000000,-0.97749131,4.55325391,0.90201608,-0.24298281,-0.72003350,-0.82006768,0.0572562671,0.0562800162,9.86401769
200.80000000,-0.85842876,4.49430302,0.76448500,0.95157924,0.50543668,-0.29837998,0.0518260610,0.0561239200,10.41697338
201.00000000,-0.82194804,4.68468675,0.76482623,-0.71606129,0.85794382,0.03447485,0.0583756270,0.0560331866,9.27694530
201.20000000,-1.00960575,4.70556450,0.70193419,-0.65052301,-0.60577665,-0.67812562,0.0595669839,0.0565389548,8.95974405
201.40000000,-0.96966853,4.58526467,0.54949871,0.90682128,-0.11594625,-0.64360821,0.0513523729,0.0563326611,9.70891014
201.60000000,-0.84131287,4.71715169,0.47576459,-0.05844856,1.10071616,-0.18710318,0.0551829154,0.0559342999,9.08737938
201.80000000,-0.98605527,4.84718922,0.41999693,-1.02033969,-0.05727907,-0.45345995,0.0619474901,0.0565958063,8.26129612
202.00000000,-1.08911175,4.72195369,0.29734955,0.23619031,-0.84143598,-0.69728009,0.0553601876,0.0564286271,8.78721164
202.20000000,-0.93828539,4.67506524,0.17207367,0.80861711,0.56415008,-0.52713655,0.0503585227,0.0564424091,9.22378356
202.40000000,-0.92165801,4.85261049,0.07545194,-0.68083551,0.74685610,-0.47819333,0.0592045748,0.0562245362,8.29827377
202.60000000,-1.10132200,4.85774250,-0.02335941,-0.71499329,-0.70036348,-0.49827250,0.0614425063,0.0566348512,8.09179412
202.80000000,-1.09658894,4.67920628,-0.12137831,0.76547213,-0.64451938,-0.49864524,0.0521035228,0.0566041736,9.00850256
203.00000000,-0.93376182,4.70954597,-0.23636277,0.37407078,0.81788914,-0.66417490,0.0524408942,0.0565051923,9.03518392
203.20000000,-1.01432206,4.84156245,-0.36782288,-0.95609344,0.11827240,-0.56735955,0.0614303594,0.0565060228,8.26078313
203.40000000,-1.15971934,4.72170200,-0.44441803,-0.13009639,-1.08788427,-0.22267158,0.0580513823,0.0561300636,8.69873958
203.60000000,-1.03682623,4.57421470,-0.49918543,1.01668109,-0.01380609,-0.46493962,0.0507731629,0.0568951933,9.68837263
203.80000000,-0.95346351,4.68636281,-0.63953644,-0.42934010,0.65761277,-0.79574645,0.0571275115,0.0564071538,9.13432744
204.00000000,-1.12237605,4.68055962,-0.74569974,-0.77244895,-0.78973353,-0.17217276,0.0602978754,0.0562020164,8.95344648
204.20000000,-1.11074387,4.48463155,-0.74212306,0.90477426,-0.65573511,-0.03734829,0.0530301515,0.0564057048,10.12131423
204.40000000,-0.94816144,4.52067238,-0.83657351,0.12710953,0.72677285,-0.84002635,0.0545713110,0.0564200884,10.11773188
204.60000000,-1.08114843,4.57282390,-0.96689904,-0.98105858,-0.49266421,-0.21167410,0.0599002842,0.0562075778,9.59330645
204.80000000,-1.12721700,4.39131163,-0.92953110,0.74047484,-0.79104458,0.27558188,0.0542711095,0.0561147075,10.68146181
205.00000000,-0.95160923,4.40601340,-0.98299981,0.27615059,0.73154421,-0.79911439,0.0543971337,0.0562998092,10.85480006
205.20000000,-1.07794208,4.46711324,-1.10674262,-1.01779738,-0.45385282,-0.09003333,0.0592491877,0.0561603171,10.21841061
205.40000000,-1.11610337,4.30227031,-1.03234912,0.84017892,-0.60767176,0.41813191,0.0541188567,0.0561005988,11.30494967
205.60000000,-0.95321067,4.35561283,-1.08107492,0.02408962,0.79513313,-0.78560988,0.0552852052,0.0561380192,11.18454600
205.80000000,-1.10981013,4.39629151,-1.16758368,-0.92043366,-0.59183462,0.22920198,0.0587198758,0.0561302910,10.61242929
206.00000000,-1.09281652,4.25519274,-1.05653867,1.04051015,-0.19840745,0.35773313,0.0534406758,0.0561444538,11.69462525
206.20000000,-0.97430157,4.36864624,-1.12231671,-0.42796251,0.77738391,-0.68008987,0.0565238622,0.0560476343,11.04305122
206.40000000,-1.15642975,4.37302178,-1.14693659,-0.64658224,-0.71233135,0.56966248,0.0580988095,0.0561361449,10.69537215
206.60000000,-1.07704795,4.27319885,-1.01972072,1.07064200,0.24841975,0.20497127,0.0529221433,0.0561383288,11.59986482
206.80000000,-1.01892405,4.43038840,-1.08733953,-0.75527957,0.69317737,-0.44615892,0.0575801556,0.0560433268,10.55658360
207.00000000,-1.20297592,4.41011337,-1.05653584,-0.40714913,-0.72553840,0.74687583,0.0576692118,0.0561931477,10.39313252
207.20000000,-1.09559297,4.34170055,-0.92258283,0.99194097,0.47088533,0.21052318,0.0524774022,0.0561183732,11.08540081
207.40000000,-1.06371924,4.52190339,-0.96233753,-0.80960135,0.73408558,-0.23593196,0.0580875448,0.0560407507,9.92779052
207.60000000,-1.24984266,4.51160831,-0.91025275,-0.46503255,-0.68916724,0.74752466,0.0582773919,0.0563484924,9.70922184
207.80000000,-1.16299538,4.42790360,-0.76086256,0.97841750,0.30276362,0.44836734,0.0517274904,0.0561840265,10.40010728
208.00000000,-1.09247886,4.60738943,-0.74589340,-0.54293849,0.97489337,-0.06928634,0.0572629837,0.0559535440,9.40288183
208.20000000,-1.27917190,4.66006403,-0.70141196,-0.81716079,-0.49134268,0.58380690,0.0604190396,0.0565665203,8.85034845
208.40000000,-1.28000895,4.52962594,-0.55121732,0.78844372,-0.32709996,0.72205402,0.0522075103,0.0563392079,9.58364269
208.60000000,-1.13358681,4.62751987,-0.46026686,0.16467281,1.08160810,0.23023179,0.0536909208,0.0559707976,9.24444899
208.80000000,-1.25179977,4.78291695,-0.40828893,-1.03710461,0.13857229,0.39396907,0.0616905479,0.0564823530,8.27372474
209.00000000,-1.38564984,4.67893411,-0.29528756,0.00749232,-0.88700642,0.68056106,0.0571531031,0.0564776941,8.60551016
209.20000000,-1.25538403,4.59432730,-0.16622737,0.90512557,0.33537662,0.56415433,0.0499767387,0.0565715762,9.25600182
209.40000000,-1.19944035,4.76024431,-0.06462391,-0.50233215,0.87080757,0.48924071,0.0575077676,0.0561521237,8.45303564
209.60000000,-1.37371080,4.80189854,0.03485695,-0.84406819,-0.54042044,0.49547404,0.0622087793,0.0566718332,8.02632267
209.80000000,-1.40776100,4.62467392,0.13031528,0.60173123,-0.81564319,0.47185337,0.0536788630,0.0564526706,8.85172621
210.00000000,-1.23812184,4.61289711,0.23865707,0.59101328,0.69859245,0.64239534,0.0511626979,0.0566596602,9.17811720
210.20000000,-1.27977899,4.75765344,0.37392582,-0.87529635,0.30919721,0.62309972,0.0604421566,0.0564509756,8.36122102
210.40000000,-1.44100978,4.66918463,0.46089425,-0.33362597,-1.03901673,0.24318271,0.0594246377,0.0562019608,8.56857396
210.60000000,-1.34825232,4.49787447,0.50635668,1.02938795,-0.24195448,0.36306798,0.0512388440,0.0568103972,9.65510786
210.80000000,-1.22883965,4.58943855,0.63434963,-0.20305043,0.73563842,0.81707192,0.0556411714,0.0564427070,9.31591536
211.00000000,-1.38292741,4.61541861,0.75779578,-0.87465434,-0.63943183,0.27587426,0.0607080979,0.0562907795,8.92529501
211.20000000,-1.40751855,4.42017761,0.75781344,0.76202147,-0.81603056,-0.05845760,0.0540287154,0.0562105668,9.99799088
211.40000000,-1.22959771,4.42597536,0.82749461,0.37088298,0.70776818,0.78199098,0.0535312569,0.0564920207,10.28733598
211.60000000,-1.33275732,4.50120678,0.97170498,-1.00614029,-0.33201798,0.35699534,0.0598538101,0.0562641309,9.62005265
211.80000000,-1.41101492,4.32822400,0.94747453,0.55541444,-0.90524622,-0.34934791,0.0551466634,0.0559983837,10.54727951
212.00000000,-1.22910259,4.31531539,0.97211943,0.50700116,0.70124842,0.70795506,0.0536371322,0.0563487315,11.00701899
212.20000000,-1.32504514,4.39693396,1.10928820,-1.04391903,-0.30916224,0.25426688,0.0592224706,0.0561949059,10.23803082
212.40000000,-1.39612806,4.23691673,1.04821990,0.66717378,-0.73336892,-0.51676790,0.0548089883,0.0560232957,11.17765830
212.60000000,-1.22176755,4.26741231,1.06667927,0.25715634,0.81113927,0.72520589,0.0545479180,0.0561625187,11.33828940
212.80000000,-1.35636277,4.33092370,1.17276419,-1.00910255,-0.47722617,-0.06298498,0.0589166108,0.0561617215,10.58194794
213.00000000,-1.37544152,4.18513971,1.06676982,0.92877520,-0.35433060,-0.51168969,0.0538967264,0.0560990081,11.59616272
213.20000000,-1.23401708,4.28304100,1.10532472,-0.21290540,0.85384224,0.68965543,0.0557859807,0.0560395845,11.18699214
213.40000000,-1.40813907,4.31183191,1.15573837,-0.80859945,-0.64024503,-0.43157052,0.0585696059,0.0561701352,10.60459737
213.60000000,-1.36398713,4.19720732,1.02258487,1.04519815,0.07825340,-0.38914921,0.0530876859,0.0561357185,11.54878553
213.80000000,-1.27486036,4.34640636,1.06984046,-0.58056448,0.80978460,0.50714266,0.0568502025,0.0560015966,10.67656154
214.00000000,-1.46253701,4.35089600,1.06598448,-0.60875699,-0.68342515,-0.64214085,0.0583873321,0.0562413528,10.26401967
214.20000000,-1.38821004,4.26128613,0.92123895,1.00864186,0.28897120,-0.38618276,0.0524762110,0.0561425055,11.05689413
214.40000000,-1.32303874,4.43481541,0.94385202,-0.64839086,0.86208610,0.29393322,0.0572316847,0.0559777899,10.04276758
214.60000000,-1.51385135,4.45225256,0.91585337,-0.66265040,-0.62751058,-0.64585199,0.0591258294,0.0563952191,9.57916372
214.80000000,-1.46361856,4.34853127,0.76123896,0.94674080,0.09069182,-0.58775567,0.0519849358,0.0562144467,10.33139838
215.00000000,-1.36345710,4.50997684,0.72650825,-0.34464073,1.06126606,0.07026386,0.0560483077,0.0559080756,9.54597718
215.20000000,-1.54124738,4.59423877,0.69757203,-0.94688266,-0.35083143,-0.47992752,0.0609340182,0.0565492011,8.77730232
215.40000000,-1.58265902,4.46120431,0.55467910,0.62448867,-0.51097147,-0.77390048,0.0534239297,0.0563402597,9.42291131
215.60000000,-1.42724067,4.52079481,0.44677546,0.37986877,1.00964267,-0.29380484,0.0523626716,0.0560543144,9.38344219
215.80000000,-1.51327280,4.69557260,0.39478648,-1.00924237,0.33537444,-0.34489667,0.0610049042,0.0563376153,8.32740609
216.00000000,-1.67162073,4.61852416,0.29187381,-0.21728515,-0.88286926,-0.65063731,0.0588466605,0.0565624338,8.43880137
216.20000000,-1.56960189,4.50203309,0.16155608,0.94217642,0.08776645,-0.59548344,0.0501705392,0.0566284762,9.22663187
216.40000000,-1.47750702,4.64688790,0.05478114,-0.29405220,0.95328788,-0.50475282,0.0556774609,0.0561401286,8.62532586
216.60000000,-1.63808474,4.72334548,-0.04649279,-0.93430876,-0.35781701,-0.49903307,0.0624918209,0.0566632988,8.00321012
216.80000000,-1.70876947,4.55606423,-0.14057810,0.40753818,-0.93909894,-0.44945045,0.0554468386,0.0563453220,8.67944950
217.00000000,-1.54258139,4.50234208,-0.24159108,0.77486375,0.53032195,-0.60691407,0.0503512824,0.0567913854,9.27621193
217.20000000,-1.54247282,4.65137531,-0.37784821,-0.75059966,0.48456902,-0.67215541,0.0590948509,0.0563967022,8.49657951
217.40000000,-1.71173875,4.59715554,-0.47659137,-0.51611918,-0.95043611,-0.28335856,0.0605338708,0.0563028581,8.46912911
217.60000000,-1.65343104,4.40956806,-0.51673814,0.98189850,-0.46257243,-0.26814541,0.0521032381,0.0566340073,9.57042475
217.80000000,-1.50441786,4.47405461,-0.62858952,0.03979628,0.77336505,-0.80642584,0.0541930257,0.0565152361,9.50008752
218.00000000,-1.63596490,4.52973742,-0.76652713,-0.93592102,-0.47128938,-0.38979230,0.0607848187,0.0563581381,8.93594571
218.20000000,-1.69466940,4.34173942,-0.77583845,0.58509114,-0.94496629,0.12127223,0.0551451976,0.0560444061,9.85636414
218.40000000,-1.51071174,4.31533850,-0.82033257,0.59880352,0.64910979,-0.68563161,0.0527095798,0.0565648417,10.43337821
218.60000000,-1.57892199,4.41004504,-0.97249603,-0.98708309,-0.16272951,-0.49918530,0.0595428158,0.0562724001,9.68247733
218.80000000,-1.68498806,4.25047224,-0.96671764,0.35116226,-0.99092652,0.38045969,0.0560605367,0.0559290431,10.40733586
219.00000000,-1.50559810,4.20898505,-0.96385432,0.71395724,0.63732259,-0.57800075,0.0530639284,0.0563929645,11.13252914
219.20000000,-1.56693736,4.30825654,-1.10776031,-1.02696910,-0.15465804,-0.41402325,0.0589878486,0.0561988319,10.29087457
219.40000000,-1.66705190,4.15734843,-1.06580660,0.46972719,-0.83848199,0.57123043,0.0555639935,0.0559667041,11.03853673
219.60000000,-1.48950955,4.16282807,-1.05408799,0.47818991,0.79794501,-0.62017583,0.0539112526,0.0561931162,11.47681613
219.80000000,-1.59674542,4.24788603,-1.17392145,-1.05694486,-0.34765780,-0.10955134,0.0589336946,0.0561742724,10.58342661
220.00000000,-1.65031908,4.10142501,-1.08000340,0.77642499,-0.50128858,0.62918509,0.0544883781,0.0560500610,11.47032966
220.20000000,-1.49301067,4.17998990,-1.08853877,0.01000743,0.90797908,-0.65228347,0.0550562186,0.0560468080,11.33278051
220.40000000,-1.65237392,4.23356096,-1.16096931,-0.93557434,-0.54785476,0.27304889,0.0588767040,0.0561966953,10.54305542
220.60000000,-1.64489711,4.10775732,-1.02943267,0.96735407,-0.09617222,0.55224713,0.0534588746,0.0561176397,11.45708691
220.80000000,-1.52975847,4.24395997,-1.05128432,-0.38339487,0.90929122,-0.52554516,0.0560605210,0.0559764826,10.81089980
221.00000000,-1.71366186,4.27466847,-1.07233263,-0.78136150,-0.61582975,0.51012529,0.0589397946,0.0562740824,10.16174656
221.20000000,-1.67567911,4.16764153,-0.92410081,0.96950191,0.09657412,0.54839708,0.0527440751,0.0561502167,10.98164822
221.40000000,-1.58133563,4.32836732,-0.92429812,-0.46078690,0.96939972,-0.31295285,0.0562867264,0.0559351756,10.17541295
221.60000000,-1.76913204,4.37483780,-0.91813759,-0.82928858,-0.53714287,0.52321876,0.0597432751,0.0564127745,9.47963290
221.80000000,-1.75789731,4.25666227,-0.76510701,0.85959022,-0.11950959,0.70485601,0.0525919935,0.0562172286,10.21644139
222.00000000,-1.63428838,4.39338233,-0.70770925,-0.13028904,1.10982514,-0.03623278,0.0548100453,0.0559023162,9.69495289
222.20000000,-1.79568997,4.50773731,-0.69029713,-1.03642785,-0.18905166,0.37426816,0.0610826037,0.0564804511,8.74327849
222.40000000,-1.87554764,4.37956635,-0.55892477,0.42724689,-0.65863171,0.79603030,0.0548864315,0.0563545109,9.24218429
222.60000000,-1.72080420,4.39866321,-0.43582293,0.57264176,0.88501473,0.37259927,0.0513194834,0.0561713170,9.48803291
222.80000000,-1.77048963,4.58544429,-0.38001232,-0.93713541,0.52524399,0.30967056,0.0599397933,0.0561969344,8.41945187
223.00000000,-1.94618519,4.53974718,-0.28676228,-0.42784840,-0.83250685,0.61145562,0.0603008151,0.0566584851,8.29816931
223.20000000,-1.87815692,4.39882211,-0.15764754,0.91758068,-0.16121969,0.61810500,0.0509271592,0.0565970585,9.13895932
223.40000000,-1.75546937,4.51411693,-0.04606231,-0.06522118,0.98616179,0.52271502,0.0538662596,0.0561936125,8.80111808
223.60000000,-1.89440155,4.62194398,0.05789131,-0.98260007,-0.15995145,0.50883446,0.0622719710,0.0565900001,8.02351780
223.80000000,-1.99789226,4.47235304,0.15200619,0.19635865,-1.01156671,0.43379253,0.0572500028,0.0563196539,8.50859744
224.00000000,-1.84494023,4.37942616,0.24572406,0.91176247,0.32293270,0.56071699,0.0500848817,0.0568821058,9.31779571
224.20000000,-1.80245323,4.52363043,0.37982791,-0.58503198,0.63589169,0.70949223,0.0574897646,0.0563725080,8.65961390
224.40000000,-1.97150885,4.50515164,0.49082435,-0.67043137,-0.82751269,0.34021230,0.0613030876,0.0564067846,8.40626701
224.60000000,-1.94980694,4.30926392,0.53004474,0.88047217,-0.66270202,0.18866551,0.0532715051,0.0564041601,9.44626366
224.80000000,-1.77938526,4.34156612,0.62329454,0.28654593,0.76574366,0.76257981,0.0529164073,0.0566150096,9.67223358
225.00000000,-1.88150325,4.42363054,0.77165094,-0.95382748,-0.28992331,0.50612003,0.0605165151,0.0563849848,8.98554261
225.20000000,-1.97056454,4.24901015,0.79519529,0.38662024,-1.03865972,-0.14734538,0.0562990059,0.0559477556,9.71048012
225.40000000,-1.78989780,4.18990741,0.81608735,0.79726146,0.55102098,0.55744948,0.0521742504,0.0566200182,10.54332959
225.60000000,-1.81963296,4.29957702,0.96947013,-0.92437697,0.01160381,0.62880239,0.0589824563,0.0562780781,9.77859541
225.80000000,-1.94793683,4.15796595,0.98614564,0.13979550,-1.04633936,-0.36828119,0.0569565776,0.0559118382,10.27300180
226.00000000,-1.77940410,4.08795621,0.95906992,0.88531370,0.53985108,0.41806738,0.0527184262,0.0564183366,11.22116297
226.20000000,-1.80353099,4.20124321,1.10238812,-0.96794069,0.00731159,0.55949731,0.0585568167,0.0561980296,10.37528102
226.40000000,-1.92759685,4.06365732,1.08403350,0.25965156,-0.92022956,-0.57944671,0.0563366816,0.0559467428,10.89842411
226.60000000,-1.75503605,4.04265433,1.04427293,0.67556136,0.75271498,0.47648388,0.0534200534,0.0562280018,11.58951293
226.80000000,-1.83082873,4.14724280,1.17102573,-1.06337350,-0.20419457,0.27846232,0.0587693369,0.0561685272,10.61693464
227.00000000,-1.91582260,4.00432097,1.09532148,0.59391971,-0.63450941,-0.70331860,0.0551753845,0.0560163220,11.32739075
227.20000000,-1.75029580,4.06011775,1.07303219,0.23009268,0.93467122,0.56872396,0.0543810612,0.0560659928,11.47023765
227.40000000,-1.88892689,4.13819144,1.16226360,-1.02442955,-0.43565678,-0.10366837,0.0590029726,0.0562027581,10.51297237
227.60000000,-1.91781320,4.00531690,1.03963170,0.84362665,-0.26823172,-0.68289508,0.0540127169,0.0560912137,11.33227699
227.80000000,-1.78294498,4.12357145,1.03273622,-0.17258748,0.98570420,0.49859871,0.0552570510,0.0559709633,10.95068745
228.00000000,-1.95605386,4.18129508,1.07501311,-0.91998220,-0.52359275,-0.35983781,0.0592929690,0.0562831928,10.09029727
228.20000000,-1.95583153,4.06134071,0.93065535,0.87842612,-0.09769129,-0.68470712,0.0532704477,0.0561450717,10.86554352
228.40000000,-1.83803515,4.20321227,0.90475682,-0.25511903,1.04911561,0.29029398,0.0553084937,0.0559188024,10.31624986
228.60000000,-2.01543109,4.27908193,0.91666501,-0.96033371,-0.42046011,-0.38855159,0.0600916997,0.0564039562,9.41447302
228.80000000,-2.04358845,4.15259486,0.77165971,0.72430529,-0.31694185,-0.79052488,0.0535041670,0.0562251936,10.06562409
229.00000000,-1.90415665,4.25881047,0.69051960,0.08905762,1.11404119,-0.03131827,0.0536337809,0.0559387902,9.83627873
229.20000000,-2.04242031,4.40036169,0.67971353,-1.08379858,-0.01121225,-0.27432609,0.0608616867,0.0563788582,8.74916984
229.40000000,-2.15696360,4.28414258,0.56296506,0.20989564,-0.76437493,-0.78846348,0.0564566711,0.0564085841,9.05714861
229.60000000,-2.01244811,4.26285785,0.42771353,0.72883678,0.71245647,-0.45956784,0.0506701650,0.0562894726,9.54425754
229.80000000,-2.02346837,4.45310457,0.36457537,-0.82228015,0.69950574,-0.29076959,0.0585692498,0.0560797366,8.54465351
230.00000000,-2.20875583,4.44180349,0.27978457,-0.61600700,-0.74073439,-0.56731633,0.0614043492,0.0567136461,8.19156042
230.20000000,-2.17831203,4.28490428,0.15401630,0.83496674,-0.39464002,-0.63015051,0.0521713567,0.0565296517,9.00382489
230.40000000,-2.03268019,4.36379304,0.03848325,0.17188292,0.96326834,-0.54089763,0.0522369493,0.0563106568,8.96365313
230.60000000,-2.14271521,4.49781973,-0.06869385,-0.98657347,0.04555153,-0.52402072,0.0615633590,0.0564842606,8.08639610
230.80000000,-2.27379294,4.37257194,-0.16432038,-0.01932564,-1.03324947,-0.42664028,0.0589398082,0.0563728372,8.35352942
231.00000000,-2.14268005,4.24542152,-0.25150003,0.99173669,0.09044437,-0.50821061,0.0503805699,0.0568670225,9.29831349
231.20000000,-2.05969248,4.37559846,-0.38029709,-0.38396347,0.75425806,-0.73052496,0.0557578888,0.0563942890,8.84007865
231.40000000,-2.22010983,4.39291974,-0.50301127,-0.79091077,-0.67572255,-0.40970607,0.0616779947,0.0564743493,8.38345674
231.60000000,-2.23509088,4.19672940,-0.54572868,0.73511252,-0.83210232,-0.13120665,0.0546338799,0.0562070819,9.29791045
231.80000000,-2.05259532,4.19348514,-0.61950777,0.52277682,0.70995766,-0.68750591,0.0519309823,0.0567237377,9.81702091
232.00000000,-2.11961826,4.29734864,-0.77316930,-0.92719970,-0.10026215,-0.61664259,0.0599144690,0.0563796025,9.07256723
232.20000000,-2.23392199,4.14171432,-0.81480991,0.17896220,-1.09520601,0.13600075,0.0574143154,0.0559248986,9.57294758
232.40000000,-2.06527196,4.05087504,-0.81553042,0.95425664,0.41649438,-0.40734084,0.0519618808,0.0566391647,10.60759039
232.60000000,-2.05485895,4.17014020,-0.96307636,-0.82002300,0.18659024,-0.73671313,0.0582064771,0.0562755915,9.90478294
232.80000000,-2.19895828,4.05065956,-1.00466706,-0.06771192,-1.07056486,0.31512832,0.0577822558,0.0559372670,10.15388526
233.00000000,-2.04863076,3.95323623,-0.95837109,1.01165745,0.41106450,-0.23994800,0.0526195302,0.0564130515,11.26579630
233.20000000,-2.03470357,4.07612388,-1.09363348,-0.86930375,0.17351833,-0.68132390,0.0579541737,0.0561874165,10.48815766
233.40000000,-2.17676524,3.95595278,-1.10181649,0.04809426,-0.97638592,0.54254709,0.0570808686,0.0559603117,10.76701443
233.60000000,-2.01674417,3.90782399,-1.03802572,0.83878355,0.67404599,-0.30348644,0.0531076331,0.0562530847,11.66717358
233.80000000,-2.05848276,4.02909378,-1.16427516,-1.02925751,-0.04854214,-0.43390380,0.0584324294,0.0561486720,10.68130684
234.00000000,-2.17059131,3.89408896,-1.11168812,0.39255699,-0.74966944,0.73068093,0.0559119397,0.0560009681,11.17796217
234.20000000,-2.00468123,3.92423270,-1.05982313,0.43630032,0.92912590,-0.44313312,0.0538049830,0.0560964515,11.58867252
234.40000000,-2.11764192,4.02572677,-1.15948177,-1.07370646,-0.30448411,-0.06666144,0.0589424034,0.0561882229,10.51527458
234.60000000,-2.18097875,3.89031187,-1.05231411,0.68322053,-0.43134014,0.77275822,0.0547105774,0.0560684008,11.18429505
234.80000000,-2.03356159,3.98596711,-1.01529574,0.04186106,1.03265290,-0.42646866,0.0544882619,0.0559868948,11.08545148
235.00000000,-2.18950955,4.07067049,-1.07369081,-1.02141970,-0.40785079,0.20089649,0.0594278142,0.0562741104,10.05209704
235.20000000,-2.22666697,3.94286180,-0.94010034,0.74295025,-0.28509373,0.78533201,0.0540191625,0.0561369549,10.71818763
235.40000000,-2.09237661,4.06024550,-0.88634357,-0.04125390,1.09416056,-0.22607666,0.0543573397,0.0559310167,10.45382289
235.60000000,-2.25258281,4.16477636,-0.91124985,-1.05281483,-0.28028479,0.25104031,0.0601536541,0.0563531437,9.38580884
235.80000000,-2.31870073,4.03645415,-0.77987808,0.55124737,-0.49205746,0.83905045,0.0546429225,0.0562376051,9.89221286
236.00000000,-2.17198677,4.10771781,-0.67586181,0.30077825,1.06918985,0.12792723,0.0526097279,0.0560001661,9.95520278
236.20000000,-2.28139957,4.27208522,-0.66617478,-1.08800054,0.17684030,0.18703532,0.0602918394,0.0562542433,8.79416113
236.40000000,-2.42555506,4.17430215,-0.56587748,-0.01497977,-0.82545937,0.75391798,0.0579921321,0.0564917600,8.88186427
236.60000000,-2.30001938,4.11502080,-0.42247953,0.83657844,0.50144648,0.54652339,0.0504954696,0.0563811766,9.54332899
236.80000000,-2.27220755,4.29944086,-0.34912824,-0.66773520,0.84868651,0.28958725,0.0569895870,0.0560052872,8.69502976
237.00000000,-2.45894441,4.32409530,-0.27094833,-0.77534534,-0.61310444,0.52243891,0.0620792272,0.0567074981,8.12415712
237.20000000,-2.46753240,4.16010557,-0.15016310,0.70271003,-0.59820970,0.63114471,0.0537768628,0.0564528187,8.83708033
237.40000000,-2.30814738,4.19798724,-0.03193406,0.40234114,0.88191057,0.55709536,0.0509471225,0.0564611684,9.09510593
237.60000000,-2.38316813,4.35136877,0.07859529,-0.94463460,0.25055721,0.54303446,0.0604141186,0.0563712300,8.18896958
237.80000000,-2.53548022,4.25588901,0.17714920,-0.22868015,-1.00678888,0.42904709,0.0603863008,0.0564696420,8.22532047
238.00000000,-2.43310728,4.10123595,0.25919472,1.01025866,-0.15075485,0.45458804,0.0511944063,0.0567532602,9.22144174
238.20000000,-2.31401370,4.20874441,0.37986062,-0.15564118,0.83089164,0.73170676,0.0540516878,0.0564705278,9.02463853
238.40000000,-2.45748718,4.26040287,0.51271234,-0.87310120,-0.50059788,0.48692497,0.0616287106,0.0564964218,8.40214748
238.60000000,-2.50733995,4.07161306,0.56304614,0.55783631,-0.96375571,0.09996721,0.0560776380,0.0560715963,9.14134081
238.80000000,-2.32254353,4.03141890,0.61817058,0.73357316,0.60645530,0.58658526,0.0513254645,0.0568031467,9.92050241
239.00000000,-2.35041529,4.15128545,0.77133837,-0.85618843,0.09209054,0.71306422,0.0590148382,0.0563779463,9.19371144
239.20000000,-2.48378846,4.01963409,0.83362120,-0.02669011,-1.11414628,-0.08925010,0.0584217705,0.0559646679,9.45412499
239.40000000,-2.33474293,3.89942327,0.81912291,1.06088201,0.25140597,0.24763738,0.0520750643,0.0565919015,10.62122182
239.60000000,-2.28451099,4.02219593,0.95399929,-0.67763393,0.35675660,0.81457771,0.0572668984,0.0562751201,10.05557232
239.80000000,-2.43741141,3.92855011,1.02128303,-0.26198872,-1.06320567,-0.22573322,0.0584897557,0.0559966731,10.05754188
240.00000000,-2.31126685,3.80586389,0.96204268,1.08695000,0.25545585,0.05728770,0.0527640608,0.0563708393,11.26355021
240.20000000,-2.26026690,3.93322301,1.08217380,-0.73499573,0.33955820,0.77102618,0.0572174580,0.0561755318,10.62482597
240.40000000,-2.41381512,3.83435516,1.11813315,-0.15513413,-1.00512550,-0.46438777,0.0577532218,0.0559986388,10.65237739
240.60000000,-2.27287642,3.75938128,1.03588653,0.95955955,0.56250383,0.11329068,0.0529930955,0.0562591044,11.70329989
240.80000000,-2.27954730,3.89359375,1.15408915,-0.95681784,0.11660140,0.56648355,0.0579422798,0.0561269900,10.77407297
241.00000000,-2.41353572,3.77097248,1.12802810,0.18340940,-0.84291812,-0.71123126,0.0566501759,0.0560126108,11.03201300
241.20000000,-2.25478269,3.77332347,1.04979519,0.61801194,0.88763733,0.28312734,0.0533673475,0.0561270419,11.67794298
241.40000000,-2.33838062,3.89620133,1.15271505,-1.08338077,-0.15583305,0.22803956,0.0587000188,0.0561568688,10.54964271
241.60000000,-2.43289184,3.76311442,1.06645407,0.49683600,-0.57930322,-0.81704445,0.0555016899,0.0560647164,11.02414736
241.80000000,-2.28055414,3.83209217,1.00002075,0.24921192,1.04409375,0.31266841,0.0538034332,0.0560176145,11.20380596
242.00000000,-2.41388019,3.94272728,1.06827378,-1.08401602,-0.27027836,-0.04311323,0.0593398152,0.0562329660,10.04815281
242.20000000,-2.48642591,3.81257540,0.95142366,0.57307349,-0.45745541,-0.84399122,0.0549314176,0.0561398646,10.55135449
242.40000000,-2.34339095,3.90061318,0.87012677,0.16971067,1.09813620,0.12367310,0.0534969036,0.0559719390,10.57537734
242.60000000,-2.48047480,4.03179994,0.90196305,-1.10509847,-0.12007360,-0.11974797,0.0599311275,0.0562709813,9.39419940
242.80000000,-2.58155018,3.90821674,0.78863628,0.35224762,-0.63724559,-0.84843358,0.0559063926,0.0562793106,9.71027604
243.00000000,-2.43642126,3.94175919,0.66446792,0.49155204,0.97354145,-0.24615749,0.0518278532,0.0560892259,10.03753205
243.20000000,-2.51261475,4.12307920,0.65023669,-1.04893604,0.36835474,-0.11852353,0.0594142621,0.0561294430,8.87561187
243.40000000,-2.68029533,4.04941801,0.56688320,-0.23630512,-0.84153594,-0.69712052,0.0593622793,0.0565736790,8.72778439
243.60000000,-2.58113033,3.95656961,0.41986841,0.88810576,0.26541142,-0.62515983,0.0508321417,0.0564269837,9.48367146
243.80000000,-2.51664740,4.12568242,0.33432067,-0.47871805,0.96281951,-0.30628008,0.0553164364,0.0559855901,8.85945991
244.00000000,-2.69652427,4.18623908,0.26042118,-0.90077527,-0.45560903,-0.48064975,0.0622817003,0.0566398520,8.09882626
244.20000000,-2.74359744,4.02396628,0.14563453,0.53213586,-0.76155493,-0.62198503,0.0555856778,0.0564270503,8.65639477
244.40000000,-2.58046978,4.01885723,0.02618993,0.60986796,0.74422617,-0.56937540,0.0501298941,0.0566082181,9.17933024
244.60000000,-2.61597787,4.18327270,-0.08737764,-0.85625147,0.44614959,-0.56372319,0.0589061222,0.0562780461,8.32598763
244.80000000,-2.78225909,4.12165516,-0.19006149,-0.42263497,-0.93628996,-0.44129429,0.0614840210,0.0565558710,8.13180995
245.00000000,-2.71352568,3.94738422,-0.26888670,0.96864504,-0.38421743,-0.40509706,0.0524322932,0.0565851926,9.09815424
245.20000000,-2.56500612,4.02480723,-0.37925109,0.08855705,0.85813619,-0.71116791,0.0525311230,0.0565875901,9.19742624
245.40000000,-2.68371751,4.10773030,-0.51966294,-0.91354589,-0.30789551,-0.56624564,0.0611525554,0.0564789885,8.46196525
245.60000000,-2.76498854,3.93352495,-0.58113434,0.36108877,-1.05369006,-0.09670585,0.0574949522,0.0560275252,8.99115949
245.80000000,-2.58738670,3.85698444,-0.62001763,0.90526068,0.45960464,-0.46825905,0.0511450126,0.0568345218,9.97257054
246.00000000,-2.57399438,3.98599737,-0.76666566,-0.74245832,0.28053359,-0.78743660,0.0578793214,0.0563704472,9.34362308
246.20000000,-2.71950077,3.88262078,-0.85065255,-0.22076045,-1.09596399,0.01129717,0.0592596826,0.0560551445,9.36189053
246.40000000,-2.59611477,3.73666452,-0.82696754,1.11242255,0.06409693,-0.09169255,0.0524861753,0.0564900529,10.58489967
246.60000000,-2.50840609,3.85636227,-0.94312884,-0.50254330,0.51541779,-0.85544994,0.0562319782,0.0562907719,10.22346411
246.80000000,-2.66287374,3.79167049,-1.03514209,-0.43546801,-1.02419915,0.10669390,0.0590372699,0.0560673321,9.98950305
247.00000000,-2.56527469,3.64686427,-0.97002293,1.10916711,0.07952286,0.11586332,0.0531299559,0.0562933968,11.21629295
247.20000000,-2.47993857,3.77299399,-1.06887315,-0.57040774,0.49968659,-0.82155230,0.0563954099,0.0561714731,10.77887229
247.40000000,-2.63822311,3.69898802,-1.13208020,-0.34193247,-1.00493046,0.35099404,0.0583148691,0.0560459565,10.56080624
247.60000000,-2.52158854,3.59844134,-1.03809315,1.03266039,0.42090450,0.08032300,0.0530805403,0.0562273366,11.69513197
247.80000000,-2.49380620,3.74098141,-1.14109313,-0.84953797,0.28724910,-0.66766239,0.0573277959,0.0560985535,10.89132825
248.00000000,-2.64382114,3.63519067,-1.14329964,-0.02348677,-0.91086568,0.64789810,0.0573434743,0.0560421458,10.89821676
248.20000000,-2.49905341,3.60853750,-1.04362139,0.76596588,0.80833851,-0.09942327,0.0530994733,0.0561491771,11.72973266
248.40000000,-2.55099383,3.74970044,-1.14228191,-1.05468744,0.00780313,-0.37090885,0.0582911776,0.0561151522,10.61448246
248.60000000,-2.67232356,3.62403689,-1.08095227,0.29548586,-0.70654343,0.81454549,0.0563283445,0.0560813376,10.86267655
248.80000000,-2.52267467,3.66310601,-0.98784375,0.43865288,1.01519472,-0.16420471,0.0532503947,0.0560554850,11.29452788
249.00000000,-2.62904011,3.79745251,-1.05891473,-1.10741071,-0.11337633,-0.10386138,0.0590380428,0.0561747713,10.07811129
249.20000000,-2.73362983,3.67074497,-0.96349745,0.37991660,-0.60761577,0.85817616,0.0559328248,0.0561660848,10.37736349
249.40000000,-2.58988889,3.72569607,-0.85703740,0.36606374,1.05635922,0.01011887,0.0527918745,0.0560306393,10.66810235
249.60000000,-2.69902245,3.88014144,-0.88912415,-1.11663479,0.05581943,0.00328493,0.0594434091,0.0561799188,9.43866456
249.80000000,-2.83077476,3.76774633,-0.79680719,0.13917516,-0.74700706,0.82012840,0.0571833879,0.0563445725,9.53298737
250.00000000,-2.69582333,3.76269970,-0.65679715,0.64869430,0.82932176,0.37605981,0.0513695336,0.0561731126,10.07192761
250.20000000,-2.73606702,3.95374764,-0.63262437,-0.96748059,0.55545129,0.07385819,0.0582877193,0.0560205223,8.98877176
250.40000000,-2.92043237,3.90891732,-0.56539928,-0.44487649,-0.81401811,0.62406673,0.0604595999,0.0566270506,8.60350688
250.60000000,-2.85329048,3.78859655,-0.41936785,0.88089515,0.02003134,0.68820226,0.0516618265,0.0564255502,9.37132928
250.80000000,-2.75661098,3.93341270,-0.32074935,-0.26319628,1.03217538,0.33961975,0.0536805093,0.0560303840,9.02370772
251.00000000,-2.92140872,4.02807346,-0.24850456,-0.98812524,-0.27463725,0.44517721,0.0620016299,0.0565247044,8.11644552
251.20000000,-3.00465599,3.87586141,-0.14007325,0.33565263,-0.87846001,0.60468602,0.0574294753,0.0564643269,8.47850909
251.40000000,-2.84782214,3.82849031,-0.02093533,0.77887221,0.55788143,0.57630395,0.0498740650,0.0567121118,9.20511066
251.60000000,-2.84141001,3.99452198,0.09493757,-0.72249641,0.62249841,0.58351909,0.0571534207,0.0562338806,8.48934396
251.80000000,-3.01368640,3.96942344,0.20260263,-0.59366957,-0.82662927,0.46286105,0.0621554076,0.0566153007,8.07802238
252.00000000,-2.98140084,3.78402500,0.28045503,0.87324745,-0.59552851,0.36439613,0.0539670236,0.0563949443,8.94416832
252.20000000,-2.81194031,3.82575572,0.37926076,0.33442579,0.83080845,0.66926569,0.0513444756,0.0567331177,9.34154051
252.40000000,-2.89898662,3.93521695,0.52380009,-0.90974393,-0.10390569,0.64153679,0.0602765927,0.0564488728,8.56068975
252.60000000,-3.00684056,3.78210023,0.59908782,0.15660308,-1.10038419,0.12095440,0.0587874667,0.0560725629,8.85943258
252.80000000,-2.84501274,3.67171339,0.62549167,1.02722831,0.27765198,0.34309071,0.0513873836,0.0567817194,9.96901990
253.00000000,-2.79041012,3.80223340,0.75989191,-0.58945966,0.45728656,0.83272215,0.0565936310,0.0563871477,9.51461909
253.20000000,-2.94063960,3.73059578,0.86506894,-0.39541649,-1.04172470,0.09195275,0.0598755509,0.0561486714,9.30177723
253.40000000,-2.84720605,3.56359509,0.83880272,1.10876875,-0.13548740,-0.04769577,0.0531454826,0.0563466415,10.50474394
253.60000000,-2.72623128,3.67344971,0.93151289,-0.30186703,0.65479057,0.85447379,0.0551819385,0.0563241467,10.39888536
253.80000000,-2.87509519,3.64008241,1.04558125,-0.58237741,-0.95377086,0.03402292,0.0593907298,0.0561464863,9.95346274
254.00000000,-2.80868981,3.47720805,0.98191380,1.08033235,-0.10879735,-0.26654269,0.0536812018,0.0561912559,11.13027509
254.20000000,-2.69331689,3.59605702,1.05473965,-0.38233318,0.64685433,0.82788929,0.0555452569,0.0561848379,10.94209696
254.40000000,-2.84964125,3.54997171,1.14291767,-0.50603306,-0.97458903,-0.21001578,0.0587329555,0.0561003786,10.49687646
254.60000000,-2.76103052,3.42614250,1.04455864,1.05642940,0.25426236,-0.26326307,0.0533598558,0.0561837729,11.64410789
254.80000000,-2.70096577,3.57161546,1.12609339,-0.71208394,0.45793681,0.73022613,0.0566261821,0.0560832298,11.02758959
255.00000000,-2.86083571,3.48693315,1.15655618,-0.21964454,-0.95057835,-0.54603749,0.0579492583,0.0560841739,10.78364071
255.20000000,-2.73583393,3.43114073,1.04170131,0.87316575,0.69178087,-0.09497718,0.0530221358,0.0561559567,11.73878220
255.40000000,-2.75529848,3.58638940,1.12871652,-0.98997247,0.18263142,0.48641560,0.0577403967,0.0560710204,10.70681728
255.60000000,-2.89831030,3.47332962,1.09471722,0.08951643,-0.80821865,-0.76731302,0.0571315568,0.0561154949,10.70966524
255.80000000,-2.75850067,3.48035411,0.97948888,0.60017034,0.94324970,-0.00868498,0.0528725245,0.0560918608,11.34796127
256.00000000,-2.83486224,3.63491361,1.04600368,-1.09233219,0.05922888,0.23087265,0.0585435301,0.0561082561,10.14021367
256.20000000,-2.96708900,3.51753582,0.97517368,0.17449784,-0.72966778,-0.82893625,0.0569425475,0.0562123147,10.20776511
256.40000000,-2.83046686,3.53706384,0.84777903,0.53642673,0.96690913,-0.16532683,0.0523039428,0.0560865290,10.72084426
256.60000000,-2.90815132,3.70993086,0.87328391,-1.08779954,0.24187065,0.09050199,0.0587243902,0.0560833771,9.51657051
256.80000000,-3.06531591,3.61483233,0.80335519,-0.07711177,-0.81782862,-0.75842599,0.0583668658,0.0564122826,9.37156910
257.00000000,-2.94831650,3.57230196,0.65297597,0.76174067,0.64308736,-0.50615181,0.0512958582,0.0562328204,10.05212188
257.20000000,-2.95175730,3.76476750,0.61419022,-0.84574997,0.72903132,-0.05674661,0.0569858496,0.0559439934,9.12640731
257.40000000,-3.14543667,3.75231801,0.56106692,-0.63329549,-0.74556111,-0.54136430,0.0612055130,0.0566349325,8.51497196
257.60000000,-3.11405468,3.61182260,0.42026686,0.81769479,-0.21886354,-0.73039293,0.0529097685,0.0563993796,9.21856370
257.80000000,-2.99172731,3.72455280,0.30890598,-0.03222001,1.04846125,-0.38689887,0.0522208602,0.0561223692,9.17120219
258.00000000,-3.13364195,3.84966904,0.23560113,-1.03387042,-0.07712194,-0.41852601,0.0612610381,0.0563843368,8.17600740
258.20000000,-3.24923197,3.71511506,0.13325195,0.12531053,-0.94635753,-0.58198329,0.0591481574,0.0565482286,8.31753033
258.40000000,-3.10800854,3.62874067,0.01579980,0.89682059,0.33562232,-0.57712248,0.0502089391,0.0567232760,9.16881394
258.60000000,-3.05972936,3.78644143,-0.10130464,-0.54678135,0.76901639,-0.59970310,0.0552980920,0.0562493247,8.66767181
258.80000000,-3.22953710,3.79895185,-0.21433251,-0.73546566,-0.68308920,-0.49242184,0.0623528817,0.0566074183,8.06664464
259.00000000,-3.23448558,3.61104597,-0.29359928,0.73385506,-0.77361717,-0.33611469,0.0556561017,0.0562587260,8.77683481
259.20000000,-3.05370382,3.61370447,-0.38065602,0.56599941,0.74761656,-0.60886287,0.0506072403,0.0568485315,9.44149947
259.40000000,-3.10356557,3.74337548,-0.52528035,-0.86028683,0.10418610,-0.70643590,0.0590593397,0.0564124617,8.69402401
259.60000000,-3.23203702,3.61704042,-0.61602714,-0.04522912,-1.10405295,-0.17035628,0.0598690558,0.0561640151,8.75531910
259.80000000,-3.09315463,3.47696663,-0.63469436,1.09332871,0.07188439,-0.22240691,0.0520085221,0.0566387291,9.91245220
260.00000000,-2.99962578,3.60096992,-0.75195369,-0.40272085,0.61346393,-0.84349143,0.0552628043,0.0564311303,9.69652349
260.20000000,-3.14698286,3.56354636,-0.87622083,-0.54448715,-0.95290501,-0.21332055,0.0602282418,0.0562346119,9.27725920
260.40000000,-3.08596559,3.38106763,-0.85403825,1.05405320,-0.33685591,0.15968660,0.0539903472,0.0561861686,10.39109323
260.60000000,-2.93751073,3.47449222,-0.92029124,-0.08444093,0.76642547,-0.80960582,0.0542021031,0.0563743608,10.57045489
260.80000000,-3.07395386,3.47387286,-1.05215495,-0.69860155,-0.85252431,-0.18750474,0.0595259085,0.0561972006,9.95149565
261.00000000,-3.03971039,3.29778070,-0.99702549,1.00595050,-0.30084429,0.38413039,0.0543729078,0.0560825766,11.01502443
261.20000000,-2.89986080,3.40323446,-1.04086796,-0.17883440,0.77300901,-0.78770247,0.0547286222,0.0562108824,11.10467892
261.40000000,-3.04785300,3.38742083,-1.15010079,-0.64294570,-0.91328874,0.05024309,0.0589822367,0.0561433614,10.46360066
261.60000000,-2.98943000,3.24359839,-1.05488142,1.03278517,0.06942206,0.42253429,0.0538085020,0.0561226764,11.55560868
261.80000000,-2.90063755,3.38601452,-1.11004028,-0.55021856,0.62170451,-0.74882768,0.0558811449,0.0560775628,11.17570862
262.00000000,-3.06414986,3.32635759,-1.16699539,-0.39835987,-0.95961267,0.41285928,0.0584312079,0.0561320428,10.69368931
262.20000000,-2.96341748,3.24246366,-1.04412147,0.93558476,0.54119550,0.28598678,0.0531436015,0.0561557328,11.70375163
262.40000000,-2.95105975,3.40655034,-1.11274812,-0.89258050,0.36333316,-0.56682353,0.0570798891,0.0560348523,10.82213178
262.60000000,-3.11012658,3.31118249,-1.10673674,-0.11206410,-0.88027536,0.68011528,0.0578561383,0.0561611163,10.57332650
262.80000000,-2.98647374,3.28531681,-0.97540059,0.72551111,0.82841798,0.19327996,0.0527049096,0.0561187508,11.35748082
263.00000000,-3.03120015,3.45529293,-1.03015194,-1.04045082,0.24251615,-0.32961774,0.0578872595,0.0560431521,10.23115334
263.20000000,-3.18588343,3.35302954,-0.98537029,-0.03317913,-0.81901580,0.76033684,0.0578822180,0.0562701185,10.05250447
263.40000000,-3.06353647,3.33640145,-0.84275121,0.67091792,0.83141274,0.32957830,0.0520854598,0.0561359738,10.72595074
263.60000000,-3.10778472,3.52147865,-0.85519752,-1.01986008,0.43116129,-0.15487162,0.0578197889,0.0559990035,9.62339646
263.80000000,-3.28437919,3.44922646,-0.80740862,-0.28734386,-0.84790887,0.66968942,0.0593642826,0.0564704003,9.23485637
264.00000000,-3.19186209,3.37220792,-0.65277476,0.82386568,0.42528968,0.62479907,0.0516348193,0.0562714076,9.97829736
264.20000000,-3.15966336,3.55712886,-0.59586193,-0.68752666,0.87893190,0.06917839,0.0555949614,0.0559090976,9.27849521
264.40000000,-3.35495780,3.57925517,-0.55375957,-0.79565775,-0.63972697,0.45571702,0.0615523238,0.0565835648,8.46582598
264.60000000,-3.36115616,3.42661064,-0.42174221,0.70553364,-0.43717749,0.74906474,0.0544548084,0.0563978487,9.04123958
264.80000000,-3.22134767,3.50130266,-0.29912753,0.20031592,1.00636195,0.44396961,0.0510744016,0.0562598391,9.28484358
265.00000000,-3.33339666,3.65134484,-0.22217838,-1.03507457,0.12920026,0.40240252,0.0601124198,0.0562479583,8.27447106
265.20000000,-3.47619788,3.54109148,-0.12508864,-0.08802170,-0.96545759,0.55690545,0.0606030875,0.0566395744,8.18428236
265.40000000,-3.35858305,3.42109867,-0.01040079,0.95614973,0.09362300,0.57184988,0.0510987584,0.0566709039,9.07531456
265.60000000,-3.27112544,3.56070681,0.10664631,-0.33563352,0.87496231,0.60974663,0.0535019520,0.0563280415,8.84634213
265.80000000,-3.42978192,3.61019983,0.22486365,-0.84257744,-0.51128705,0.52787183,0.0620604110,0.0565650296,8.09836418
266.00000000,-3.47089212,3.42816887,0.30787516,0.56191903,-0.91112646,0.32263824,0.0573565856,0.0562170363,8.61250848
266.20000000,-3.28878058,3.39079371,0.38408688,0.76735956,0.61216417,0.53517679,0.0503846820,0.0569162569,9.48617198
266.40000000,-3.29777995,3.53294144,0.52448572,-0.76518155,0.30799014,0.75474441,0.0575907563,0.0564044061,8.85522813
266.60000000,-3.44001282,3.43813436,0.63115748,-0.23556343,-1.06602948,0.24102049,0.0606680365,0.0562732185,8.68521825
266.80000000,-3.32952907,3.27387709,0.64738142,1.10244453,-0.14479097,0.11683963,0.0529344819,0.0564462294,9.81165827
267.00000000,-3.20146310,3.38344163,0.74392358,-0.19005815,0.73951426,0.81669848,0.0540025101,0.0565017887,9.87684494
267.20000000,-3.33846261,3.38152226,0.88367649,-0.66327560,-0.83140862,0.34471008,0.0602907207,0.0562857109,9.29003093
267.40000000,-3.31056634,3.18978401,0.87182367,0.95566399,-0.52994262,-0.23636203,0.0549529591,0.0560401530,10.25666578
267.60000000,-3.14157991,3.26076472,0.91061206,0.13945325,0.84198162,0.72223237,0.0533737559,0.0564319400,10.72570378
267.80000000,-3.25941620,3.29315714,1.05465394,-0.78148446,-0.72164420,0.34425506,0.0594305999,0.0562273532,9.98422257
268.00000000,-3.25676458,3.10936369,1.01444626,0.89400985,-0.48792472,-0.46116777,0.0551555855,0.0559899820,10.88185340
268.20000000,-3.09887703,3.19557659,1.02836758,0.03102349,0.86969640,0.70190140,0.0540061132,0.0562480999,11.25567185
268.40000000,-3.23273214,3.21144764,1.15330125,-0.74978795,-0.82079388,0.11880777,0.0590466288,0.0561688031,10.46259054
268.60000000,-3.20516664,3.05185603,1.06838559,0.96672370,-0.12552356,-0.54743856,0.0543938298,0.0560564381,11.43807090
268.80000000,-3.09232619,3.18489576,1.09397870,-0.37068479,0.77030924,0.72056666,0.0551405165,0.0560868561,11.32693783
269.00000000,-3.25347296,3.15359149,1.17399551,-0.55472128,-0.93610394,-0.25689212,0.0587609866,0.0561586090,10.63219584
269.20000000,-3.18012395,3.04384091,1.05064570,0.95249320,0.36236645,-0.45983378,0.0534582850,0.0561263070,11.62745497
269.40000000,-3.13797792,3.21062390,1.09526986,-0.76677773,0.54297161,0.60599802,0.0563480015,0.0560100344,10.95422176
269.60000000,-3.30724585,3.13772996,1.11613574,-0.30193560,-0.91948128,-0.55981151,0.0584545971,0.0562013230,10.46012281
269.80000000,-3.20495683,3.07954026,0.97569565,0.80904329,0.67409015,-0.37556793,0.0527698346,0.0561308192,11.32063159
270.00000000,-3.21787533,3.25892915,1.01216617,-0.95430941,0.42988277,0.39305750,0.0571081123,0.0559897606,10.34587245
270.20000000,-3.38932620,3.17724149,0.99314180,-0.23465556,-0.87233284,-0.65876554,0.0586830337,0.0563193967,9.91954842
270.40000000,-3.28737962,3.12541653,0.84200002,0.76229570,0.65530890,-0.48936220,0.0521712406,0.0561710917,10.68072360
270.60000000,-3.29783322,3.31532034,0.83578704,-0.91507721,0.61527082,0.18459515,0.0567847529,0.0559377067,9.75244966
270.80000000,-3.48738667,3.27067519,0.80830988,-0.48399756,-0.83686725,-0.56160432,0.0601040374,0.0564962170,9.12930346
271.00000000,-3.42436472,3.16383796,0.65562915,0.83269541,0.18907598,-0.72171219,0.0523716046,0.0562789311,9.85708091
271.20000000,-3.35970381,3.33216645,0.57857906,-0.49875271,0.99444275,-0.11103701,0.0542119850,0.0559256153,9.43222325
271.40000000,-3.54879436,3.38950212,0.54357554,-0.92715301,-0.50084671,-0.37355017,0.0614826009,0.0564828726,8.45774822
271.60000000,-3.59260052,3.23302572,0.42295349,0.55414388,-0.62376067,-0.74420901,0.0561476357,0.0564322621,8.85599993
271.80000000,-3.44447554,3.26603323,0.29155532,0.41871837,0.90506505,-0.50550176,0.0503611951,0.0563878240,9.34974699
272.00000000,-3.52097044,3.43369348,0.20873003,-0.98959305,0.33550589,-0.39766978,0.0586369064,0.0561348871,8.40639442
272.20000000,-3.68473527,3.35325732,0.11564441,-0.29491957,-0.93785819,-0.53239489,0.0616849247,0.0567050319,8.08639101
272.40000000,-3.59701330,3.20662377,0.00438852,0.95508275,-0.15089850,-0.56128997,0.0524488144,0.0565461372,8.93676394
272.60000000,-3.47561439,3.31933729,-0.11125672,-0.09924063,0.93058106,-0.61169440,0.0519329446,0.0564567648,9.00826201
272.80000000,-3.61457356,3.40332717,-0.23389770,-0.91021990,-0.31733624,-0.56638970,0.0612949023,0.0564806318,8.17197392
273.00000000,-3.68911484,3.23504839,-0.32273848,0.36908638,-1.00404441,-0.32506911,0.0589356602,0.0562587600,8.46493517
273.20000000,-3.51529126,3.15905177,-0.39000721,0.92481763,0.43306434,-0.45515655,0.0506835950,0.0568735480,9.47124647
273.40000000,-3.48196775,3.30490828,-0.52201305,-0.62633468,0.49779052,-0.78096691,0.0559892541,0.0564286722,9.03476358
273.60000000,-3.63045235,3.24526474,-0.64381694,-0.40703043,-0.98835761,-0.32783428,0.0611295869,0.0563578815,8.65313689
273.80000000,-3.55197323,3.06332973,-0.66300019,1.05810473,-0.35941828,-0.03511028,0.0540748742,0.0562288440,9.67973730
274.00000000,-3.39555230,3.15115728,-0.73692771,0.03843999,0.82608069,-0.75240475,0.0529263653,0.0565886146,10.04151791
274.20000000,-3.51512751,3.18463782,-0.88724463,-0.74834709,-0.67974117,-0.47741850,0.0600529420,0.0563144394,9.34018546
274.40000000,-3.51946616,2.99030445,-0.89113553,0.82294745,-0.70579070,0.27316084,0.0559655746,0.0559406819,10.11467982
274.60000000,-3.33757227,3.03377841,-0.90353622,0.35864268,0.87427840,-0.59750528,0.0527641349,0.0564905509,10.85230874
274.80000000,-3.43150283,3.09809073,-1.05311496,-0.82962007,-0.56318147,-0.49452707,0.0591064924,0.0562379239,10.05087861
275.00000000,-3.45854881,2.91262683,-1.03312574,0.75380994,-0.66185205,0.49368237,0.0559783746,0.0559397684,10.74238605
275.20000000,-3.28951730,2.97437033,-1.01828051,0.23761296,0.92893671,-0.57499262,0.0534311914,0.0562857185,11.38389777
275.40000000,-3.40420697,3.02217305,-1.15241925,-0.82505591,-0.69768749,-0.28725383,0.0589205115,0.0561755064,10.49416834
275.60000000,-3.40682763,2.85186410,-1.08418447,0.86544878,-0.32188853,0.63038562,0.0550757529,0.0560067682,11.30173395
275.80000000,-3.27542283,2.96920632,-1.07898564,-0.18102441,0.89471569,-0.64553377,0.0544532115,0.0561069910,11.47125535
276.00000000,-3.42861205,2.96873941,-1.17714029,-0.68546187,-0.87890983,0.08751798,0.0589195560,0.0561768684,10.60156734
276.20000000,-3.38437230,2.83655301,-1.06073753,0.92631827,0.16315121,0.60441376,0.0539463398,0.0560866074,11.51639211
276.40000000,-3.31567937,2.99925173,-1.07729557,-0.61769816,0.71309778,-0.59995033,0.0555876170,0.0560007468,11.09513704
276.60000000,-3.48929680,2.95306015,-1.12221955,-0.47453940,-0.92347128,0.41474450,0.0588897992,0.0562344549,10.37480293
276.80000000,-3.41230423,2.86455925,-0.98014752,0.84830135,0.48676557,0.54170467,0.0530723020,0.0561273297,11.23959114
277.00000000,-3.39466808,3.04636251,-0.99301102,-0.83733326,0.61310568,-0.41590177,0.0562510915,0.0559537843,10.47736983
277.20000000,-3.57691891,2.99014028,-0.99773181,-0.42319504,-0.88748940,0.53222962,0.0592904835,0.0563464866,9.81485179
277.40000000,-3.50022451,2.90574226,-0.84520709,0.80677475,0.44746701,0.63157551,0.0525703099,0.0561779741,10.58798599
277.60000000,-3.47818232,3.09226207,-0.81609116,-0.77692856,0.78438029,-0.17643531,0.0556821060,0.0559053192,9.89465206
277.80000000,-3.67393143,3.07894876,-0.80564473,-0.66114917,-0.78551979,0.44253845,0.0605384607,0.0564814487,9.05921445
278.00000000,-3.64378601,2.94832592,-0.66070396,0.79026568,-0.05134383,0.78920455,0.0534463181,0.0562829008,9.70015041
278.20000000,-3.55168763,3.09157054,-0.56321904,-0.28791628,1.06526552,0.17975938,0.0529416924,0.0559866574,9.57259231
278.40000000,-3.72687815,3.18299090,-0.53081941,-1.02369866,-0.33405663,0.30074419,0.0610070926,0.0563559491,8.49062110
278.60000000,-3.80671267,3.03092029,-0.42313054,0.37434483,-0.77082755,0.71811607,0.0578315722,0.0565079690,8.67805689
278.80000000,-3.65973523,3.02113710,-0.28611144,0.60732796,0.74923337,0.56551035,0.0501669229,0.0564826695,9.35628564
279.00000000,-3.69677165,3.19761469,-0.19573682,-0.89656158,0.53169720,0.40432074,0.0569419469,0.0560694698,8.56345425
279.20000000,-3.87429656,3.15121810,-0.10510715,-0.48728200,-0.86684386,0.51101646,0.0623173302,0.0566994965,8.02871322
279.40000000,-3.82084889,2.98595158,0.00251348,0.89717480,-0.38202270,0.54693316,0.0541211393,0.0564435422,8.76977109
279.60000000,-3.67292984,3.06464733,0.11552805,0.14859125,0.92869783,0.60451702,0.0507464211,0.0566127486,9.13576690
279.80000000,-3.78423645,3.17870177,0.24125846,-0.93424436,-0.10816301,0.60455610,0.0601073229,0.0563988649,8.28422194
280.00000000,-3.88801752,3.03134896,0.33759201,0.16626293,-1.05095577,0.34329062,0.0602774361,0.0563484299,8.34464905
280.20000000,-3.73109544,2.92026980,0.39862129,1.02884553,0.22296671,0.37651371,0.0514556066,0.0567508393,9.40024802
280.40000000,-3.65642293,3.06056461,0.51864227,-0.44811829,0.66276522,0.78098150,0.0543942694,0.0564962003,9.22018430
280.60000000,-3.80324958,3.03840824,0.65351591,-0.55352440,-0.87362495,0.42472348,0.0612185856,0.0564186234,8.66105735
280.80000000,-3.75855561,2.84597606,0.68075841,0.96737034,-0.56028099,-0.01672358,0.0553340415,0.0560639901,9.53167392
281.00000000,-3.58129007,2.90588879,0.73204519,0.27080402,0.86522373,0.65425754,0.0521309684,0.0566715377,10.17633375
281.20000000,-3.67711107,2.97308330,0.88698784,-0.79734514,-0.50130150,0.60244285,0.0595244034,0.0563244576,9.42624926
281.40000000,-3.71143274,2.78306591,0.91086948,0.66592883,-0.85689221,-0.26883894,0.0569634838,0.0559085479,9.97737477
281.60000000,-3.52442432,2.79524806,0.89993939,0.56190876,0.85844401,0.44422098,0.0524179601,0.0565183787,10.93971719
281.80000000,-3.59026072,2.88889107,1.04782176,-0.84266371,-0.38038101,0.62867162,0.0585704015,0.0562341921,10.14927249
282.00000000,-3.64403742,2.70812888,1.05196027,0.59486086,-0.81528964,-0.48108544,0.0567913423,0.0559271309,10.60740428
282.20000000,-3.47078859,2.74112496,1.01149515,0.43136776,0.94426631,0.41506968,0.0530445039,0.0563117411,11.47919177
282.40000000,-3.56223124,2.81974591,1.14758750,-0.86837563,-0.54565311,0.44518119,0.0586095617,0.0561749384,10.55739836
282.60000000,-3.59323904,2.64445283,1.10125726,0.73733680,-0.51099649,-0.66724574,0.0558096598,0.0559774992,11.15735112
282.80000000,-3.44920556,2.74014041,1.06609696,0.01070369,0.98586919,0.52720699,0.0538656284,0.0561363524,11.59803022
283.00000000,-3.58943574,2.77189666,1.17623405,-0.78871502,-0.78780147,0.08542429,0.0588980582,0.0561755943,10.60291293
283.20000000,-3.57474141,2.62177747,1.07361075,0.86206840,-0.04722827,-0.71035724,0.0545746475,0.0560555663,11.37972382
283.40000000,-3.48371128,2.77331414,1.05990332,-0.45128742,0.86411679,0.54739536,0.0548444412,0.0560067767,11.23532809
283.60000000,-3.65602107,2.75722840,1.12450381,-0.62594716,-0.89082541,-0.25420483,0.0591365599,0.0562370495,10.32054248
283.80000000,-3.60693513,2.64182344,0.98820681,0.84406130,0.27546283,-0.67947082,0.0535968955,0.0561221982,11.12079769
284.00000000,-3.56130988,2.81837897,0.97375834,-0.69390354,0.78252811,0.39515500,0.0553659329,0.0559407524,10.61663369
284.20000000,-3.74830728,2.79166932,0.99860832,-0.59369125,-0.86350468,-0.38973096,0.0596668942,0.0563444516,9.74250822
284.40000000,-3.70033143,2.67885222,0.85172074,0.80427288,0.21923570,-0.74503737,0.0532604595,0.0561844032,10.45555167
284.60000000,-3.64867481,2.85341994,0.79720068,-0.61040023,0.92768453,0.12966427,0.0545811403,0.0559101151,10.03858134
284.80000000,-3.84374086,2.87386814,0.79925445,-0.81415715,-0.69576044,-0.32103799,0.0606442354,0.0564197309,9.02701685
285.00000000,-3.84824424,2.72649788,0.66698812,0.70219611,-0.28230873,-0.82293514,0.0547609304,0.0563023758,9.52199743
285.20000000,-3.73525367,2.83736397,0.55051628,-0.06609361,1.08288359,-0.27017514,0.0518918152,0.0560821860,9.68385134
285.40000000,-3.88927013,2.95983601,0.51597515,-1.08169586,-0.14546812,-0.24243128,0.0601619636,0.0562168061,8.56249143
285.60000000,-4.00214273,2.82002339,0.42164175,0.17679105,-0.87374617,-0.67476841,0.0593606478,0.0566015535,8.51994418
285.80000000,-3.86539914,2.76886174,0.28250067,0.75273305,0.54893461,-0.61811294,0.0505264623,0.0565221017,9.30236655
286.00000000,-3.86128557,2.94435247,0.18362775,-0.75714591,0.70646560,-0.42146918,0.0551577409,0.0560649793,8.73406703
286.20000000,-4.04457657,2.93473654,0.09376511,-0.65801852,-0.75645517,-0.49475958,0.0624581255,0.0566461192,8.01380333
286.40000000,-4.02785989,2.75936191,-0.01047731,0.78993508,-0.58676690,-0.53076079,0.0559547562,0.0563869530,8.59216405
286.60000000,-3.86242628,2.79914799,-0.11990664,0.39137392,0.86641842,-0.58834125,0.0500638997,0.0567510242,9.21351332
286.80000000,-3.93925319,2.93692024,-0.24691855,-0.91135126,0.10811602,-0.63855279,0.0585829791,0.0563389506,8.42944683
287.00000000,-4.06680181,2.81679444,-0.35183170,-0.03680731,-1.05224242,-0.37607308,0.0612872062,0.0564501508,8.25906477
287.20000000,-3.93393734,2.67591679,-0.40986542,1.07515063,-0.00325214,-0.30666007,0.0526097612,0.0565525427,9.28365779
287.40000000,-3.82132506,2.80152155,-0.51528010,-0.23786021,0.79168622,-0.75276510,0.0529533843,0.0566042872,9.39657898
287.60000000,-3.95847487,2.81763639,-0.65996841,-0.66996101,-0.72501837,-0.52488138,0.0609226946,0.0564371926,8.70917493
287.80000000,-3.94764718,2.62227152,-0.69970929,0.83940116,-0.73766107,0.03552008,0.0566184783,0.0559743362,9.38213826
288.00000000,-3.75781634,2.64962546,-0.73019990,0.49404056,0.85178657,-0.52951243,0.0516821945,0.0567284405,10.26894995
288.20000000,-3.82460525,2.74714754,-0.88322632,-0.80887248,-0.30073585,-0.71083268,0.0587358803,0.0563237928,9.54507313
288.40000000,-3.88553777,2.56840340,-0.92992641,0.49428450,-0.97724546,0.22510884,0.0578865462,0.0559338202,9.85511737
288.60000000,-3.70090350,2.54703129,-0.90042531,0.73903205,0.79289183,-0.27414235,0.0523529075,0.0565080595,10.98082795
288.80000000,-3.73574135,2.66586933,-1.03929639,-0.82118659,-0.17800336,-0.73754135,0.0578546167,0.0562243470,10.27565326
289.00000000,-3.81246778,2.49632391,-1.06987136,0.42602131,-0.94192214,0.42577971,0.0575471406,0.0559563402,10.48613489
289.20000000,-3.64157865,2.49753240,-1.00866662,0.60354109,0.91175348,-0.23333147,0.0528700233,0.0563278848,11.53379895
289.40000000,-3.70676241,2.60437070,-1.13916708,-0.88026508,-0.36776547,-0.58299381,0.0581309726,0.0561544384,10.65003317
289.60000000,-3.76347246,2.43032479,-1.11852867,0.59094441,-0.68465707,0.65728931,0.0565493496,0.0559775964,11.01512656
289.80000000,-3.61284811,2.49913592,-1.05622822,0.19632965,1.03568805,-0.37256513,0.0534179082,0.0561638154,11.69703557
290.00000000,-3.73584552,2.56317000,-1.17130836,-0.86372453,-0.66368810,-0.25198789,0.0586981784,0.0561569820,10.63611258
290.20000000,-3.75001164,2.40055396,-1.08829993,0.76646577,-0.25896482,0.77166527,0.0552994448,0.0560351857,11.22798623
290.40000000,-3.64153990,2.53395603,-1.04416649,-0.27420428,0.98595239,-0.45023298,0.0541650120,0.0560333101,11.36410875
290.60000000,-3.80723669,2.55027602,-1.12273265,-0.75360043,-0.82118553,0.08798049,0.0591823421,0.0562251017,10.29909622
290.80000000,-3.78739934,2.41263728,-0.99905474,0.79992267,0.05081372,0.77944950,0.0543074276,0.0561055595,10.97386634
291.00000000,-3.71747578,2.57604658,-0.95552220,-0.52945197,0.92754542,-0.33066592,0.0545059484,0.0559526322,10.75284565
291.20000000,-3.90324311,2.58177070,-0.99548412,-0.74240371,-0.80054734,0.24074995,0.0597922473,0.0563199909,9.70495099
291.40000000,-3.88607324,2.44599991,-0.86062444,0.75802649,-0.01682591,0.82165234,0.0541882108,0.0561835449,10.29478738
291.60000000,-3.80908605,2.60024372,-0.78017983,-0.42224229,1.03418866,-0.04653069,0.0535563956,0.0559461718,10.17098102
291.80000000,-3.99665231,2.65533226,-0.78923443,-0.93928626,-0.57055594,0.20544362,0.0604210718,0.0563283950,9.03345630
292.00000000,-4.03608380,2.49889079,-0.67340269,0.57641255,-0.49192445,0.82204547,0.0561934857,0.0563508490,9.33761318
292.20000000,-3.90981167,2.57183549,-0.54098308,0.15358352,1.04212512,0.37468276,0.0511646511,0.0561850145,9.75174663
292.40000000,-4.03616325,2.72036428,-0.49967233,-1.09797642,0.05758390,0.20280955,0.0590058857,0.0560888848,8.66932426
292.60000000,-4.17784541,2.60001872,-0.41803835,-0.02875639,-0.93048263,0.61917282,0.0606122458,0.0566650945,8.39113592
292.80000000,-4.05947656,2.51116078,-0.28024190,0.84568723,0.31838379,0.65836519,0.0514140527,0.0565044048,9.19397222
293.00000000,-4.01501282,2.67552604,-0.17274363,-0.57543460,0.84778253,0.44736969,0.0534312759,0.0561261161,8.90344119
293.20000000,-4.19549636,2.70374125,-0.08197402,-0.80070125,-0.61133374,0.48492103,0.0620991953,0.0565449284,8.04222806
293.40000000,-4.21612637,2.52687995,0.01955303,0.64313042,-0.75576018,0.51498510,0.0577852215,0.0564092730,8.42038311
293.60000000,-4.04302483,2.52540216,0.12483967,0.61180882,0.74635708,0.56448287,0.0499542776,0.0568306240,9.23167803
293.80000000,-4.08024030,2.67884193,0.25101626,-0.83956917,0.32188209,0.66446624,0.0568398827,0.0563171300,8.59911528
294.00000000,-4.22497038,2.59119441,0.36489080,-0.23158120,-1.00944218,0.42118461,0.0618943552,0.0565351806,8.21289334
294.20000000,-4.12160339,2.42711034,0.42342440,1.06462976,-0.23054548,0.25181759,0.0540291419,0.0563332902,9.13653037
294.40000000,-3.97666080,2.52971453,0.51287962,-0.00602518,0.87414190,0.69702186,0.0518045430,0.0567270844,9.54783747
294.60000000,-4.09634844,2.58312341,0.66311560,-0.75208023,-0.54655913,0.62100587,0.0602552778,0.0564234932,8.79594695
294.80000000,-4.11795093,2.39252165,0.71883899,0.68410159,-0.88406314,-0.02090968,0.0578409689,0.0559667151,9.24397770
295.00000000,-3.92402012,2.38449344,0.73206065,0.69540424,0.78454535,0.38846026,0.0516069006,0.0567225752,10.31104537
295.20000000,-3.95783794,2.50725241,0.87653002,-0.78246094,-0.08428615,0.79413510,0.0577398644,0.0563231423,9.69161662
295.40000000,-4.04112884,2.34657017,0.94728609,0.31666638,-1.06224748,-0.14612509,0.0586802209,0.0559967937,9.75604896
295.60000000,-3.86565941,2.29104675,0.90526444,0.88183964,0.67985079,0.10080476,0.0525601397,0.0564531041,10.97325380
295.80000000,-3.86798443,2.42947074,1.02827924,-0.76658803,0.03742256,0.81298351,0.0570061538,0.0562180048,10.42453110
296.00000000,-3.96330875,2.27757111,1.08587221,0.25494440,-1.03651498,-0.33262575,0.0582023649,0.0560011708,10.38594526
296.20000000,-3.80069670,2.24540452,1.01015477,0.74698185,0.83075793,0.04311859,0.0529138170,0.0563040050,11.54359500
296.40000000,-3.83774731,2.37634292,1.12773476,-0.86192873,-0.16875063,0.69181061,0.0575130115,0.0561368722,10.76839163
296.60000000,-3.91683052,2.21005509,1.13494336,0.43421232,-0.83549757,-0.60282943,0.0572497224,0.0560054986,10.88400677
296.80000000,-3.76543812,2.24784646,1.05009751,0.36809540,1.03813231,0.19179915,0.0531406635,0.0561907763,11.75969576
297.00000000,-3.86775539,2.34270523,1.16262082,-0.91054820,-0.50885598,0.40245174,0.0583319300,0.0561323354,10.69980691
297.20000000,-3.90918354,2.17376477,1.10374040,0.64698627,-0.46237763,-0.78588519,0.0560702749,0.0560378163,11.07186016
297.40000000,-3.78855268,2.28259398,1.03107551,-0.09363231,1.06899315,0.31382555,0.0535943273,0.0560626987,11.47050422
297.60000000,-3.94281001,2.33225443,1.11688703,-0.85598598,-0.71540788,0.07402296,0.0590271598,0.0561921805,10.31089996
297.80000000,-3.95242558,2.17811983,1.01168046,0.72151699,-0.17594461,-0.83573713,0.0551500738,0.0561022333,10.81013143
298.00000000,-3.86277582,2.32073589,0.93938062,-0.35050647,1.03743030,0.22557355,0.0537267022,0.0559832072,10.87400145
298.20000000,-4.04155590,2.36041240,0.98832479,-0.86661042,-0.69999537,-0.09482989,0.0596636725,0.0562618108,9.70310886
298.40000000,-4.05599739,2.20818916,0.87083033,0.67372034,-0.24821868,-0.85702288,0.0552748881,0.0562036813,10.11875633
298.60000000,-3.95909333,2.33451408,0.76597688,-0.22103775,1.09388759,-0.06746914,0.0526854501,0.0560059746,10.27790663
298.80000000,-4.13260141,2.42334753,0.77592202,-1.03336272,-0.41404301,-0.10358436,0.0598892792,0.0562160873,9.07764588
299.00000000,-4.20590864,2.26579866,0.67890475,0.42182794,-0.67072749,-0.78878747,0.0576150567,0.0564269867,9.16069881
299.20000000,-4.07450179,2.29742786,0.53484481,0.35712234,0.94250997,-0.48387853,0.0508446574,0.0562708369,9.76615005
299.40000000,-4.16788526,2.46515200,0.48264587,-1.06999361,0.26629183,-0.18493832,0.0576172941,0.0559937034,8.80460977
299.60000000,-4.33304862,2.37060527,0.41207517,-0.23367520,-0.94096272,-0.55676288,0.0614941369,0.0566954057,8.29822003
299.80000000,-4.23984658,2.24959615,0.27872627,0.88210908,0.07384549,-0.68295700,0.0527444004,0.0564655144,9.04371727
300.00000000,-4.15837816,2.39313947,0.16330541,-0.35922495,0.94395305,-0.47948922,0.0519166994,0.0562425004,9.05445256
