t,x,y,z,vx,vy,vz,mu,mu_avg,Bmag
0.00000000,5.00000000,0.00000000,0.00000000,0.00000000,1.00000000,0.50000000,0.0625000000,0.0625000000,8.00000000
0.20000000,4.87010150,0.12418827,0.09783349,-1.00943196,-0.05524533,0.47748819,0.0555651105,0.0599193101,8.64892803
0.40000000,4.76393924,-0.01268608,0.20171438,0.23526371,-0.91296786,0.60094959,0.0502526307,0.0558440044,9.24895307
0.60000000,4.90603535,-0.06652630,0.33507987,0.73437727,0.52117402,0.66262151,0.0589671428,0.0553428994,8.46564980
0.80000000,4.91887338,0.10977828,0.43622726,-0.68745075,0.82332321,0.31551523,0.0607812612,0.0563571395,8.39460422
1.00000000,4.72375384,0.12545442,0.48226918,-0.79768786,-0.73197649,0.27911258,0.0522326989,0.0566491158,9.47419459
1.20000000,4.72667889,-0.03917592,0.59183948,0.70339283,-0.36096095,0.79053449,0.0537937061,0.0565347553,9.46199445
1.40000000,4.83114036,0.05495720,0.73277356,-0.05607520,1.02698311,0.43836075,0.0608761588,0.0563809539,8.85373729
1.60000000,4.68275471,0.18470229,0.75205346,-1.10617292,-0.12871797,-0.09905464,0.0555986321,0.0560136571,9.69812170
1.80000000,4.57931468,0.02751674,0.79083086,0.32239885,-0.86120969,0.63590495,0.0523148590,0.0566364623,10.38775127
2.00000000,4.69370663,0.03687037,0.94511439,0.27851533,0.91500191,0.57896339,0.0593675719,0.0562758431,9.62780235
2.20000000,4.59579640,0.20246791,0.95638186,-1.05018926,0.16894572,-0.34432169,0.0566525882,0.0559132181,10.22184723
2.40000000,4.47381393,0.06356189,0.94213469,0.21729999,-0.98467619,0.48289799,0.0527134552,0.0564158061,11.10722844
2.60000000,4.58765622,0.05512960,1.08831799,0.32693956,0.92422282,0.53751195,0.0587398485,0.0561980598,10.27225549
2.80000000,4.49883438,0.21838460,1.06877848,-0.96909700,0.06293573,-0.55397295,0.0562111122,0.0559434154,10.85662970
3.00000000,4.41472183,0.06353939,1.03759668,0.44600293,-0.88719764,0.51376731,0.0534355446,0.0562587112,11.52934380
3.20000000,4.53709006,0.09879103,1.16693324,0.18429504,1.06738466,0.27698340,0.0588180128,0.0561538015,10.58529212
3.40000000,4.43219565,0.22892793,1.09284864,-0.82440660,-0.33098451,-0.67882023,0.0551177107,0.0560266808,11.33524352
3.60000000,4.42011701,0.05402501,1.07742257,0.76814264,-0.54769688,0.59998168,0.0544375343,0.0560697611,11.47547685
3.80000000,4.54002150,0.15607721,1.16905750,-0.04806398,1.11179760,-0.10764943,0.0589644409,0.0562148329,10.55326349
4.00000000,4.42429316,0.22778753,1.04758934,-0.56081058,-0.71487154,-0.65149219,0.0539550271,0.0560931615,11.41079753
4.20000000,4.48510207,0.05976896,1.05035651,0.96718751,-0.16203775,0.53692017,0.0554233169,0.0559817869,10.99665914
4.40000000,4.59514956,0.20444832,1.09242540,-0.19442681,1.02985457,-0.38934378,0.0591366050,0.0562854441,10.19364873
4.60000000,4.48176145,0.23593985,0.94779683,-0.36858335,-0.84529893,-0.63214429,0.0531424921,0.0561420916,11.00518168
4.80000000,4.57947188,0.07905250,0.93678598,1.06399058,-0.05062145,0.33963425,0.0557128672,0.0559285369,10.36002201
5.00000000,4.70176826,0.22745276,0.94599452,-0.13049927,1.01704370,-0.44562510,0.0598335326,0.0564033364,9.54602034
5.20000000,4.59043351,0.27765604,0.79637594,-0.47389430,-0.68657187,-0.74433372,0.0530348696,0.0562171908,10.25640879
5.40000000,4.66194594,0.11079991,0.73353699,1.06248849,-0.34418007,0.05145312,0.0544153755,0.0559054434,9.84450269
5.60000000,4.83102452,0.21291068,0.72485186,0.23718977,1.04215153,-0.32810089,0.0609122773,0.0564440946,8.83093055
5.80000000,4.74550723,0.34008857,0.59687689,-0.76332466,-0.12218232,-0.80771023,0.0552521710,0.0563416845,9.27915167
6.00000000,4.70580963,0.19188788,0.47153622,0.61076210,-0.86204928,-0.36582698,0.0512748116,0.0561421254,9.56947211
6.20000000,4.89867773,0.16943599,0.42101258,0.83748349,0.68676373,-0.27742665,0.0596934703,0.0561799441,8.49014882
6.40000000,4.92101521,0.35069355,0.33060422,-0.61380129,0.70034810,-0.61866711,0.0603707429,0.0566331567,8.32740977
6.60000000,4.76806619,0.33735421,0.19828443,-0.45876041,-0.80149458,-0.63018545,0.0510351231,0.0565403091,9.15622336
6.80000000,4.83598954,0.18232935,0.08833917,0.96107181,-0.28073497,-0.49751088,0.0537726511,0.0561675725,8.82304387
7.00000000,4.98788165,0.27548009,-0.01149869,0.20253107,0.97767930,-0.50310286,0.0622475153,0.0565699978,8.02171975
7.20000000,4.88593844,0.42442957,-0.10846764,-1.00407099,0.16828995,-0.46206925,0.0573834144,0.0563446035,8.47731672
7.40000000,4.74755353,0.31389531,-0.20613108,-0.00842887,-0.96643668,-0.56206494,0.0500239268,0.0568301551,9.28419518
7.60000000,4.86992546,0.22226372,-0.33773739,0.81730934,0.31237529,-0.69599917,0.0573139395,0.0563582230,8.63073862
7.80000000,4.91636632,0.38537036,-0.45005778,-0.51532213,0.92109660,-0.36879775,0.0615073125,0.0564105549,8.33660051
8.00000000,4.72729685,0.43810014,-0.49572737,-0.94470092,-0.56061568,-0.20793679,0.0534838378,0.0564190113,9.34202172
8.20000000,4.69183692,0.26670860,-0.58744679,0.59868074,-0.58419344,-0.74181304,0.0525442343,0.0566468834,9.62869159
8.40000000,4.80935057,0.32285959,-0.73715652,0.12068590,0.96659266,-0.54874451,0.0604819084,0.0563617278,8.91559934
8.60000000,4.68588046,0.47411953,-0.77150454,-1.10894869,0.08946391,0.11052505,0.0567876051,0.0559436256,9.55279479
8.80000000,4.55397716,0.33517488,-0.78853056,0.14677058,-0.98899431,-0.50033493,0.0519151339,0.0566598566,10.47743128
9.00000000,4.66564794,0.30296779,-0.94063874,0.41328997,0.77189302,-0.69523992,0.0586575536,0.0562636636,9.74190714
9.20000000,4.59402422,0.47844936,-0.97550230,-1.00653135,0.37731403,0.30743197,0.0575375531,0.0559146727,10.09574211
9.40000000,4.45144072,0.36450641,-0.94039109,0.05124867,-1.07249364,-0.31163450,0.0525374020,0.0564667312,11.16648220
9.60000000,4.56118171,0.31643947,-1.08068036,0.44885721,0.77903426,-0.66454293,0.0581571976,0.0562148590,10.38048917
9.80000000,4.49529437,0.49131679,-1.08696601,-0.94567206,0.28164139,0.52570572,0.0569763087,0.0559525508,10.72382316
10.00000000,4.39012484,0.35710453,-1.03107467,0.31246768,-1.01645736,-0.34519796,0.0530962526,0.0562714570,11.61370325
10.20000000,4.51548014,0.35431871,-1.16091164,0.31653452,0.98048407,-0.43409611,0.0584944341,0.0561563639,10.64847949
10.40000000,4.42806032,0.50700199,-1.10943956,-0.85661763,-0.10245776,0.71111929,0.0558493021,0.0559942782,11.18761808
10.60000000,4.39210463,0.34047155,-1.06418782,0.68753170,-0.74056186,-0.47838209,0.0538538022,0.0561078889,11.59769350
10.80000000,4.52422298,0.41012676,-1.16711762,0.09090481,1.11248106,-0.06405271,0.0589263890,0.0562044667,10.55345927
11.00000000,4.41857456,0.51505981,-1.06023011,-0.65426729,-0.51007610,0.74949096,0.0546193687,0.0560568286,11.26764129
11.20000000,4.45439934,0.34212668,-1.03279912,0.93777568,-0.38189916,-0.47403491,0.0546605026,0.0559957119,11.13389705
11.40000000,4.58348434,0.46211485,-1.09260895,-0.05345802,1.09290159,0.22953700,0.0593257315,0.0562693953,10.14748725
11.60000000,4.47501452,0.53190460,-0.95668488,-0.49960993,-0.66344431,0.74847183,0.0537984297,0.0561184815,10.86875025
11.80000000,4.54550151,0.36518539,-0.91783814,1.04478126,-0.27022575,-0.29221259,0.0547753535,0.0559271723,10.49980612
12.00000000,4.68954103,0.48988797,-0.94296987,0.02724029,1.07542443,0.30446356,0.0600299103,0.0563630267,9.49950804
12.20000000,4.58680865,0.57827359,-0.80426972,-0.59493572,-0.47692950,0.81765966,0.0540187322,0.0562150830,10.09512777
12.40000000,4.62430115,0.41108099,-0.71699388,0.97635164,-0.54390389,0.02972048,0.0533221103,0.0559487356,9.97809222
12.60000000,4.80883381,0.48072967,-0.71359188,0.41726576,1.01239752,0.22564941,0.0605956778,0.0563433026,8.84760175
12.80000000,4.74724979,0.63470228,-0.60155775,-0.77827527,0.11806896,0.79392968,0.0567838835,0.0564018732,9.09544234
13.00000000,4.67441618,0.51156484,-0.46384779,0.39364688,-0.93975695,0.46029974,0.0507133069,0.0562931109,9.61484881
13.20000000,4.85633792,0.45207594,-0.40508220,0.95783201,0.51608306,0.25727961,0.0583205287,0.0560639440,8.61770869
13.40000000,4.91394692,0.62996961,-0.32412512,-0.46277612,0.84395327,0.56882137,0.0614190182,0.0566843147,8.22366591
13.60000000,4.75920701,0.65747721,-0.19533744,-0.64763710,-0.64149148,0.64732634,0.0522954036,0.0564885177,9.01731118
13.80000000,4.78515085,0.49385844,-0.08009201,0.85749823,-0.49439931,0.51984851,0.0521678922,0.0562697147,8.98278110
14.00000000,4.95167326,0.55097224,0.02261058,0.39700207,0.91114490,0.51203573,0.0615085850,0.0564854570,8.08589480
14.20000000,4.88213554,0.71748223,0.12001277,-0.94950503,0.37825826,0.45314134,0.0590775008,0.0563835990,8.32243367
14.40000000,4.71924985,0.63955971,0.21194514,-0.25533964,-0.95770267,0.51728456,0.0503644499,0.0568398970,9.25806291
14.60000000,4.81385129,0.51523016,0.33895582,0.85593791,0.08233045,0.71454031,0.0555486717,0.0563738912,8.81192853
14.80000000,4.89086920,0.65724986,0.46193804,-0.32833512,0.97685263,0.43350980,0.0618210609,0.0565340849,8.31927289
15.00000000,4.71539232,0.74403366,0.51134932,-1.04613891,-0.36131441,0.15817996,0.0549132028,0.0562220069,9.18884408
15.20000000,4.64206395,0.57585757,0.58469307,0.45247380,-0.77723668,0.66418818,0.0516226996,0.0567683997,9.76372966
15.40000000,4.76598325,0.59078745,0.73805670,0.28773254,0.86203280,0.65121775,0.0597510991,0.0564072991,9.01436396
15.60000000,4.67063729,0.75646598,0.79081652,-1.07394479,0.29863803,-0.08621376,0.0579059079,0.0559521495,9.42049493
15.80000000,4.51485775,0.64300198,0.79010916,-0.04464056,-1.06133797,0.34863085,0.0518582923,0.0566372743,10.51768359
16.00000000,4.61797875,0.57065288,0.93313444,0.53097956,0.59215904,0.78573690,0.0577505520,0.0563017419,9.88360620
16.20000000,4.57384654,0.74821724,0.99309553,-0.93630981,0.56490440,-0.23276752,0.0583170146,0.0559740224,9.99015746
16.40000000,4.41488483,0.66464296,0.94295651,-0.12301612,-1.10341979,0.13154861,0.0526178155,0.0564349646,11.17861354
16.60000000,4.51596457,0.57922226,1.07013758,0.55754977,0.59913978,0.76167077,0.0574255354,0.0561928839,10.51396453
16.80000000,4.47428733,0.75825543,1.10387064,-0.89904846,0.48397156,-0.45547283,0.0576751265,0.0559700258,10.60669665
17.00000000,4.35080915,0.65089538,1.02860585,0.16388549,-1.09466055,0.15757919,0.0529585937,0.0562674934,11.65688106
17.20000000,4.47528221,0.61031067,1.15138518,0.44314049,0.85397713,0.56949117,0.0580127072,0.0561495863,10.74045982
17.40000000,4.40751737,0.77907178,1.12611866,-0.86543839,0.12610056,-0.69648053,0.0565857938,0.0559979517,11.04266842
17.60000000,4.34853684,0.62877980,1.05404581,0.58308236,-0.89820064,0.32127843,0.0534067774,0.0561223086,11.69167434
17.80000000,4.48967932,0.66321554,1.16117144,0.23131700,1.06976261,0.22818636,0.0587076875,0.0561475879,10.58569309
18.00000000,4.39735386,0.79670891,1.07451990,-0.72462301,-0.28486467,-0.80233518,0.0553813959,0.0560462883,11.11068553
18.20000000,4.40716279,0.62741655,1.01717626,0.87910508,-0.58452673,0.36806274,0.0539711714,0.0560074664,11.25722409
18.40000000,4.55254176,0.71774305,1.08870336,0.09399296,1.11198862,-0.06792354,0.0592992567,0.0562380823,10.13512642
18.60000000,4.45330290,0.82247807,0.96785780,-0.60616252,-0.45073970,-0.82423744,0.0546321803,0.0561136170,10.70894727
18.80000000,4.49450138,0.65473463,0.90063980,0.99009602,-0.47755868,0.20399447,0.0539000128,0.0559568646,10.62909760
19.00000000,4.65683442,0.75036075,0.93597320,0.19124612,1.08914358,-0.16479404,0.0599498977,0.0563027480,9.48955710
19.20000000,4.56787957,0.87258618,0.81343109,-0.68145155,-0.24573320,-0.85158950,0.0551807309,0.0562322979,9.91748593
19.40000000,4.57080139,0.71450877,0.70331397,0.84862281,-0.71451559,-0.13882446,0.0524052473,0.0560310352,10.08439258
19.60000000,4.76457825,0.74845499,0.69940274,0.59059875,0.93920198,-0.13805071,0.0599528732,0.0562284076,8.90242259
19.80000000,4.73092293,0.92204125,0.60494723,-0.75033793,0.34752152,-0.75245394,0.0582521945,0.0564720653,8.92419003
20.00000000,4.63032753,0.83097521,0.45921470,0.15942441,-0.95811348,-0.55368529,0.0506211008,0.0563851397,9.60284452
20.20000000,4.79270043,0.73780956,0.38913310,1.04075200,0.31769480,-0.25665171,0.0567584165,0.0559877514,8.76895634
20.40000000,4.88417343,0.90420074,0.31562452,-0.28854219,0.94799723,-0.51769625,0.0620389915,0.0566981696,8.15930670
20.60000000,4.73635785,0.97076257,0.19232227,-0.79166184,-0.44582465,-0.65151867,0.0539061594,0.0564469474,8.84822890
20.80000000,4.71920414,0.80874336,0.07304905,0.70140736,-0.68131675,-0.54203295,0.0509055369,0.0564155548,9.11039553
21.00000000,4.89180843,0.82647263,-0.03300746,0.57517607,0.80173041,-0.52570451,0.0603342186,0.0563636973,8.18949698
21.20000000,4.85758210,1.00271355,-0.13215866,-0.85196126,0.56552427,-0.45200513,0.0605165087,0.0565219064,8.19513190
21.40000000,4.67895086,0.96146232,-0.21943510,-0.48836221,-0.88856549,-0.47108165,0.0512267218,0.0567960826,9.17501286
21.60000000,4.73919035,0.81168071,-0.33929497,0.84487704,-0.15795739,-0.71497989,0.0538276318,0.0564508766,8.99542481
21.80000000,4.84233781,0.92539773,-0.47145358,-0.13336086,0.98848899,-0.50504285,0.0616969084,0.0564878226,8.34375693
22.00000000,4.68701571,1.04162243,-0.52840784,-1.10014466,-0.14779564,-0.13342389,0.0564035061,0.0560774984,9.03072227
22.20000000,4.57837105,0.88620106,-0.58445976,0.27149604,-0.92662564,-0.56357635,0.0511107831,0.0568155698,9.85372694
22.40000000,4.70151539,0.85869557,-0.73579320,0.43949586,0.71588888,-0.73777349,0.0587303779,0.0563923138,9.14601590
22.60000000,4.63651641,1.03103284,-0.80896630,-1.00503930,0.48889869,0.02893266,0.0588839310,0.0559783280,9.31071738
22.80000000,4.46227712,0.94854604,-0.79586924,-0.24219029,-1.07416453,-0.19359006,0.0521310005,0.0565727013,10.50618158
23.00000000,4.55118882,0.83961452,-0.92339848,0.62729616,0.38222497,-0.84283201,0.0567109000,0.0563036269,10.04620497
23.20000000,4.53508144,1.01130461,-1.00824512,-0.84256392,0.72396236,0.12619986,0.0589451569,0.0560177770,9.91143451
23.40000000,4.36435464,0.96167069,-0.94987897,-0.29840614,-1.07658692,0.04330988,0.0529360222,0.0563773012,11.14413150
23.60000000,4.45232065,0.84309184,-1.05751604,0.64974055,0.39124460,-0.82141679,0.0565931817,0.0561840976,10.66658527
23.80000000,4.43570994,1.01863833,-1.11855805,-0.83104562,0.66150303,0.34890847,0.0582672509,0.0560390530,10.51191224
24.00000000,4.29710995,0.94278104,-1.03047542,0.00488644,-1.11744318,0.03544516,0.0530274650,0.0562481874,11.65558604
24.20000000,4.41663873,0.86649217,-1.13895791,0.56180340,0.69240604,-0.67446980,0.0574011911,0.0561136973,10.85745400
24.40000000,4.37044978,1.04425946,-1.14183752,-0.85158663,0.34398332,0.63752165,0.0572811378,0.0560345893,10.90920829
24.60000000,4.28987642,0.91710404,-1.04769639,0.45643270,-1.01107897,-0.13908952,0.0531278299,0.0561806024,11.74891228
24.80000000,4.43641378,0.91517711,-1.15150482,0.37149060,0.98552080,-0.37510022,0.0583220064,0.0561239544,10.64852749
25.00000000,4.36046880,1.07143779,-1.08937298,-0.77080747,-0.05153466,0.80818083,0.0561862815,0.0560591375,10.95075294
25.20000000,4.34395554,0.91410813,-1.00445310,0.79037241,-0.75798059,-0.22523860,0.0534021485,0.0560597169,11.35544449
25.40000000,4.50225491,0.97121733,-1.08078640,0.24577703,1.08729133,-0.08571046,0.0590622419,0.0561938446,10.15657974
25.60000000,4.41636074,1.10609267,-0.98022535,-0.68531686,-0.21996364,0.85551830,0.0555771535,0.0561325098,10.53784550
25.80000000,4.42723552,0.94621873,-0.88619651,0.89885942,-0.65996403,-0.08033391,0.0531483746,0.0559802434,10.73518707
26.00000000,4.60355488,1.00879832,-0.92519088,0.35778393,1.05861848,0.03565930,0.0596041211,0.0562272951,9.51595256
26.20000000,4.53307769,1.15918351,-0.82271390,-0.73143509,-0.00649580,0.84552608,0.0564181970,0.0562827466,9.73707575
26.40000000,4.50249353,1.01913241,-0.69316668,0.68326149,-0.84360927,0.26726523,0.0517485897,0.0560944256,10.15023365
26.60000000,4.69845974,1.01598862,-0.68289419,0.75087208,0.82524909,0.07147323,0.0590289753,0.0561021855,8.99220581
26.80000000,4.69566064,1.20141759,-0.60626660,-0.68307453,0.55619619,0.68848258,0.0595348173,0.0565853576,8.77605585
27.00000000,4.57401219,1.14740533,-0.45734955,-0.07686846,-0.91545631,0.63716883,0.0510267897,0.0563861509,9.53324931
27.20000000,4.70890855,1.02612568,-0.37386415,1.07882343,0.10021644,0.27577098,0.0551206883,0.0559760303,8.93245787
27.40000000,4.83128655,1.17330820,-0.30525523,-0.09831104,1.00986820,0.46952533,0.0621917313,0.0566190496,8.13696039
27.60000000,4.69836212,1.27531218,-0.18872373,-0.88520580,-0.22865987,0.64348904,0.0557091219,0.0564317751,8.66655112
27.80000000,4.63970752,1.12491918,-0.06704062,0.50050773,-0.82704063,0.56164800,0.0501160332,0.0565892576,9.19002917
28.00000000,4.80901760,1.10194893,0.04243324,0.72843138,0.65203542,0.54239290,0.0588084860,0.0562503621,8.32710281
28.20000000,4.81144052,1.27970289,0.14452493,-0.71841827,0.72310765,0.45928529,0.0615954208,0.0566210943,8.10302865
28.40000000,4.62620328,1.27690494,0.22870362,-0.69251647,-0.76626757,0.42802721,0.0525126295,0.0566142703,9.04667484
28.60000000,4.64749635,1.11060237,0.33943689,0.78105767,-0.39495265,0.69563889,0.0523128081,0.0565613793,9.16500299
28.80000000,4.77095437,1.18985074,0.47835772,0.06281213,0.95488313,0.57810453,0.0611377462,0.0565035009,8.40936178
29.00000000,4.64124998,1.32960112,0.54607083,-1.10780196,0.06713735,0.13497875,0.0578437340,0.0560601188,8.88196207
29.20000000,4.50162908,1.19536391,0.58740547,0.06574762,-1.02191621,0.44868268,0.0510430224,0.0568064821,9.88987537
29.40000000,4.61658725,1.12646398,0.73093112,0.56997246,0.53260749,0.80088201,0.0574926862,0.0563923181,9.30435873
29.60000000,4.58317924,1.29734232,0.82503602,-0.90628595,0.65222585,0.05655404,0.0596609525,0.0560891516,9.23043361
29.80000000,4.39643520,1.24934218,0.80574617,-0.43587980,-1.02841050,0.04828529,0.0526916112,0.0564744708,10.44643939
30.00000000,4.46589626,1.10937073,0.91241258,0.69752522,0.15062497,0.86065150,0.0556179457,0.0563103180,10.22087322
30.20000000,4.47765192,1.26741144,1.02020939,-0.72795567,0.84853223,0.00485528,0.0593834937,0.0561343811,9.86395328
30.40000000,4.30002541,1.25334629,0.96085917,-0.46786446,-0.99560722,-0.19954599,0.0534571580,0.0562257348,11.06823552
30.60000000,4.37067218,1.10749633,1.04380054,0.72146928,0.16390445,0.83819220,0.0557182917,0.0561915724,10.83042944
30.80000000,4.37952914,1.27207595,1.13025091,-0.74308280,0.80761892,-0.21337270,0.0587180799,0.0560753003,10.44436450
31.00000000,4.22937968,1.23060320,1.03664226,-0.15917894,-1.08458856,-0.21972105,0.0532928689,0.0562160032,11.61076318
31.20000000,4.33977079,1.12247472,1.12441968,0.66931859,0.50198919,0.74159710,0.0566971071,0.0560906995,10.99410714
31.40000000,4.31680116,1.30190831,1.15563680,-0.81562172,0.54204675,-0.53934477,0.0578929732,0.0560573202,10.79445560
31.60000000,4.21665530,1.20344267,1.04557229,0.31056336,-1.07258111,-0.05536858,0.0530375343,0.0561897895,11.76384337
31.80000000,4.36450564,1.16578803,1.13862074,0.50900545,0.86316729,0.49578265,0.0577923641,0.0560933761,10.73916907
32.00000000,4.30780232,1.33821872,1.10369722,-0.79217414,0.17835372,-0.76850141,0.0569772147,0.0560855999,10.79773809
32.20000000,4.26545428,1.20043515,0.99540669,0.67226455,-0.89160821,0.05512573,0.0529961395,0.0560859186,11.41860071
32.40000000,4.43262062,1.22240009,1.06917430,0.39920436,1.02044728,0.22196039,0.0586318024,0.0561396930,10.21050018
32.60000000,4.36393668,1.38148267,0.99264216,-0.73526351,0.01624501,-0.84206089,0.0565575919,0.0561740507,10.36717241
32.80000000,4.34458808,1.23788147,0.87532712,0.77207494,-0.80556548,-0.07004999,0.0525807390,0.0560588368,10.80624760
33.00000000,4.52972306,1.26509944,0.91105099,0.52250692,0.98558630,0.07448684,0.0590184829,0.0561422044,9.57693004
33.20000000,4.48185697,1.43698171,0.83100761,-0.74454085,0.22840853,-0.80214115,0.0576251037,0.0563522367,9.56611178
33.40000000,4.42040939,1.32273154,0.68692345,0.48756986,-0.92134719,-0.40414935,0.0514245249,0.0561631330,10.16603874
33.60000000,4.61090250,1.28315489,0.66484185,0.89101222,0.67459763,-0.03093167,0.0578847888,0.0559993288,9.11159868
33.80000000,4.64073846,1.47236698,0.60494212,-0.58088803,0.73644430,-0.60840800,0.0605335250,0.0566359395,8.65891571
34.00000000,4.50561307,1.45818635,0.45769678,-0.30017737,-0.81570543,-0.70317813,0.0519048151,0.0563758242,9.41319708
34.20000000,4.60639228,1.31627567,0.35992271,1.06586508,-0.12528306,-0.31333193,0.0535344391,0.0560142140,9.09378314
34.40000000,4.75512801,1.43726531,0.29331552,0.10061570,1.02794706,-0.42795132,0.0618713667,0.0565110892,8.15730107
34.60000000,4.64403831,1.56962928,0.18411887,-0.92680321,-0.00366562,-0.62527060,0.0575366157,0.0564695999,8.48876126
34.80000000,4.54800617,1.43995476,0.06178761,0.26741972,-0.91976476,-0.57659370,0.0498861596,0.0566854307,9.21093451
35.00000000,4.70434121,1.37730725,-0.05073286,0.84783794,0.46648033,-0.55991749,0.0570466670,0.0562076107,8.49041527
35.20000000,4.74314944,1.54819339,-0.15669503,-0.55604693,0.84572751,-0.47486565,0.0622383517,0.0566308617,8.05094837
35.40000000,4.56027394,1.58347470,-0.23967192,-0.85659872,-0.60193847,-0.39223614,0.0540907578,0.0563803608,8.88915916
35.60000000,4.54042162,1.41059819,-0.34012053,0.66492037,-0.61340722,-0.65692677,0.0511522707,0.0566942182,9.30365223
35.80000000,4.67712124,1.45068203,-0.48259782,0.25317271,0.87598196,-0.64691523,0.0601772293,0.0564534831,8.51351261
36.00000000,4.57734036,1.60703594,-0.56347332,-1.07214217,0.27234417,-0.16211055,0.0591337239,0.0561179498,8.75412234
36.20000000,4.41250470,1.50077767,-0.59388924,-0.15240596,-1.05727941,-0.32995826,0.0514052314,0.0567431699,9.86980457
36.40000000,4.51201709,1.39384691,-0.72425862,0.67273762,0.31882724,-0.83409397,0.0561347093,0.0563931829,9.48073831
36.60000000,4.51043966,1.55510368,-0.83826495,-0.78161107,0.78238858,-0.16398627,0.0601869500,0.0561569859,9.18432773
36.80000000,4.31742008,1.54304142,-0.81932248,-0.61637020,-0.92969435,0.07546617,0.0534798267,0.0562726620,10.34705915
37.00000000,4.36286564,1.37922223,-0.90128497,0.73681281,-0.09207943,-0.83580302,0.0545600133,0.0563619444,10.39675523
37.20000000,4.40156412,1.51636415,-1.02845531,-0.59483204,0.93436824,-0.15188447,0.0596029242,0.0561904868,9.85036303
37.40000000,4.22204400,1.53758618,-0.97528603,-0.62490107,-0.86792970,0.32578261,0.0541358780,0.0561460618,10.95985806
37.60000000,4.27157315,1.37168331,-1.03007943,0.76828063,-0.07265600,-0.80895169,0.0548648299,0.0562166310,10.99585647
37.80000000,4.30576217,1.51831150,-1.13836343,-0.63625314,0.91750591,0.05745604,0.0590003353,0.0561101063,10.40733245
38.00000000,4.14797555,1.51227323,-1.04674467,-0.32259249,-0.99996815,0.38201246,0.0537320205,0.0561135699,11.52742049
38.20000000,4.24500784,1.37772412,-1.10871062,0.76151687,0.29056255,-0.76524527,0.0559447522,0.0560840663,11.14339150
38.40000000,4.24655767,1.55154688,-1.16669650,-0.75787032,0.71296090,0.40896659,0.0583847652,0.0561231683,10.70395905
38.60000000,4.12945070,1.48571761,-1.04779670,0.14979753,-1.07979909,0.24804892,0.0531439348,0.0561303868,11.73474939
38.80000000,4.27411611,1.41473694,-1.12322024,0.64043430,0.70762878,-0.58226993,0.0571497725,0.0560481712,10.85331849
39.00000000,4.23927317,1.59627093,-1.11646660,-0.78828993,0.39466850,0.68758140,0.0577002531,0.0561331431,10.66004710
39.20000000,4.17242130,1.48444462,-0.99055190,0.52734137,-0.97720926,0.13001901,0.0527882769,0.0561106394,11.43941499
39.40000000,4.34372147,1.47110123,-1.05440884,0.55071740,0.91450397,-0.33215074,0.0580352968,0.0560666208,10.29406759
39.60000000,4.29579933,1.64767062,-1.00399663,-0.75504908,0.24637960,0.78684749,0.0574971787,0.0562315354,10.20732867
39.80000000,4.24751640,1.52773261,-0.86858040,0.61329812,-0.90458913,0.23561516,0.0522512206,0.0561043742,10.83311251
40.00000000,4.43550111,1.51910741,-0.89420230,0.68017618,0.87309394,-0.15810625,0.0582314501,0.0560473693,9.66900610
40.20000000,4.41371569,1.70518416,-0.83732192,-0.72162484,0.44846795,0.72668025,0.0587038203,0.0564211798,9.41466996
40.40000000,4.32547980,1.62290616,-0.68460764,0.27179034,-0.94192299,0.53743925,0.0514823217,0.0562305475,10.12775655
40.60000000,4.50258600,1.54967138,-0.64614300,1.00325540,0.49296053,0.01995371,0.0565942547,0.0559297679,9.25272832
40.80000000,4.56558651,1.73458932,-0.60063063,-0.44864256,0.88267225,0.51917154,0.0611789460,0.0566009008,8.57810642
41.00000000,4.42496132,1.76084206,-0.45949937,-0.49728353,-0.66750438,0.74637552,0.0531754995,0.0563705090,9.25553608
41.20000000,4.48682465,1.60721028,-0.34784835,0.99817619,-0.34545970,0.36637569,0.0521338616,0.0561052097,9.23639684
41.40000000,4.65579710,1.69608535,-0.28021726,0.30061063,1.00141469,0.39589268,0.0611033011,0.0563582047,8.21913158
41.60000000,4.57228512,1.85258225,-0.17821638,-0.91818500,0.21711966,0.59977032,0.0592301395,0.0565362445,8.32864624
41.80000000,4.44509928,1.75116088,-0.05693214,0.01840454,-0.95234515,0.58534515,0.0502439124,0.0566512179,9.17002082
42.00000000,4.57913673,1.65233817,0.05787274,0.92457821,0.25194039,0.57585587,0.0551909446,0.0562184303,8.66787794
42.20000000,4.65241544,1.80805991,0.16825280,-0.37199949,0.92934304,0.49786205,0.0624003713,0.0566152461,8.04140293
42.40000000,4.48027634,1.87912750,0.25209451,-0.97379723,-0.40862125,0.36698262,0.0558146077,0.0562770667,8.71991667
42.60000000,4.41960870,1.70985943,0.34206049,0.50134696,-0.79792842,0.60157286,0.0504590271,0.0568332567,9.39615949
42.80000000,4.56146568,1.70797460,0.48433282,0.43021045,0.75308453,0.70548630,0.0588811411,0.0564188972,8.65148779
43.00000000,4.49471928,1.87327705,0.57978201,-0.99726221,0.45858315,0.21236222,0.0601870128,0.0562329424,8.65579245
43.20000000,4.31142726,1.79982598,0.60393225,-0.36970032,-1.03229335,0.21822016,0.0521422665,0.0566338941,9.79808403
43.40000000,4.38881544,1.66041482,0.71674334,0.74124016,0.08360125,0.83276734,0.0547706875,0.0564515757,9.66396396
43.60000000,4.41824376,1.80417237,0.84808884,-0.63475799,0.87476680,0.28599424,0.0604250738,0.0562269068,9.17511094
43.80000000,4.22523355,1.82751938,0.83588089,-0.77576678,-0.78726386,-0.16831102,0.0544260703,0.0561560366,10.22006914
44.00000000,4.24301842,1.64821393,0.89117326,0.74071389,-0.33367520,0.76806923,0.0536256200,0.0564296635,10.56149303
44.20000000,4.30689198,1.75807680,1.03268151,-0.44543824,0.97881902,0.30565382,0.0595860330,0.0562395381,9.87178200
44.40000000,4.13053817,1.81254567,0.99230140,-0.76395025,-0.70371930,-0.41362408,0.0549213178,0.0560212432,10.83018889
44.60000000,4.15572954,1.63467405,1.01747470,0.78564671,-0.30695567,0.73380000,0.0540970259,0.0562585656,11.15193296
44.80000000,4.21446249,1.75718130,1.14252477,-0.51152895,0.98807107,0.10944469,0.0590957127,0.0561406967,10.40265051
45.00000000,4.05324940,1.78586003,1.06013759,-0.47963791,-0.87091602,-0.51125005,0.0543119797,0.0560738051,11.41378889
45.20000000,4.13281892,1.63153307,1.09287256,0.83339481,0.06740666,0.74218084,0.0551930455,0.0560906207,11.29665433
45.40000000,4.15973238,1.79284867,1.17437368,-0.67849030,0.85126932,-0.25478199,0.0587275283,0.0561441306,10.64168198
45.60000000,4.02885822,1.76186492,1.05417045,-0.02041413,-1.03384081,-0.42506258,0.0534415197,0.0561217455,11.66405454
45.80000000,4.16552094,1.66159597,1.10617312,0.76120217,0.52531135,0.62812434,0.0564317129,0.0560187976,10.98501951
46.00000000,4.15482499,1.84502480,1.12678074,-0.75882258,0.58909313,-0.57190741,0.0583081619,0.0561915674,10.54437235
46.20000000,4.06566575,1.76407031,0.99008788,0.36014461,-1.01002267,-0.31633844,0.0528021203,0.0561320619,11.41449820
46.40000000,4.23575698,1.71705022,1.03723521,0.69565040,0.77390526,0.40873041,0.0573083495,0.0560075914,10.40280517
46.60000000,4.21173901,1.90393311,1.01328641,-0.74433852,0.46067986,-0.69545189,0.0583263969,0.0562555719,10.06687313
46.80000000,4.13699112,1.81361950,0.86617255,0.42871409,-0.95061522,-0.40305541,0.0522008201,0.0561496346,10.81090025
47.00000000,4.32122786,1.77058432,0.87548339,0.82449963,0.72557353,0.20895404,0.0572914733,0.0559727375,9.78672218
47.20000000,4.32821084,1.96322898,0.84085031,-0.66436555,0.64530571,-0.62619260,0.0595734517,0.0564755786,9.29046307
47.40000000,4.21846135,1.91719736,0.68588449,0.04807520,-0.90444274,-0.65543124,0.0519364309,0.0562278688,10.03776411
47.60000000,4.37447307,1.81511248,0.62776136,1.07951402,0.28801407,-0.04018906,0.0552424191,0.0559010534,9.40497033
47.80000000,4.46979829,1.98790114,0.59322585,-0.29152542,0.99093227,-0.42776610,0.0614317771,0.0565719763,8.53678456
48.00000000,4.33163565,2.05319869,0.46188983,-0.65806506,-0.48257563,-0.76419153,0.0547159920,0.0563824644,9.07618011
48.20000000,4.35203651,1.89752706,0.33801824,0.87586509,-0.54552399,-0.43032699,0.0510501861,0.0562417132,9.34355624
48.40000000,4.53366663,1.94981328,0.26644985,0.49346105,0.93029297,-0.37545767,0.0599421977,0.0562367287,8.31922040
48.60000000,4.48215480,2.12334768,0.17087612,-0.86320886,0.42372735,-0.57030064,0.0606534993,0.0566678231,8.19671963
48.80000000,4.33156082,2.05574845,0.05207862,-0.22885149,-0.92346219,-0.58716411,0.0511526964,0.0566640296,9.07263501
49.00000000,4.43506779,1.92664167,-0.06394947,0.95080257,0.01825934,-0.58784182,0.0534021646,0.0562908685,8.84471330
49.20000000,4.53920309,2.05929016,-0.17881991,-0.17346402,0.97081732,-0.52663157,0.0620687269,0.0565756516,8.07492103
49.40000000,4.38529572,2.16221478,-0.26558862,-1.04136697,-0.19950467,-0.35449893,0.0575378914,0.0562373488,8.55516979
49.60000000,4.28656486,2.00619335,-0.34586163,0.29987784,-0.93506977,-0.53444775,0.0502940137,0.0568692596,9.43207964
49.80000000,4.42485380,1.96178287,-0.48393863,0.58577378,0.58928265,-0.74801834,0.0573468882,0.0563833780,8.81603534
50.00000000,4.39300900,2.12791048,-0.59425028,-0.88770735,0.61841614,-0.28187478,0.0609331673,0.0562991771,8.59282736
50.20000000,4.19859462,2.08999574,-0.61722390,-0.57357569,-0.95169908,-0.12327152,0.0531712498,0.0564031165,9.68515884
50.40000000,4.24819058,1.92549523,-0.70946560,0.76942860,-0.16164045,-0.79483817,0.0535218849,0.0565299065,9.84066325
50.60000000,4.30665341,2.04451288,-0.85416879,-0.46942934,0.92617828,-0.41442172,0.0603545490,0.0562922627,9.20377792
50.80000000,4.11982504,2.10095045,-0.85448399,-0.90801097,-0.61255877,0.22406033,0.0554585297,0.0560054625,10.07892515
51.00000000,4.10742889,1.91511250,-0.88319164,0.70594626,-0.56104277,-0.66089755,0.0528929217,0.0564719595,10.70227644
51.20000000,4.19377131,1.99251432,-1.03283182,-0.28223307,0.98072680,-0.45654538,0.0593292469,0.0562177611,9.92790680
51.40000000,4.02562666,2.07666747,-1.01088202,-0.88050055,-0.51454703,0.45812004,0.0557608084,0.0559435381,10.69111112
51.60000000,4.02400845,1.89525256,-1.00705994,0.76959544,-0.52694227,-0.61641528,0.0534728298,0.0562821977,11.28726245
51.80000000,4.10571441,1.98857684,-1.14259304,-0.37005946,1.01782438,-0.27749241,0.0589963585,0.0561644729,10.43083397
52.00000000,3.94554013,2.04965742,-1.07595433,-0.62489785,-0.70719982,0.59940224,0.0549924912,0.0560003725,11.28007286
52.20000000,4.00383982,1.88300172,-1.07798741,0.87947743,-0.15709091,-0.67212570,0.0544923174,0.0561119638,11.44391780
52.40000000,4.05635521,2.02559116,-1.17822853,-0.57765002,0.95331977,0.08609503,0.0589012079,0.0561573178,10.61014655
52.60000000,3.91546568,2.02992460,-1.06419089,-0.19386342,-0.93957413,0.57404468,0.0539110554,0.0561080034,11.55792200
52.80000000,4.03914618,1.90579574,-1.08847676,0.86562907,0.32401397,-0.62897560,0.0556805102,0.0560087238,11.12658842
53.00000000,4.05441690,2.08407918,-1.13391035,-0.70354318,0.75525618,0.42956221,0.0587631257,0.0562041031,10.45569958
53.20000000,3.94600001,2.03722289,-0.99387460,0.17698346,-0.98929189,0.48978208,0.0530455777,0.0561482403,11.34496555
53.40000000,4.10908078,1.95987030,-1.01856887,0.82813352,0.60449938,-0.44573856,0.0564930221,0.0559689019,10.53038425
53.60000000,4.11156786,2.14975516,-1.01967698,-0.70326467,0.65139128,0.57533940,0.0589877940,0.0563064348,9.95238434
53.80000000,4.01393349,2.09332369,-0.86795801,0.22674195,-0.94143344,0.55874683,0.0524495611,0.0561328779,10.73997613
54.00000000,4.18745749,2.01918490,-0.85588001,0.94816287,0.54897594,-0.22252882,0.0562549192,0.0559254197,9.92239136
54.20000000,4.22496829,2.21073405,-0.84101203,-0.57503394,0.81261553,0.50882051,0.0601745755,0.0564587306,9.19895509
54.40000000,4.09989087,2.20321900,-0.69009604,-0.17091322,-0.81292314,0.74823178,0.0527590507,0.0562787614,9.90437825
54.60000000,4.22782312,2.07886526,-0.61066001,1.11210638,0.06959878,0.09100183,0.0539235091,0.0559176177,9.55508989
54.80000000,4.35314080,2.23220217,-0.58285013,-0.11510214,1.05851810,0.34087641,0.0612817046,0.0564671660,8.53622006
55.00000000,4.22504756,2.33344209,-0.46398810,-0.77595803,-0.27385907,0.75683291,0.0563787008,0.0564258596,8.89140962
55.20000000,4.20389196,2.18544901,-0.33060150,0.70384456,-0.71079001,0.49928544,0.0503974933,0.0563432587,9.40106720
55.40000000,4.38940645,2.19851339,-0.25254167,0.67018560,0.81573298,0.36788095,0.0584698568,0.0561122252,8.45193070
55.60000000,4.37289626,2.38135174,-0.16211012,-0.76696975,0.60818102,0.54016534,0.0617004356,0.0567310613,8.10034286
55.80000000,4.20753422,2.35100286,-0.04684031,-0.45772810,-0.83750760,0.58221237,0.0525171020,0.0565625910,8.93121421
56.00000000,4.27406153,2.19953865,0.06918385,0.92090374,-0.22164489,0.59389809,0.0518465259,0.0564094993,9.00377951
56.20000000,4.40373026,2.30197330,0.18809207,0.03210966,0.96777586,0.55882362,0.0612638629,0.0564722425,8.15013893
56.40000000,4.27449006,2.43146694,0.27967221,-1.05974124,0.01327382,0.35591742,0.0591255045,0.0563070097,8.40839797
56.60000000,4.14254527,2.29711484,0.35194509,0.07391838,-1.01540143,0.46195319,0.0506586092,0.0568479792,9.40809507
56.80000000,4.26840837,2.21207928,0.48199657,0.71118349,0.38998124,0.76943954,0.0556997948,0.0564190514,8.99703268
57.00000000,4.27201149,2.37071569,0.60626392,-0.74815573,0.74595994,0.36566536,0.0613202781,0.0563634260,8.56874754
57.20000000,4.07401372,2.36900607,0.63316731,-0.75345604,-0.82426735,0.05283506,0.0543952939,0.0561962391,9.54516287
57.40000000,4.09153578,2.18812188,0.70352957,0.75267404,-0.40354755,0.72148113,0.0525022335,0.0566217667,9.99628471
57.60000000,4.17583859,2.27616473,0.85641080,-0.28956800,0.93476364,0.54062084,0.0599735513,0.0563467198,9.26973215
57.80000000,4.00112510,2.36184315,0.87406580,-1.00887958,-0.41776564,-0.23986910,0.0565074710,0.0559212879,9.93673565
58.00000000,3.95730099,2.17840886,0.87831077,0.63120447,-0.76126447,0.52149797,0.0524195943,0.0565381834,10.80738315
58.20000000,4.06240531,2.21965788,1.02910000,-0.10825715,0.94036367,0.59489403,0.0588444635,0.0562512199,10.01700847
58.40000000,3.90742679,2.32869851,1.02992646,-0.97103250,-0.31216435,-0.45776766,0.0566024209,0.0559206270,10.55390481
58.60000000,3.87743107,2.15197476,0.99977255,0.71744964,-0.72093501,0.46413354,0.0530375626,0.0563355702,11.39120093
58.80000000,3.97963791,2.21240988,1.13866095,-0.21352195,1.00675751,0.43674739,0.0587059250,0.0561791944,10.49112478
59.00000000,3.82516778,2.30222467,1.09318286,-0.75343384,-0.51982735,-0.64188553,0.0557289002,0.0559774946,11.13712877
59.20000000,3.85889021,2.13102963,1.06510414,0.89440886,-0.37197554,0.55818113,0.0538904547,0.0561508104,11.57451784
59.40000000,3.93647065,2.24961691,1.17804066,-0.45579239,1.01712037,0.08728120,0.0588956859,0.0561617407,10.61056597
59.60000000,3.78983086,2.28811710,1.07709961,-0.36401112,-0.80486961,-0.68525819,0.0545206232,0.0560508002,11.42527654
59.80000000,3.89560177,2.14660547,1.07120177,0.94720572,0.11274573,0.58308394,0.0549415334,0.0560080284,11.26873000
60.00000000,3.93801851,2.31315736,1.13732930,-0.62243724,0.88867330,-0.26968193,0.0590384695,0.0562044940,10.39743427
60.20000000,3.81419832,2.30188493,1.00144447,-0.01455420,-0.91824922,-0.63757568,0.0535077708,0.0561071173,11.23625626
60.40000000,3.96423946,2.19905499,0.99944984,0.94120578,0.41353302,0.43933782,0.0556363061,0.0559466493,10.66851515
60.60000000,3.99512132,2.38478132,1.02254302,-0.63239134,0.81275056,-0.43521608,0.0594391284,0.0563430309,9.86855432
60.80000000,3.87916106,2.36466911,0.87344086,0.01724386,-0.87924424,-0.69030950,0.0529899440,0.0561688886,10.62590864
61.00000000,4.03499532,2.26442860,0.83646900,1.04312832,0.35090197,0.19658520,0.0551846353,0.0559107723,10.06599353
61.20000000,4.10369283,2.44744739,0.83747500,-0.45642397,0.94589626,-0.38321258,0.0604710343,0.0564546217,9.14361579
61.40000000,3.97007438,2.47877587,0.69633576,-0.37338107,-0.67541164,-0.80888812,0.0538805745,0.0562466756,9.74016687
61.60000000,4.06417925,2.34008203,0.59572361,1.09483859,-0.15037709,-0.16914273,0.0527381394,0.0559800467,9.68803099
61.80000000,4.21556991,2.46745459,0.56983548,0.07449823,1.08366069,-0.26461942,0.0607450323,0.0563196752,8.57592446
62.00000000,4.10453111,2.60012446,0.46499016,-0.84772974,-0.05394656,-0.72686856,0.0580115061,0.0564991359,8.71585608
62.20000000,4.04414072,2.46885399,0.32553219,0.49202082,-0.82870347,-0.56662137,0.0502557684,0.0564360992,9.40021501
62.40000000,4.22401053,2.44224467,0.23902014,0.82104476,0.66053033,-0.37346853,0.0567927087,0.0560466670,8.60875534
62.60000000,4.24397588,2.62622219,0.15206868,-0.63521315,0.76413547,-0.51234240,0.0622980505,0.0566973100,8.04416198
62.80000000,4.07279715,2.63443592,0.04088474,-0.65466513,-0.70332299,-0.57152754,0.0541984259,0.0564274551,8.76242746
63.00000000,4.09822365,2.46998626,-0.07389914,0.83299955,-0.45238638,-0.59274915,0.0506773684,0.0565625282,9.12752101
63.20000000,4.24647289,2.53628876,-0.19587213,0.23670856,0.91869759,-0.59148703,0.0600401700,0.0563828346,8.26363617
63.40000000,4.14715734,2.68595299,-0.29380587,-1.03149582,0.21919533,-0.37129882,0.0604605867,0.0564037607,8.28982389
63.60000000,3.98847354,2.57999050,-0.36049952,-0.16097688,-1.03489540,-0.39111486,0.0514987080,0.0567722401,9.32879613
63.80000000,4.09352163,2.45868591,-0.47926062,0.79771824,0.16335715,-0.76606312,0.0540847239,0.0564915317,9.18144619
64.00000000,4.13169494,2.60163041,-0.61537865,-0.58337361,0.83661941,-0.45785992,0.0613177928,0.0564193169,8.58509838
64.20000000,3.93756175,2.63489617,-0.65095181,-0.90142092,-0.66120306,-0.01196562,0.0557143085,0.0560479474,9.39342116
64.40000000,3.92039139,2.44700536,-0.69995896,0.68882637,-0.62782447,-0.61745176,0.0518026347,0.0567174277,10.11681041
64.60000000,4.02608118,2.49921006,-0.85497611,-0.09971475,0.89995575,-0.65576544,0.0593015530,0.0563302531,9.37075622
64.80000000,3.86907144,2.60904061,-0.89352225,-1.07571305,-0.21464186,0.21601327,0.0575074818,0.0559095054,9.80504078
65.00000000,3.79392557,2.43635201,-0.87726280,0.51781660,-0.92296603,-0.36040344,0.0522359399,0.0565305783,10.86794901
65.20000000,3.91308187,2.43947208,-1.02192505,0.07249914,0.85941167,-0.71136903,0.0581598481,0.0562310424,10.13582236
65.40000000,3.77605774,2.56767983,-1.04833733,-1.03285005,-0.10754262,0.41418039,0.0573966808,0.0559251010,10.42839462
65.60000000,3.71714750,2.40320178,-0.99632997,0.62852028,-0.87872420,-0.28756806,0.0528192760,0.0563342611,11.45528485
65.80000000,3.83640421,2.42858087,-1.13105341,-0.04448577,0.95623606,-0.57751388,0.0582400199,0.0561449268,10.58144877
66.00000000,3.69242834,2.54239955,-1.11074628,-0.86085529,-0.31991915,0.63754847,0.0564749823,0.0559615779,10.99535163
66.20000000,3.69897541,2.37432323,-1.05515916,0.87370865,-0.56647056,-0.40697862,0.0534288617,0.0561655686,11.67809793
66.40000000,3.80014460,2.46479854,-1.17381676,-0.31395190,1.04216312,-0.25537592,0.0587113066,0.0561568692,10.64291953
66.60000000,3.65246440,2.53489755,-1.09195078,-0.52437677,-0.63952562,0.75227791,0.0552280792,0.0560192017,11.27653772
66.80000000,3.73570676,2.38312063,-1.05542513,0.99912734,-0.09860258,-0.49184079,0.0542610848,0.0560332042,11.40095193
67.00000000,3.80561154,2.53206551,-1.13673489,-0.51590315,0.98657263,0.10199589,0.0591195485,0.0562342928,10.37155340
67.20000000,3.67096303,2.55619661,-1.01204743,-0.20623726,-0.80351555,0.74947533,0.0541581481,0.0560788756,11.09721498
67.40000000,3.80200668,2.43394745,-0.98098293,1.02719461,0.20957508,-0.38837258,0.0547888664,0.0559507237,10.80705679
67.60000000,3.86226348,2.60876947,-1.02149426,-0.53278672,0.94079466,0.28447695,0.0596547600,0.0563161989,9.81837556
67.80000000,3.73335031,2.62562423,-0.88182596,-0.18945414,-0.77013815,0.78795780,0.0537844009,0.0561571838,10.47843254
68.00000000,3.86492240,2.50567051,-0.81834765,1.10125997,0.14063317,-0.13164935,0.0541488668,0.0559082902,10.20541193
68.20000000,3.96418135,2.67320727,-0.83016340,-0.31192248,1.04210729,0.25806848,0.0604496092,0.0563815055,9.12616488
68.40000000,3.82910750,2.74194840,-0.70354877,-0.54942243,-0.50253477,0.83395217,0.0551985886,0.0562846927,9.55968973
68.60000000,3.88531967,2.59763898,-0.58367506,1.02429173,-0.35852111,0.26864712,0.0517882570,0.0560844352,9.78852649
68.80000000,4.05725321,2.69367131,-0.55469663,0.27033431,1.06538625,0.20433684,0.0598617301,0.0561943205,8.65357504
69.00000000,3.96942166,2.85213474,-0.46423646,-0.87285418,0.16591631,0.67858627,0.0594748465,0.0565735692,8.56142601
69.20000000,3.87427682,2.74536228,-0.32250985,0.25439883,-0.89079258,0.62582080,0.0506550808,0.0565096283,9.33982069
69.40000000,4.03881996,2.68101687,-0.22637115,0.93587896,0.46978782,0.39155034,0.0550382347,0.0560322063,8.77797471
69.60000000,4.09508539,2.85775568,-0.14101570,-0.47405799,0.88643502,0.48926842,0.0624076402,0.0566296652,8.03056573
69.80000000,3.92687176,2.90388838,-0.03397141,-0.81018253,-0.53234967,0.55685692,0.0560350144,0.0563964865,8.58397615
70.00000000,3.90971047,2.73652275,0.07848486,0.69018413,-0.65758872,0.58404138,0.0500144738,0.0567320280,9.20088699
70.20000000,4.06818031,2.76248757,0.20209722,0.43148613,0.82325299,0.62125315,0.0584859127,0.0563201511,8.40956191
70.40000000,4.00277085,2.92503337,0.30743540,-0.96046026,0.40943617,0.39969897,0.0614488592,0.0565199096,8.20656300
70.60000000,3.82491901,2.85220616,0.37146514,-0.38924309,-0.99517846,0.32861935,0.0527178556,0.0565596151,9.20553760
70.80000000,3.90185099,2.70119677,0.47660038,0.83753274,-0.07945365,0.73627904,0.0526521535,0.0566058435,9.35390627
71.00000000,3.97218442,2.82072153,0.62135024,-0.39838128,0.88688964,0.55190557,0.0609194986,0.0564611007,8.64165467
71.20000000,3.78905070,2.88606672,0.66963742,-1.01225570,-0.47456324,0.00293068,0.0570319120,0.0559776354,9.24437252
71.40000000,3.73638057,2.70053811,0.69958989,0.57911397,-0.82067730,0.49091337,0.0514780767,0.0567314978,10.19094635
71.60000000,3.85779174,2.71374125,0.85028119,0.09462614,0.82254158,0.75123302,0.0583806397,0.0563224579,9.50284352
71.80000000,3.72362490,2.84169562,0.91179176,-1.10703704,-0.01373028,-0.15543496,0.0583986702,0.0559643316,9.69320201
72.00000000,3.61862332,2.68701541,0.88046640,0.37002552,-1.03763286,0.19046852,0.0523431941,0.0564876900,10.87951165
72.20000000,3.74620182,2.65187382,1.01197563,0.25478995,0.74098102,0.79743823,0.0573195514,0.0562216746,10.27936974
72.40000000,3.63163990,2.79291702,1.06509224,-1.06389799,0.08975443,-0.33157705,0.0580978717,0.0559816411,10.32254225
72.60000000,3.54439513,2.64715741,0.99716179,0.50457516,-0.99264073,0.09972847,0.0528269268,0.0563119779,11.47455071
72.80000000,3.67626155,2.63695120,1.12031636,0.13325563,0.86891226,0.69073234,0.0576259658,0.0561503192,10.69829856
73.00000000,3.54758892,2.76928727,1.12757887,-0.94331958,-0.11780743,-0.58834157,0.0571854940,0.0559854825,10.86391685
73.20000000,3.52526916,2.61142166,1.04889781,0.81456832,-0.73087078,0.22843332,0.0531389361,0.0562208421,11.74585436
73.40000000,3.64748099,2.67100861,1.16579051,-0.15409160,1.02924433,0.40839514,0.0583588375,0.0561426890,10.70594947
73.60000000,3.50381815,2.76898331,1.10769011,-0.66883630,-0.45411013,-0.77221511,0.0559847105,0.0560203931,11.12238021
73.80000000,3.56049981,2.61426117,1.04215333,1.01506173,-0.29977066,0.36008419,0.0536839059,0.0560461050,11.51235266
74.00000000,3.65719959,2.74065639,1.13205821,-0.38501196,1.04766341,0.06356128,0.0590038868,0.0562064522,10.37871703
74.20000000,3.51690185,2.79852045,1.02472208,-0.38982388,-0.65407209,-0.81859604,0.0549487003,0.0560917646,10.93872410
74.40000000,3.62340519,2.66372460,0.96426439,1.07838922,0.00229791,0.29486143,0.0540037348,0.0559822500,10.93448872
74.60000000,3.71289869,2.82155126,1.01638851,-0.40618700,1.03308228,-0.13275783,0.0596256753,0.0562713503,9.80331576
74.80000000,3.57701966,2.87438214,0.89210068,-0.38348541,-0.62301111,-0.84538001,0.0547683653,0.0561643940,10.30977923
75.00000000,3.67859937,2.74207408,0.80255008,1.11527289,-0.07106317,0.03142155,0.0532198171,0.0559567218,10.32720358
75.20000000,3.80634182,2.88791337,0.81925301,-0.14568218,1.09933793,-0.14178681,0.0601182577,0.0562889514,9.14671116
75.40000000,3.67691724,2.99113469,0.71063989,-0.69152849,-0.30591965,-0.82345132,0.0565926369,0.0563418970,9.37738022
75.60000000,3.69317019,2.85011515,0.57499610,0.90100697,-0.54111648,-0.38111646,0.0511685373,0.0561633402,9.84341488
75.80000000,3.87860071,2.91090783,0.53809710,0.46441376,1.00357588,-0.16439434,0.0586924081,0.0560676751,8.76474759
76.00000000,3.81911631,3.08865079,0.46125595,-0.85278559,0.37624252,-0.61730739,0.0606533381,0.0566327805,8.43702688
76.20000000,3.69543611,3.01247138,0.32103170,0.00724145,-0.89388760,-0.67140339,0.0515663127,0.0564804658,9.22654616
76.40000000,3.83553008,2.91472394,0.21499934,1.00489240,0.25155275,-0.42045488,0.0533492547,0.0560998524,8.94476599
76.60000000,3.92614556,3.07590011,0.12929714,-0.28997956,0.97073550,-0.47270941,0.0620242365,0.0565345559,8.05998699
76.80000000,3.76914854,3.15757590,0.02597663,-0.91890858,-0.33683500,-0.54038772,0.0578620726,0.0564330854,8.41206621
77.00000000,3.71057310,2.99726788,-0.08335095,0.50099309,-0.82206078,-0.56841141,0.0499255936,0.0568056643,9.21449293
77.20000000,3.86989885,2.98085859,-0.20685669,0.60665245,0.68287187,-0.64461476,0.0567212875,0.0562854858,8.57917522
77.40000000,3.84099092,3.14831712,-0.32003331,-0.85111667,0.57665655,-0.43924587,0.0620214519,0.0565524723,8.16306405
77.60000000,3.65213148,3.11132254,-0.38454987,-0.59720187,-0.90266373,-0.28003089,0.0541941774,0.0563583286,9.05388291
77.80000000,3.69528532,2.93890245,-0.47492114,0.82493714,-0.32468328,-0.68112291,0.0515395932,0.0567372193,9.49815415
78.00000000,3.79376200,3.02815949,-0.62415687,-0.19875923,0.89427880,-0.64080337,0.0601462444,0.0564288997,8.73642528
78.20000000,3.62828210,3.12128123,-0.68823863,-1.08306737,-0.27602007,-0.02542777,0.0582592391,0.0559888202,9.11027610
78.40000000,3.54112601,2.94684231,-0.70297821,0.42855701,-0.97048386,-0.35265885,0.0515416208,0.0566949772,10.21223113
78.60000000,3.67153790,2.91982711,-0.84298485,0.28669551,0.70480761,-0.81909697,0.0572752513,0.0563288832,9.65994911
78.80000000,3.56477617,3.05923034,-0.92792187,-1.10221617,0.17604472,0.06320936,0.0591277393,0.0560100240,9.60827358
79.00000000,3.43268293,2.92838978,-0.88798482,0.19477342,-1.10058301,-0.02544787,0.0527170330,0.0564153632,10.84283694
79.20000000,3.56231536,2.85670275,-1.00012129,0.43194547,0.58964712,-0.84593499,0.0563820592,0.0562272326,10.44078275
79.40000000,3.47429209,3.00393923,-1.07930105,-1.06263526,0.27188418,0.21622101,0.0586653271,0.0560193259,10.24237614
79.60000000,3.36044615,2.88200513,-1.00236851,0.34994737,-1.05836307,0.08526461,0.0530514464,0.0562718831,11.44837444
79.80000000,3.49956956,2.83731935,-1.10719566,0.31443935,0.74865571,-0.76844476,0.0569018397,0.0561290370,10.83658102
80.00000000,3.39088363,2.98223191,-1.14269196,-0.99751460,0.07756830,0.49881068,0.0578183402,0.0560050760,10.75038838
80.20000000,3.33907719,2.84074177,-1.04680680,0.71651949,-0.85745887,-0.03503787,0.0530396646,0.0562243543,11.77179571
80.40000000,3.47864781,2.86809479,-1.15441454,0.02057580,0.98030102,-0.53707478,0.0578588736,0.0560956028,10.79708007
80.60000000,3.34427825,2.98935552,-1.12323460,-0.79181824,-0.25892698,0.74554876,0.0567394273,0.0560320546,10.97275335
80.80000000,3.37122936,2.83878357,-1.03224143,0.99005846,-0.48082666,-0.19609054,0.0532503743,0.0561016410,11.59276456
81.00000000,3.49282669,2.93879955,-1.12346569,-0.23179980,1.07189385,-0.21719433,0.0587006112,0.0561387153,10.41830261
81.20000000,3.35251625,3.02747811,-1.03838123,-0.55757722,-0.48005594,0.84173303,0.0558190528,0.0560927866,10.77226742
81.40000000,3.42970910,2.88738935,-0.95029810,1.08797243,-0.19795341,-0.16428764,0.0533345111,0.0560058526,11.03884496
81.60000000,3.54699058,3.02300097,-1.00733385,-0.25522293,1.08839883,-0.01043380,0.0593584435,0.0562119935,9.82341325
81.80000000,3.41053135,3.10940821,-0.90313331,-0.55613033,-0.44822393,0.86004288,0.0558584226,0.0561939371,10.13289136
82.00000000,3.47764112,2.97259156,-0.78995585,1.07990299,-0.27247184,0.09709631,0.0524708442,0.0560383153,10.41799797
82.20000000,3.63021956,3.09150826,-0.80515684,0.03714410,1.11655758,0.04216989,0.0595034677,0.0561686841,9.20374153
82.40000000,3.51331313,3.22505265,-0.71657328,-0.79463297,-0.09687162,0.78040568,0.0579402546,0.0564099802,9.20603835
82.60000000,3.48968496,3.09580633,-0.56986561,0.73016363,-0.68573331,0.49647700,0.0509540260,0.0562441133,9.84414262
82.80000000,3.68030166,3.11925116,-0.52080826,0.64755645,0.89924372,0.14795166,0.0573155321,0.0559731793,8.90252883
83.00000000,3.65311617,3.30908939,-0.45578682,-0.79033438,0.56926722,0.54878470,0.0614619769,0.0566608051,8.34878299
83.20000000,3.50835503,3.26770980,-0.32045357,-0.23317303,-0.84020578,0.69967330,0.0529026695,0.0564469152,9.07330698
83.40000000,3.61616696,3.14305826,-0.20519151,1.01991318,0.01715144,0.45753788,0.0518748522,0.0562074859,9.09213995
83.60000000,3.73731256,3.28074771,-0.11730581,-0.08998156,1.01328478,0.46369727,0.0611756658,0.0563911224,8.13096455
83.80000000,3.59899693,3.39408873,-0.01690321,-0.97893117,-0.12852425,0.52443598,0.0595273814,0.0565039346,8.25998718
84.00000000,3.50260468,3.24999332,0.08887895,0.27869459,-0.93410600,0.54738743,0.0504156575,0.0567318147,9.16687087
84.20000000,3.65299713,3.19167350,0.21039662,0.75167869,0.50146513,0.65830797,0.0548931406,0.0563191810,8.76052631
84.40000000,3.66166329,3.35562843,0.33113841,-0.70831098,0.71468263,0.48721835,0.0621370954,0.0565656751,8.16156020
84.60000000,3.47011689,3.35519125,0.39926978,-0.77422872,-0.76698601,0.24931838,0.0557961454,0.0561801338,8.89065785
84.80000000,3.47587385,3.17073540,0.47506819,0.75777091,-0.55694971,0.60452241,0.0508518293,0.0568708095,9.59935422
85.00000000,3.59687953,3.22419249,0.62401246,0.00898416,0.85737985,0.71740920,0.0590478262,0.0564071689,8.86546616
85.20000000,3.45508499,3.33963966,0.70579953,-1.11271813,-0.07609225,0.07697437,0.0593170768,0.0560710154,9.00069042
85.40000000,3.33616240,3.18385962,0.71033803,0.24567829,-1.06927559,0.21482161,0.0519668843,0.0566132331,10.18035667
85.60000000,3.46808141,3.11747651,0.83395910,0.46836198,0.55073892,0.85274834,0.0560696562,0.0563532992,9.83376736
85.80000000,3.39254671,3.26128965,0.94112120,-1.06122551,0.34748241,0.05396447,0.0596495208,0.0561355800,9.55515919
86.00000000,3.23730547,3.15848892,0.89952414,0.00103104,-1.11133989,-0.12156455,0.0533143710,0.0563219384,10.76373964
86.20000000,3.36216190,3.05369400,0.98738818,0.59592440,0.41147106,0.85171616,0.0554167998,0.0562501528,10.61124302
86.40000000,3.30412934,3.20045368,1.09024932,-1.02800129,0.43279082,-0.07589306,0.0590649730,0.0561213084,10.19211658
86.60000000,3.16655261,3.10593510,1.01171394,0.17124904,-1.07526234,-0.25365015,0.0534688126,0.0562183752,11.38056576
86.80000000,3.30683917,3.02940119,1.09260412,0.49223861,0.60049023,0.80434169,0.0561147147,0.0561230422,10.98949619
87.00000000,3.22251143,3.18077718,1.15522728,-1.02066618,0.25897345,-0.37553389,0.0583364133,0.0560722409,10.66061577
87.20000000,3.14178528,3.06063966,1.04906778,0.58181154,-0.94126708,-0.15925857,0.0531365312,0.0562153942,11.75369947
87.40000000,3.29391140,3.05586056,1.14034387,0.20532586,0.89827425,0.63308413,0.0572407818,0.0560771240,10.91228081
87.60000000,3.17416261,3.19523966,1.13754527,-0.88842254,-0.06323900,-0.67568970,0.0574427454,0.0560711181,10.83625789
87.80000000,3.16932101,3.05530908,1.02631689,0.92143710,-0.63299242,0.01113215,0.0529935507,0.0561205468,11.63409474
88.00000000,3.31260475,3.12635856,1.11135267,-0.05956172,1.06023163,0.34958594,0.0582292856,0.0560994239,10.48834951
88.20000000,3.17819967,3.24195852,1.05190036,-0.70261626,-0.29163152,-0.81922532,0.0567031742,0.0561188607,10.60873839
88.40000000,3.22242035,3.10377503,0.93990820,1.05108550,-0.38083697,0.00553253,0.0528326157,0.0560342534,11.10908600
88.60000000,3.36458918,3.21301335,0.99468163,-0.08367830,1.10649728,0.13604947,0.0588733795,0.0561423688,9.87726102
88.80000000,3.23410731,3.32945386,0.91377320,-0.70020403,-0.25633094,-0.83298036,0.0569631405,0.0562428148,9.95995467
89.00000000,3.26385777,3.19596048,0.78120091,0.99306747,-0.45185306,-0.24391189,0.0519712813,0.0560945576,10.46639764
89.20000000,3.43603112,3.28396664,0.78850181,0.23015712,1.09349339,0.03386516,0.0586472390,0.0560702466,9.29395544
89.40000000,3.33803821,3.44271287,0.72045314,-0.85585648,0.11448881,-0.71010480,0.0591304601,0.0564761557,9.05605720
89.60000000,3.27671404,3.33278176,0.56812988,0.52141694,-0.78291536,-0.60416435,0.0511859836,0.0563183696,9.78863316
89.80000000,3.46336298,3.31879871,0.50366062,0.80947473,0.75501384,-0.15668830,0.0558249169,0.0559325787,9.05715766
90.00000000,3.47105441,3.51306458,0.44777796,-0.68924338,0.73864801,-0.47873694,0.0618482319,0.0566447884,8.30043463
90.20000000,3.31339359,3.50877637,0.32006855,-0.45251569,-0.73636908,-0.70910959,0.0545322890,0.0564026729,8.89648485
90.40000000,3.38302017,3.36541895,0.19708660,0.97597491,-0.21910833,-0.49931018,0.0507570982,0.0563585535,9.20294422
90.60000000,3.52899165,3.47253240,0.10544465,0.11812267,1.01092648,-0.46251562,0.0599214272,0.0562646156,8.23995065
90.80000000,3.41584850,3.61236340,0.00687551,-0.99087740,0.08203651,-0.51115355,0.0609018078,0.0565879467,8.13769387
91.00000000,3.28722710,3.49225580,-0.09537790,0.03946945,-0.98721423,-0.52315969,0.0514271500,0.0567043479,9.06482737
91.20000000,3.41918128,3.39510818,-0.21310712,0.85596283,0.28613167,-0.65977417,0.0531648256,0.0564175795,8.93861387
91.40000000,3.46481393,3.54698288,-0.34039251,-0.53724019,0.81821382,-0.54013395,0.0617841384,0.0565579498,8.20236485
91.60000000,3.27872883,3.58201984,-0.41500353,-0.91307170,-0.59930843,-0.23869419,0.0573945510,0.0561335601,8.73153883
91.80000000,3.24572016,3.39525583,-0.47772915,0.63843446,-0.76093487,-0.51305439,0.0506454692,0.0569040385,9.64682248
92.00000000,3.38218474,3.40911679,-0.62136770,0.21707937,0.77610084,-0.77484775,0.0577032531,0.0564032354,9.02256184
92.20000000,3.26933755,3.54053731,-0.72145668,-1.10128640,0.11619410,-0.15333633,0.0601375974,0.0561303178,8.92249814
92.40000000,3.12286242,3.40946992,-0.72152273,0.04154082,-1.11361371,-0.08935011,0.0526971939,0.0564964008,10.10119797
92.60000000,3.24841706,3.30659979,-0.82424056,0.63028896,0.36621326,-0.84762482,0.0548623782,0.0563969847,10.01369825
92.80000000,3.20698827,3.44769463,-0.95079818,-0.98457303,0.49501463,-0.18820293,0.0599291319,0.0562008941,9.53687417
93.00000000,3.03356366,3.37545179,-0.91447057,-0.20113673,-1.07332219,0.23951406,0.0540808643,0.0561487807,10.65196712
93.20000000,3.14670674,3.24245438,-0.97489780,0.73766547,0.21395084,-0.81235308,0.0544986967,0.0562907486,10.78017300
93.40000000,3.12126392,3.38230088,-1.09742934,-0.95948524,0.56810173,-0.08056609,0.0592711530,0.0561656610,10.17437019
93.60000000,2.96389673,3.31724871,-1.02465208,-0.02322787,-1.04619990,0.39340576,0.0540439124,0.0560968311,11.27868809
93.80000000,3.09877326,3.21281479,-1.07757519,0.65838946,0.43051432,-0.79436877,0.0553179527,0.0561346606,11.14854311
94.00000000,3.04263726,3.36462291,-1.16449741,-1.01059541,0.42094819,0.22658334,0.0587092339,0.0560997195,10.59880950
94.20000000,2.93479876,3.26948232,-1.05553982,0.41540161,-0.98050642,0.34042392,0.0534215367,0.0561340858,11.69348571
94.40000000,3.09367659,3.23405112,-1.12440925,0.39377273,0.78700241,-0.68949923,0.0565413011,0.0560485325,11.04592030
94.60000000,2.99372249,3.38607158,-1.14968849,-0.95449887,0.12520562,0.56841350,0.0580500823,0.0561287648,10.71985923
94.80000000,2.95632368,3.26236839,-1.02471884,0.80945642,-0.74946794,0.18142737,0.0529362135,0.0561345218,11.63157171
95.00000000,3.11674883,3.30317505,-1.09632829,0.12689093,1.01449033,-0.45226672,0.0576183496,0.0560415323,10.58542473
95.20000000,2.99424339,3.44110183,-1.06419911,-0.81911284,-0.09811592,0.75449598,0.0575361064,0.0561647353,10.45765022
95.40000000,3.00321727,3.31156627,-0.93365867,0.96581360,-0.53689221,0.16966766,0.0525432461,0.0561179476,11.13669921
95.60000000,3.16586597,3.39148931,-0.97901054,0.10325758,1.08791303,-0.23583674,0.0582022456,0.0560572845,9.96187727
95.80000000,3.04785353,3.53354169,-0.92294074,-0.81018147,-0.05710796,0.76823194,0.0579937034,0.0563025615,9.80145883
96.00000000,3.03916487,3.41072388,-0.77660466,0.85669955,-0.59865316,0.39688238,0.0517784394,0.0561532709,10.46497062
96.20000000,3.22420500,3.46528855,-0.77009622,0.42551561,1.03066629,-0.08061344,0.0576041955,0.0559779875,9.41198313
96.40000000,3.15081422,3.64337648,-0.72158094,-0.87413052,0.31960887,0.61933912,0.0600729070,0.0565259135,8.93524679
96.60000000,3.05588379,3.55897970,-0.56931450,0.28782810,-0.82743429,0.69450866,0.0518601989,0.0563133960,9.68178808
96.80000000,3.22914119,3.50962132,-0.48748651,0.93920092,0.57571346,0.19049997,0.0543271133,0.0559390449,9.21593783
97.00000000,3.27271598,3.70035972,-0.43737617,-0.55398485,0.87906949,0.41251924,0.0617915380,0.0565441231,8.29369935
97.20000000,3.11060711,3.73363987,-0.31918875,-0.63962158,-0.59181700,0.70033656,0.0562979869,0.0564343988,8.71300873
97.40000000,3.13852631,3.58083734,-0.19065708,0.87282135,-0.44109901,0.54170918,0.0501140277,0.0564659312,9.26276311
97.60000000,3.30186071,3.65162317,-0.09409070,0.32541623,0.96137112,0.46872592,0.0583512157,0.0561697259,8.38091273
97.80000000,3.21924994,3.81164416,0.00387789,-0.95703966,0.28568025,0.50229072,0.0618852723,0.0566634671,8.05202365
98.00000000,3.06544326,3.72156441,0.10305051,-0.19996280,-0.98059174,0.49828577,0.0528512157,0.0565579675,8.92174494
98.20000000,3.17048468,3.59114494,0.21548994,0.91002282,0.04757336,0.64763342,0.0517004523,0.0565515888,9.09638976
98.40000000,3.25064830,3.72257084,0.34757343,-0.34365342,0.88264334,0.59386593,0.0609824524,0.0564812822,8.28393801
98.60000000,3.07775359,3.79039028,0.43105143,-1.00951616,-0.41093694,0.24867956,0.0588704129,0.0561608328,8.58961532
98.80000000,3.00685680,3.61069227,0.48335171,0.47413315,-0.92339555,0.41517685,0.0509227528,0.0568750641,9.63631620
99.00000000,3.15055801,3.58323962,0.61689502,0.41631842,0.65203861,0.80706738,0.0562183225,0.0564039178,9.19890041
99.20000000,3.07097626,3.72361931,0.73448973,-1.04968070,0.29333193,0.24891718,0.0606664477,0.0562773386,8.88020432
99.40000000,2.90238973,3.62161788,0.73605035,-0.17160580,-1.10462871,-0.01340109,0.0536573929,0.0562771643,9.98554573
99.60000000,3.01380473,3.48696938,0.81496073,0.76247912,0.15909705,0.80196384,0.0537571128,0.0564582206,10.18720066
99.80000000,3.00818534,3.61840009,0.95658847,-0.87337111,0.61450975,0.33080606,0.0599445561,0.0562604387,9.55478438
100.00000000,2.82237971,3.57762513,0.93195844,-0.40151923,-0.99297431,-0.32033723,0.0549572092,0.0560111395,10.51953242
100.20000000,2.91716596,3.42244429,0.96378955,0.84778001,0.00583758,0.72874271,0.0537007921,0.0563469627,10.93581671
100.40000000,2.92581216,3.54941410,1.10056060,-0.85728905,0.67492467,0.24364453,0.0592685478,0.0562026146,10.19030329
100.60000000,2.75355272,3.51442867,1.04038297,-0.22426348,-0.97684153,-0.49529434,0.0547343136,0.0560430430,11.15282530
100.80000000,2.87630206,3.38707033,1.06320256,0.80359849,0.24577194,0.73732946,0.0545674163,0.0561515003,11.30376529
101.00000000,2.85139805,3.53358245,1.17001437,-0.96583454,0.55970077,-0.06105103,0.0589144582,0.0561225787,10.56769049
101.20000000,2.71948207,3.46571999,1.06577367,0.22456395,-0.97655127,-0.49572832,0.0538740613,0.0561088977,11.59689089
101.40000000,2.87852928,3.40234420,1.10757894,0.57789455,0.65113921,0.70134346,0.0558028298,0.0560374096,11.19068486
101.60000000,2.80314839,3.56145624,1.15888405,-0.98671833,0.30036333,-0.43127178,0.0585242493,0.0561479587,10.62884847
101.80000000,2.73384056,3.45845977,1.02746261,0.65759336,-0.82607996,-0.36740820,0.0530880424,0.0561425557,11.58455647
102.00000000,2.90561869,3.46905871,1.07919092,0.32105840,0.93721680,0.51804575,0.0569034256,0.0560064716,10.70444709
102.20000000,2.80084801,3.62426671,1.07430993,-0.90238019,0.09256473,-0.65342684,0.0582595383,0.0562208154,10.32675039
102.40000000,2.77387902,3.50933829,0.93179249,0.83384126,-0.65847957,-0.34776114,0.0525000273,0.0560974946,11.11714294
102.60000000,2.95115547,3.55832793,0.96110107,0.29879210,1.03387921,0.30272267,0.0573859018,0.0559885529,10.07249270
102.80000000,2.85178833,3.72093159,0.92970012,-0.88215043,0.14102589,-0.67212058,0.0588723301,0.0563612052,9.66578010
103.00000000,2.80547427,3.61527827,0.77612738,0.67696506,-0.70474511,-0.54302498,0.0519276595,0.0562088929,10.41173265
103.20000000,2.99542638,3.63549192,0.75088647,0.61387544,0.92959605,0.09397522,0.0564392283,0.0559157781,9.55007946
103.40000000,2.95137974,3.82651024,0.71948985,-0.84983928,0.51150211,-0.51571492,0.0607027278,0.0565456912,8.84901494
103.60000000,2.82851371,3.77232441,0.57267860,0.04416338,-0.81871319,-0.75998767,0.0529226650,0.0563113885,9.53440467
103.80000000,2.97935605,3.69170758,0.47305474,1.02596622,0.36891161,-0.24722517,0.0529377943,0.0559965020,9.36373376
104.00000000,3.05805449,3.87091362,0.42490320,-0.38975683,0.98587975,-0.35489909,0.0613013909,0.0563913108,8.32846708
104.20000000,2.89984168,3.94059060,0.31721651,-0.78685215,-0.41718169,-0.67575565,0.0580382501,0.0565209441,8.53814586
104.40000000,2.88511358,3.78794669,0.18570697,0.71577164,-0.63283445,-0.58052903,0.0500214829,0.0565550969,9.26296815
104.60000000,3.05690247,3.81850438,0.08356158,0.52169963,0.86375180,-0.48123240,0.0565824524,0.0561181895,8.54485821
104.80000000,3.00889101,3.99144724,-0.01505042,-0.88072496,0.47446494,-0.49902783,0.0624095798,0.0566450181,8.00716878
105.00000000,2.83785920,3.93554382,-0.11197315,-0.42450964,-0.91848531,-0.47539291,0.0545454622,0.0563837417,8.75459344
105.20000000,2.90921692,3.77946995,-0.21810724,0.90709501,-0.20011801,-0.62205577,0.0506447029,0.0567093702,9.21682495
105.40000000,3.01956092,3.88274349,-0.35262225,-0.13419111,0.90405311,-0.64381872,0.0597849126,0.0564170671,8.40271417
105.60000000,2.86697551,3.97924409,-0.44669275,-1.06171995,-0.21243307,-0.27828879,0.0601198792,0.0562488294,8.47488162
105.80000000,2.76112601,3.81503710,-0.49209244,0.27612483,-1.03495063,-0.32008407,0.0516361807,0.0566850663,9.57099369
106.00000000,2.90315324,3.74683216,-0.61145279,0.59617725,0.48893864,-0.80952637,0.0547192397,0.0564663097,9.38294439
106.20000000,2.85999920,3.88873750,-0.74436106,-0.95945491,0.44917570,-0.35708339,0.0608654110,0.0563471674,8.87628796
106.40000000,2.67568356,3.81842479,-0.75316495,-0.38167530,-1.04728418,0.08567759,0.0547644921,0.0560925115,9.84703309
106.60000000,2.76578314,3.65818385,-0.80725666,0.85522503,-0.06087621,-0.71742919,0.0528506811,0.0565321414,10.34070639
106.80000000,2.79626397,3.77345835,-0.95837272,-0.72953383,0.70304123,-0.47258173,0.0596892321,0.0562437003,9.60874702
107.00000000,2.60452017,3.76361672,-0.95095573,-0.59052136,-0.87860152,0.35939339,0.0558835096,0.0559281986,10.37899687
107.20000000,2.67501109,3.59296857,-0.95513117,0.91755304,-0.20324574,-0.60548054,0.0530859022,0.0563767502,11.06628143
107.40000000,2.71790861,3.70178522,-1.09960122,-0.72256445,0.75160080,-0.40350392,0.0590538751,0.0561744365,10.23974038
107.60000000,2.53646232,3.69618611,-1.05792772,-0.42244608,-0.87467319,0.55344755,0.0554935666,0.0559665547,11.01415563
107.80000000,2.64060588,3.55156640,-1.05056717,0.91825636,0.05403330,-0.63537618,0.0539167311,0.0561875045,11.44433553
108.00000000,2.64891459,3.68754449,-1.17150814,-0.88579779,0.67288831,-0.11135627,0.0589391851,0.0561390515,10.56863510
108.20000000,2.49710609,3.64794932,-1.07905541,0.01822406,-0.93348070,0.61489649,0.0544624992,0.0560372757,11.47254447
108.40000000,2.64927626,3.56034522,-1.09090757,0.74829858,0.49608000,-0.66615990,0.0550713275,0.0560458823,11.33766083
108.60000000,2.60258064,3.72112530,-1.16454024,-0.98266160,0.45785843,0.27305027,0.0588372351,0.0561584027,10.56694330
108.80000000,2.50345455,3.64211418,-1.03423636,0.47235375,-0.86158960,0.53325353,0.0534433550,0.0560905035,11.49666633
109.00000000,2.67976331,3.62378189,-1.06089214,0.51472734,0.83164468,-0.54151289,0.0561257035,0.0559767834,10.83853849
109.20000000,2.59813944,3.79098916,-1.08143119,-0.94890519,0.27409742,0.52370079,0.0588257580,0.0562317239,10.22194451
109.40000000,2.53619563,3.69561287,-0.93420170,0.66057916,-0.74056572,0.51479134,0.0527190331,0.0561269880,11.05069885
109.60000000,2.72100107,3.71342193,-0.94189880,0.49445251,0.94635607,-0.33126874,0.0564722829,0.0559401727,10.20232323
109.80000000,2.64587189,3.89107845,-0.93331247,-0.91368827,0.33121264,0.55252494,0.0595377679,0.0564055838,9.55914690
110.00000000,2.56458385,3.80794554,-0.77936884,0.46373348,-0.76535677,0.67006859,0.0524229850,0.0561976544,10.31058750
110.20000000,2.75068080,3.79459932,-0.73190141,0.78456882,0.79315304,-0.07191217,0.0552257886,0.0558901390,9.69795157
110.40000000,2.73952196,3.99174814,-0.71395971,-0.78455879,0.68450127,0.40710775,0.0609820207,0.0564864246,8.80067645
110.60000000,2.59558277,3.97084041,-0.57730196,-0.19493918,-0.76034045,0.79604786,0.0542752775,0.0563243166,9.36095394
110.80000000,2.71607202,3.86489283,-0.46100040,1.06053409,0.14514521,0.32250767,0.0517758137,0.0561017374,9.48432364
111.00000000,2.82721131,4.02481820,-0.41082590,-0.20263734,1.05485200,0.30989697,0.0604148481,0.0562636763,8.40277405
111.20000000,2.68083003,4.12825007,-0.31369623,-0.88980299,-0.22303399,0.63899701,0.0596046910,0.0566033622,8.38431411
111.40000000,2.62503449,3.98501528,-0.18189010,0.51547484,-0.78076590,0.61196477,0.0504985390,0.0566154947,9.20279473
111.60000000,2.79544034,3.97373391,-0.07408661,0.69559074,0.71942548,0.49838834,0.0547557653,0.0561325128,8.71952048
111.80000000,2.78461599,4.15153450,0.02628977,-0.76588715,0.64136623,0.50187308,0.0624394980,0.0565987762,8.00512676
112.00000000,2.60475876,4.13206214,0.12209026,-0.62209664,-0.80872329,0.45691650,0.0563531872,0.0563269261,8.58082751
112.20000000,2.63786402,3.95938954,0.22151730,0.84475683,-0.44055089,0.58490249,0.0501020045,0.0567935182,9.28582559
112.40000000,2.77215847,4.02799556,0.35566220,0.08323179,0.87942633,0.68519467,0.0582777421,0.0563478529,8.55274264
112.60000000,2.64621890,4.14784966,0.46123783,-1.06950944,-0.01320805,0.32524596,0.0610574565,0.0563740881,8.39435347
112.80000000,2.51009256,4.00618074,0.50380546,0.05815516,-1.09110411,0.23647300,0.0527011622,0.0565571019,9.46063733
113.00000000,2.64143209,3.90007216,0.60602594,0.74537444,0.29312238,0.77993949,0.0533413366,0.0565522183,9.56076274
113.20000000,2.63646942,4.03591330,0.75074603,-0.83282332,0.57870687,0.47043903,0.0607154429,0.0564055693,8.91146631
113.40000000,2.44347038,3.99826891,0.77192030,-0.57776941,-0.94916269,-0.12280744,0.0559351943,0.0559705803,9.69995648
113.60000000,2.50615524,3.81964170,0.80216866,0.90037389,-0.28255807,0.59941334,0.0522201423,0.0566110648,10.46113882
113.80000000,2.57140965,3.91298992,0.95628524,-0.55606460,0.75867006,0.60416891,0.0591741969,0.0562875459,9.69712229
114.00000000,2.38060335,3.93231694,0.97035416,-0.75964751,-0.73919784,-0.35542939,0.0568019043,0.0559005203,10.24209475
114.20000000,2.42194688,3.75318032,0.94982551,0.94011683,-0.40341206,0.45082844,0.0526991101,0.0564357340,11.16097053
114.40000000,2.49772881,3.83943793,1.09475083,-0.55769599,0.79745360,0.55031771,0.0586370704,0.0561973241,10.32116569
114.60000000,2.31342372,3.86148138,1.07621128,-0.60877347,-0.74794834,-0.56548591,0.0562739558,0.0559357943,10.87367391
114.80000000,2.39311812,3.70559378,1.04065585,0.99341641,-0.13654922,0.49425045,0.0534121891,0.0562373866,11.55951694
115.00000000,2.43531033,3.82644185,1.16893638,-0.77099553,0.75933795,0.28067146,0.0587808990,0.0561476810,10.60176553
115.20000000,2.26880878,3.81495890,1.09447181,-0.19382474,-0.85729326,-0.69085770,0.0551467000,0.0560176225,11.33072109
115.40000000,2.40697591,3.70758664,1.07547238,0.89477374,0.32786820,0.58453882,0.0543937291,0.0560554324,11.47668781
115.60000000,2.39212515,3.86489831,1.16627745,-0.94093524,0.59478772,-0.10330124,0.0589713895,0.0562047017,10.53643417
115.80000000,2.26665860,3.81195817,1.04443045,0.26266288,-0.85757088,-0.66736987,0.0539801296,0.0560905733,11.37517016
116.00000000,2.43996396,3.76707733,1.04248796,0.69816340,0.70170616,0.51959385,0.0553304519,0.0559694191,10.97900388
116.20000000,2.38618868,3.94094033,1.08496502,-0.95636788,0.44174385,-0.37419771,0.0592000600,0.0562723724,10.14740117
116.40000000,2.29187729,3.86892434,0.94043501,0.45470345,-0.78114008,-0.65792524,0.0531937370,0.0561510332,10.94244308
116.60000000,2.47620062,3.85665378,0.92246457,0.68021215,0.82816925,0.31819387,0.0555148943,0.0559148382,10.34244322
116.80000000,2.43003580,4.04359031,0.93327021,-0.90373681,0.50807130,-0.41823837,0.0599481050,0.0563825961,9.48581241
117.00000000,2.31808521,3.98705754,0.78561011,0.22942018,-0.77941047,-0.76790980,0.0532320109,0.0561926986,10.17055222
117.20000000,2.49128870,3.94261492,0.71418307,0.92613324,0.62598255,0.01491772,0.0540444995,0.0559049664,9.84294098
117.40000000,2.51510468,4.13886456,0.70501671,-0.68092620,0.83389768,-0.30125322,0.0608990604,0.0564008218,8.79172528
117.60000000,2.35774362,4.15274238,0.58218810,-0.41645928,-0.65893314,-0.80135386,0.0557901470,0.0563577166,9.17704462
117.80000000,2.44163569,4.02878456,0.45175683,1.03680278,-0.08244443,-0.40992921,0.0509536334,0.0561880465,9.56264834
118.00000000,2.58054055,4.16232233,0.39572112,0.00016010,1.08214278,-0.28065261,0.0591938997,0.0561281159,8.51255733
118.20000000,2.45327260,4.29555387,0.30834381,-0.94667065,-0.01915450,-0.59434553,0.0608738341,0.0566729955,8.26077623
118.40000000,2.36022345,4.17004409,0.17874921,0.28647825,-0.87569427,-0.63315755,0.0515016160,0.0565587536,9.08953913
118.60000000,2.51916694,4.11787255,0.06578500,0.83508222,0.53287957,-0.51814634,0.0530271197,0.0562004763,8.88955593
118.80000000,2.54642778,4.29189825,-0.03723314,-0.61703369,0.77995937,-0.51061853,0.0619730786,0.0565290177,8.04597014
119.00000000,2.36620242,4.30930915,-0.13322194,-0.78413103,-0.66106644,-0.44489111,0.0581199508,0.0563527234,8.41607662
119.20000000,2.35894690,4.12979286,-0.22620687,0.72600178,-0.65696343,-0.53955418,0.0501206862,0.0568290143,9.29522010
119.40000000,2.50929633,4.15893844,-0.35700521,0.29912570,0.80710082,-0.71337940,0.0565785660,0.0563549097,8.72526440
119.60000000,2.41537040,4.29576396,-0.47407439,-1.03382160,0.17852504,-0.38618607,0.0616186076,0.0564277547,8.35246798
119.80000000,2.25500396,4.18205628,-0.51806945,-0.16541603,-1.09225265,-0.17152112,0.0540114783,0.0563311058,9.31948013
120.00000000,2.36717757,4.04298010,-0.60164318,0.85293206,0.07369652,-0.71893899,0.0522132417,0.0566543687,9.71707611
120.20000000,2.40052402,4.16530768,-0.75355471,-0.67284578,0.67780114,-0.58108646,0.0602196547,0.0563834773,8.98480127
120.40000000,2.20629251,4.15982806,-0.79127077,-0.75074245,-0.81914747,0.12320835,0.0570902347,0.0559249606,9.55755066
120.60000000,2.23693893,3.97053299,-0.80053694,0.89266649,-0.49421500,-0.45683122,0.0519124334,0.0566165891,10.53783878
120.80000000,2.33389546,4.03716097,-0.95071309,-0.35738718,0.78027644,-0.71640726,0.0584293776,0.0562719953,9.81666050
121.00000000,2.15111418,4.08289223,-0.98905337,-0.90172478,-0.58348204,0.31022102,0.0576580714,0.0559161164,10.11887438
121.20000000,2.15985998,3.90210070,-0.94852512,0.91156236,-0.58530580,-0.27616399,0.0525630964,0.0564271030,11.21215032
121.40000000,2.26552057,3.96240878,-1.08644480,-0.36659320,0.81256391,-0.67464366,0.0580417404,0.0561711884,10.43163157
121.60000000,2.08509154,4.00952043,-1.09414315,-0.77507309,-0.60476431,0.53227446,0.0570287271,0.0559337759,10.74127005
121.80000000,2.13550333,3.84834868,-1.03427906,1.02191171,-0.31792088,-0.32313504,0.0530882819,0.0562477725,11.63991823
122.00000000,2.21073714,3.95022842,-1.16248621,-0.62327366,0.81874997,-0.43700251,0.0584478918,0.0561474362,10.66596143
122.20000000,2.03557108,3.96575290,-1.11098767,-0.40167219,-0.75498048,0.72003899,0.0558810909,0.0559881382,11.18208651
122.40000000,2.15295297,3.84353143,-1.06229886,1.00713587,0.15304449,-0.46048462,0.0538149051,0.0560943990,11.59706237
122.60000000,2.17187454,3.99265072,-1.16394175,-0.86131795,0.70943002,-0.06805302,0.0589200296,0.0561923807,10.53830698
122.80000000,2.02479980,3.96676566,-1.05719505,0.03898882,-0.81788984,0.76113491,0.0546610649,0.0560545379,11.22984489
123.00000000,2.18726958,3.89863750,-1.02507636,0.86058721,0.55207480,-0.45209803,0.0545655156,0.0559672033,11.11556520
123.20000000,2.16503510,4.07388891,-1.08454149,-0.92367697,0.59212159,0.21448088,0.0593618800,0.0562533680,10.10572084
123.40000000,2.04247652,4.02788529,-0.94974264,0.22722114,-0.78114325,0.76679501,0.0538928796,0.0561258134,10.80134288
123.60000000,2.21784541,3.98788929,-0.90391029,0.84490761,0.68322223,-0.26291989,0.0545717075,0.0559199501,10.48191701
123.80000000,2.20421267,4.17819343,-0.92931542,-0.85252145,0.66742929,0.27844825,0.0600814985,0.0563735326,9.44828200
124.00000000,2.06730352,4.15103756,-0.79389176,-0.01248300,-0.74919835,0.82965891,0.0542875863,0.0562043496,10.00405705
124.20000000,2.21892009,4.07948957,-0.69870519,1.02726140,0.43486083,0.07360509,0.0529812461,0.0559609309,9.97079455
124.40000000,2.27809530,4.26776069,-0.69292159,-0.54264087,0.95557440,0.20544076,0.0604661005,0.0562961421,8.82197144
124.60000000,2.11537182,4.31648962,-0.58636577,-0.60988006,-0.52277992,0.77751838,0.0573279179,0.0564331616,8.99732110
124.80000000,2.15856580,4.18270318,-0.44550061,0.95327418,-0.29922030,0.50152044,0.0505637929,0.0562770157,9.58756068
125.00000000,2.31864198,4.28383476,-0.38023614,0.21000933,1.06450357,0.26928660,0.0577228805,0.0560252458,8.65125244
125.20000000,2.21689736,4.44172325,-0.30105529,-0.95755599,0.18571601,0.54624450,0.0617534655,0.0567119658,8.17387453
125.40000000,2.09221074,4.34090767,-0.17577092,0.04503603,-0.91369031,0.64259524,0.0529300139,0.0564937355,8.93678336
125.60000000,2.23014925,4.25138455,-0.05865370,0.92867542,0.31246786,0.53824951,0.0515555222,0.0563170842,9.03763362
125.80000000,2.29449305,4.41275529,0.04754315,-0.43936618,0.88419583,0.52434884,0.0610417199,0.0564070091,8.12786743
126.00000000,2.12212402,4.46582772,0.14508247,-0.90523582,-0.48583272,0.44079612,0.0597056820,0.0564240273,8.27294133
126.20000000,2.07486258,4.28918050,0.23253237,0.55925794,-0.83455558,0.49044260,0.0506870687,0.0568115228,9.24470222
126.40000000,2.23212387,4.27625685,0.35714151,0.50237584,0.68744187,0.72445042,0.0548306615,0.0563991408,8.90844665
126.60000000,2.17438843,4.42279715,0.48470780,-0.95637469,0.35558675,0.45682777,0.0617622914,0.0564703350,8.35150583
126.80000000,1.99679767,4.34076622,0.53424344,-0.38124242,-1.04281936,0.13026108,0.0554529877,0.0561153746,9.16349784
127.00000000,2.08247287,4.17535775,0.59927676,0.90965012,-0.15767108,0.63044601,0.0514390633,0.0567616130,9.83710233
127.20000000,2.15239286,4.27719793,0.75294476,-0.48373655,0.74305516,0.68092100,0.0594057237,0.0563659534,9.09363001
127.40000000,1.96454308,4.30208717,0.81015771,-0.89335114,-0.66629753,-0.08807137,0.0581565667,0.0559552090,9.43095773
127.60000000,1.96028496,4.10985572,0.80291297,0.83080459,-0.68465607,0.30132148,0.0519396957,0.0566629464,10.56443529
127.80000000,2.08412040,4.14616657,0.94228381,-0.13965759,0.76746779,0.80079543,0.0575036649,0.0562675405,9.96230321
128.00000000,1.91642225,4.21475843,1.00603301,-1.01094443,-0.41924631,-0.22805248,0.0584023035,0.0559856084,10.01733010
128.20000000,1.89074269,4.03865609,0.95156805,0.83171526,-0.74096160,0.09491647,0.0526774599,0.0563907846,11.21624897
128.40000000,2.02164302,4.07073543,1.07533850,-0.15494328,0.79759490,0.76786573,0.0573047570,0.0561555004,10.56660406
128.60000000,1.85198511,4.13973225,1.11068897,-0.91425503,-0.45238727,-0.45745585,0.0577138914,0.0559718241,10.62521386
128.80000000,1.86960876,3.97895628,1.03199785,0.99940594,-0.48270453,0.13403620,0.0529648292,0.0562426219,11.67881826
129.00000000,1.97540784,4.05886477,1.15256813,-0.44605287,0.85141533,0.57088494,0.0579590912,0.0561072678,10.75879092
129.20000000,1.79820774,4.09955269,1.12752503,-0.59590912,-0.63364721,-0.70225625,0.0566180847,0.0559940624,11.03668242
129.40000000,1.88879073,3.96758100,1.05228117,1.07629885,-0.02159693,0.30148608,0.0533744334,0.0561092726,11.68859149
129.60000000,1.94193496,4.10429082,1.15760995,-0.74493160,0.80091366,0.23106941,0.0586874384,0.0561343844,10.57230074
129.80000000,1.77904227,4.10549162,1.07151619,-0.18760723,-0.74792133,-0.80944153,0.0554368854,0.0560440041,11.07162209
130.00000000,1.92301709,4.01811425,1.00972263,0.99096752,0.38819110,0.34215310,0.0538795539,0.0560004422,11.23696538
130.20000000,1.93471344,4.18967195,1.08003122,-0.85103626,0.72288180,-0.05437320,0.0593048908,0.0562196611,10.09808231
130.40000000,1.78933348,4.17124148,0.96115048,-0.00970145,-0.74394035,-0.83440732,0.0547626071,0.0561189090,10.63877999
130.60000000,1.94734434,4.10696663,0.88732093,0.97701083,0.51670951,0.16804047,0.0537039987,0.0559566686,10.60835826
130.80000000,1.96836660,4.29470808,0.92144527,-0.76153687,0.80596610,-0.14232519,0.0599353770,0.0563026863,9.44748900
131.00000000,1.81327466,4.29846427,0.80311396,-0.24881721,-0.67954783,-0.85210374,0.0554964402,0.0562372796,9.82490500
131.20000000,1.93557770,4.20507662,0.68628445,1.07813804,0.22878996,-0.18721457,0.0521235032,0.0560549168,10.06715898
131.40000000,2.02859346,4.37846306,0.67814872,-0.37458095,1.04571630,-0.12626210,0.0597164288,0.0561806065,8.88950020
131.60000000,1.86863319,4.46080546,0.58897476,-0.76746541,-0.36064877,-0.72849489,0.0587550019,0.0565096849,8.83416733
131.80000000,1.86940639,4.32565891,0.44212209,0.81387323,-0.49078163,-0.58865874,0.0506632132,0.0563592103,9.55424268
132.00000000,2.04240157,4.38991702,0.36504466,0.41668920,0.99977963,-0.27674172,0.0561057663,0.0559755935,8.80937584
132.20000000,1.97149943,4.56623790,0.29189878,-0.92388377,0.38378829,-0.49891928,0.0621849594,0.0566557257,8.12746783
132.40000000,1.82210544,4.49550500,0.17244773,-0.19312806,-0.89584907,-0.64025855,0.0546414385,0.0564156536,8.76143382
132.60000000,1.93079263,4.37451976,0.05256694,0.96703213,0.07059219,-0.55645348,0.0504862609,0.0564705162,9.14662221
132.80000000,2.02915522,4.51454563,-0.05694224,-0.23909523,0.94835741,-0.54150387,0.0597099727,0.0563041156,8.24685308
133.00000000,1.87240867,4.60051139,-0.15730677,-0.98259685,-0.29300500,-0.44545054,0.0609924286,0.0565195663,8.16072264
133.20000000,1.78774279,4.43576021,-0.24068002,0.35721719,-0.96251965,-0.44240971,0.0517309980,0.0566470815,9.14188388
133.40000000,1.94212834,4.38064441,-0.35670837,0.68062902,0.52363262,-0.71577047,0.0531919767,0.0564987987,9.08759078
133.60000000,1.92330823,4.52898391,-0.49279599,-0.83958190,0.51157945,-0.53213055,0.0614735983,0.0564974387,8.39187851
133.80000000,1.73614187,4.48067229,-0.55153811,-0.57802468,-0.94992121,-0.11537438,0.0569134301,0.0560421358,9.00803837
134.00000000,1.78963678,4.29674272,-0.59973729,0.90969821,-0.38756200,-0.52155410,0.0510832015,0.0568601375,9.90895387
134.20000000,1.89242934,4.37195948,-0.74932353,-0.27123325,0.77171752,-0.76200928,0.0583271457,0.0563600559,9.23334652
134.40000000,1.71849985,4.42431973,-0.82758432,-1.00013405,-0.49906793,0.02089071,0.0590686558,0.0559922566,9.32883958
134.60000000,1.67837273,4.23645970,-0.80950095,0.71791788,-0.84443359,-0.14594113,0.0522814291,0.0565057012,10.54007215
134.80000000,1.82265571,4.24021827,-0.93183913,0.08902577,0.72058278,-0.85006315,0.0564633302,0.0562784942,10.12697637
135.00000000,1.67680113,4.32754245,-1.02041055,-1.08281476,-0.25302501,0.11516377,0.0589907212,0.0560329405,9.94338708
135.20000000,1.61660216,4.16173000,-0.95894540,0.70436312,-0.86453799,0.07885607,0.0530216759,0.0563315785,11.17448722
135.40000000,1.76661109,4.16445132,-1.06227986,0.06963931,0.75368657,-0.82272586,0.0564748505,0.0561729525,10.71980496
135.60000000,1.61450266,4.25173436,-1.12492966,-1.02044450,-0.29686313,0.34689443,0.0582897923,0.0560435153,10.53198061
135.80000000,1.59739320,4.09650415,-1.03407078,0.92514433,-0.62479072,0.05928114,0.0530461304,0.0562233143,11.67323381
136.00000000,1.72963471,4.15231221,-1.13980126,-0.24453222,0.85797555,-0.67368455,0.0573433193,0.0561010476,10.87638077
136.20000000,1.55737065,4.21578023,-1.14303652,-0.76807416,-0.49981704,0.64032290,0.0573112932,0.0560319952,10.90326250
136.40000000,1.61629689,4.07908856,-1.04610538,1.09542016,-0.18936019,-0.11817370,0.0531035859,0.0561186444,11.74286872
136.60000000,1.70245816,4.19974630,-1.14758673,-0.59442396,0.86888472,-0.37612024,0.0582882630,0.0561094407,10.63688257
136.80000000,1.53035011,4.22728489,-1.08629963,-0.40632519,-0.65369185,0.81077326,0.0562512906,0.0560614917,10.91134808
137.00000000,1.64882915,4.12511877,-0.99737661,1.07909827,0.21620687,-0.19638568,0.0533197834,0.0560559324,11.33199271
137.20000000,1.69528449,4.28817607,-1.07154828,-0.74004569,0.83234862,-0.09640283,0.0590362237,0.0561737539,10.12431337
137.40000000,1.53354834,4.29790784,-0.97355132,-0.24388495,-0.67450614,0.85751190,0.0557326855,0.0561353742,10.46694077
137.60000000,1.66642373,4.21368044,-0.87366646,1.06575149,0.33522068,-0.03956626,0.0529744295,0.0559853340,10.70902776
137.80000000,1.72252514,4.39303648,-0.90990678,-0.63360383,0.92084816,0.01868650,0.0595245610,0.0561956725,9.48285764
138.00000000,1.55675593,4.42811007,-0.81214194,-0.46782998,-0.57676984,0.83560507,0.0567520979,0.0562893551,9.64646772
138.20000000,1.64353971,4.31908632,-0.67749452,1.07196444,0.01864578,0.31671517,0.0515536727,0.0561244830,10.11968303
138.40000000,1.76686375,4.47113102,-0.66135717,-0.18300221,1.10066454,0.06936479,0.0587012223,0.0560594422,8.99045706
138.60000000,1.61755387,4.58467077,-0.58932862,-0.88409221,-0.18097500,0.65984289,0.0599564705,0.0565748113,8.69720123
138.80000000,1.57656816,4.45637833,-0.44123136,0.62773019,-0.64488127,0.66320920,0.0512596170,0.0564255024,9.46535700
139.00000000,1.75303499,4.48125708,-0.35079834,0.60845519,0.88767820,0.30261032,0.0544627982,0.0559792678,8.97433720
139.20000000,1.71696522,4.66881701,-0.28109440,-0.84802488,0.56795416,0.45611962,0.0621431589,0.0565667837,8.12332884
139.40000000,1.55063854,4.63188834,-0.16833615,-0.41448359,-0.82717644,0.62749155,0.0564726665,0.0564248228,8.58071305
139.60000000,1.62375139,4.48720022,-0.04728881,0.94480538,-0.17702157,0.57076193,0.0499315782,0.0566427973,9.20262120
139.80000000,1.75096018,4.59792897,0.06524304,-0.02384578,0.96725943,0.56000309,0.0580745921,0.0562336664,8.39640838
140.00000000,1.61694581,4.71258364,0.16948243,-1.01523304,-0.09181674,0.45894920,0.0618888475,0.0566151968,8.08570618
140.20000000,1.49936113,4.56758918,0.25064972,0.13484492,-1.03514544,0.40006683,0.0531400917,0.0564724822,9.00043764
140.40000000,1.64116137,4.47271760,0.35643622,0.82126221,0.32236511,0.68656508,0.0518185355,0.0566278770,9.24615010
140.60000000,1.66224948,4.61456289,0.49817833,-0.68668416,0.64064497,0.60646619,0.0607663091,0.0564486973,8.47220797
140.80000000,1.47349193,4.60044266,0.56909053,-0.74689604,-0.82201104,0.12730423,0.0582884529,0.0560493299,8.86628005
141.00000000,1.49111800,4.40639413,0.60358071,0.85186826,-0.60217530,0.40183000,0.0511625818,0.0568434113,9.92595472
141.20000000,1.62115316,4.45005019,0.74333646,-0.04293832,0.76176105,0.81709122,0.0570625999,0.0563714505,9.39710907
141.40000000,1.46835426,4.52605368,0.84267653,-1.06717912,-0.32489544,0.07302835,0.0597698628,0.0561141183,9.25743045
141.60000000,1.39330161,4.34911396,0.82014010,0.56126992,-0.96681134,0.00361020,0.0528919097,0.0564036174,10.46955057
141.80000000,1.55029483,4.31953383,0.92039193,0.31861573,0.64079856,0.85884913,0.0553882475,0.0563072712,10.30149811
142.00000000,1.43244845,4.42104040,1.03148491,-1.11410212,-0.09003264,0.02075639,0.0593869321,0.0560850648,9.90107490
142.20000000,1.33936875,4.27022313,0.97030627,0.53687229,-0.95273997,-0.23197941,0.0535601531,0.0561840829,11.09263032
142.40000000,1.50114153,4.24358515,1.04826806,0.29764404,0.68243276,0.83393799,0.0556099792,0.0561782501,10.88314226
142.60000000,1.37293999,4.34529345,1.13610707,-1.08904704,-0.14289146,-0.20812762,0.0587226446,0.0560796831,10.46630009
142.80000000,1.32084180,4.20008319,1.04042950,0.80221949,-0.73981006,-0.24265783,0.0533218603,0.0561921974,11.62441999
143.00000000,1.47387170,4.23053436,1.12498859,-0.02580966,0.83924992,0.73807211,0.0566380306,0.0560773971,11.01326996
143.20000000,1.31356202,4.31402891,1.15656789,-0.91093943,-0.35898981,-0.53951103,0.0579182438,0.0560545025,10.78897074
143.40000000,1.33744337,4.17737823,1.04418561,1.06090232,-0.34408228,-0.07648142,0.0530228481,0.0561785858,11.75451422
143.60000000,1.45367841,4.27896046,1.13439369,-0.41414184,0.91321185,0.49425264,0.0577464158,0.0560779600,10.72914453
143.80000000,1.27948826,4.33148178,1.10045231,-0.60728533,-0.54112199,-0.76690685,0.0570464308,0.0560815368,10.75886646
144.00000000,1.36658366,4.21922268,0.98878962,1.11683151,0.04278858,0.02470790,0.0529290654,0.0560844203,11.39084371
144.20000000,1.44686960,4.36932972,1.05944438,-0.59383075,0.91917302,0.22855954,0.0585749882,0.0561187702,10.18286196
144.40000000,1.27597933,4.40698261,0.98579976,-0.46406296,-0.57854583,-0.83647084,0.0567250938,0.0561740741,10.29745541
144.60000000,1.37709505,4.30776335,0.86371191,1.10246921,0.14661607,-0.11321717,0.0524435959,0.0560701516,10.77242358
144.80000000,1.46681404,4.47316242,0.89518253,-0.47298811,1.00941864,0.08431320,0.0588787140,0.0561103866,9.55223024
145.00000000,1.29826089,4.53895324,0.81990246,-0.65980302,-0.44768059,-0.78357792,0.0579483442,0.0563523645,9.48045634
145.20000000,1.34526092,4.42105067,0.67259668,1.00630450,-0.18369693,-0.45095316,0.0513389993,0.0561963881,10.12026738
145.40000000,1.49337378,4.54606799,0.64335344,0.02423654,1.11697366,-0.03916980,0.0574866508,0.0559653463,9.11871228
145.60000000,1.36208309,4.68730380,0.58695326,-0.95684986,0.00853120,-0.57802882,0.0608437651,0.0566130779,8.59332153
145.80000000,1.28219033,4.57337884,0.44220238,0.40790544,-0.75294246,-0.71863929,0.0523053547,0.0564052741,9.33043358
146.00000000,1.45212467,4.55861565,0.33807481,0.77254577,0.73069197,-0.34498368,0.0529254538,0.0560368812,9.13081468
146.20000000,1.45328756,4.74941176,0.26898603,-0.73314622,0.73146713,-0.42095584,0.0616350345,0.0564532019,8.16136354
146.40000000,1.27824242,4.74835239,0.16310210,-0.60851262,-0.71513710,-0.60666516,0.0582597630,0.0564985178,8.40995491
146.60000000,1.31178818,4.58894181,0.04249847,0.86206071,-0.41304235,-0.57965380,0.0499528843,0.0567219492,9.19799141
146.80000000,1.46069628,4.66377042,-0.07237194,0.19697213,0.93675752,-0.57744122,0.0562618529,0.0562043856,8.56699981
147.00000000,1.35565978,4.80157165,-0.18118472,-1.00339246,0.10930079,-0.48063275,0.0623327205,0.0566175377,8.05164104
147.20000000,1.21110229,4.68272928,-0.26226200,-0.09275461,-1.05178047,-0.36729451,0.0547775534,0.0563261827,8.83714552
147.40000000,1.33142996,4.55291604,-0.35707486,0.91292430,0.09411359,-0.63832789,0.0508440570,0.0567724753,9.36773282
147.60000000,1.39143301,4.67996274,-0.50089747,-0.50205691,0.73730838,-0.67384396,0.0596849427,0.0564102265,8.58918789
147.80000000,1.20914672,4.69906226,-0.58603381,-0.88131940,-0.66779617,-0.16454403,0.0594851367,0.0561273206,8.74856451
148.00000000,1.18936381,4.50331935,-0.61104488,0.74004920,-0.78897732,-0.28212072,0.0516485709,0.0566686567,9.88806861
148.20000000,1.33930253,4.51199366,-0.73583768,0.19148591,0.71211975,-0.84021925,0.0557124888,0.0564035249,9.57560918
148.40000000,1.21423566,4.60703146,-0.85473033,-1.09190177,-0.15009075,-0.18701031,0.0602144232,0.0561843362,9.22080275
148.60000000,1.10699628,4.44658647,-0.83432957,0.37129414,-1.04824283,0.11435422,0.0537096653,0.0562085225,10.36233840
148.80000000,1.26809996,4.38432686,-0.90906446,0.53742266,0.53032549,-0.82442736,0.0543654634,0.0563538717,10.47476042
149.00000000,1.18350740,4.49517811,-1.03876784,-1.10280975,0.06570141,-0.17100385,0.0595641244,0.0562047416,9.89275235
149.20000000,1.06081720,4.36311244,-0.98499802,0.33931006,-1.00482551,0.35347172,0.0542476414,0.0561090351,10.97994896
149.40000000,1.22619494,4.30816316,-1.03439721,0.51795727,0.58594080,-0.79883714,0.0547732437,0.0562010417,11.04684735
149.60000000,1.12751270,4.42028698,-1.14365716,-1.11679090,0.00609151,0.04987574,0.0589861462,0.0561133170,10.43131075
149.80000000,1.04187868,4.28883103,-1.05068708,0.63728731,-0.82536676,0.40296473,0.0537690482,0.0561521909,11.53764581
150.00000000,1.20875776,4.29350452,-1.10908047,0.20114101,0.79615190,-0.75857073,0.0558875133,0.0560703051,11.16231814
150.20000000,1.06715469,4.39402839,-1.16730777,-1.01867222,-0.21545504,0.40697741,0.0584025480,0.0561197193,10.69927862
150.40000000,1.05428543,4.26176965,-1.04662317,0.97302232,-0.48057675,0.26836063,0.0531400791,0.0561203123,11.72205500
150.60000000,1.19595302,4.34189705,-1.11874939,-0.21026151,0.93376062,-0.57760220,0.0570936648,0.0560330599,10.84464973
150.80000000,1.02703755,4.41758491,-1.11295442,-0.78196467,-0.41548133,0.68238493,0.0577678578,0.0561278542,10.62248459
151.00000000,1.07835337,4.29996212,-0.98444187,1.09924333,-0.12524400,0.16037498,0.0527422717,0.0561110266,11.40657592
151.20000000,1.18968865,4.43310572,-1.04429446,-0.41718284,0.98204614,-0.33359470,0.0579503515,0.0560463835,10.27067027
151.40000000,1.01726122,4.49774202,-0.99679951,-0.66049981,-0.46174617,0.77477208,0.0576627683,0.0562282605,10.14048856
151.60000000,1.08158702,4.38886992,-0.85793734,1.08194468,-0.04040236,0.27839588,0.0521644987,0.0561189374,10.79008637
151.80000000,1.20149516,4.53516052,-0.87796714,-0.28555709,1.06899666,-0.15951131,0.0580395752,0.0560184765,9.65167106
152.00000000,1.03810764,4.63016979,-0.82546208,-0.81727226,-0.29888782,0.70176388,0.0589902804,0.0564140559,9.33632208
152.20000000,1.04324228,4.51031123,-0.67150186,0.88382708,-0.36663737,0.57807175,0.0515193837,0.0562635050,10.06675644
152.40000000,1.20883740,4.60372949,-0.62504456,0.23751045,1.09171615,0.03853086,0.0561514880,0.0559075972,9.26552347
152.60000000,1.10214420,4.76813750,-0.58160381,-0.98458799,0.20093080,0.48985018,0.0613580080,0.0566114740,8.52702282
152.80000000,0.98804984,4.67507413,-0.44424847,0.16944994,-0.81073700,0.75082089,0.0537019735,0.0563555408,9.16375477
153.00000000,1.14163558,4.62274235,-0.32732472,0.89625584,0.53493055,0.40039280,0.0516285129,0.0561448380,9.26201789
153.20000000,1.18057868,4.80820838,-0.25600826,-0.58327863,0.86768045,0.39579814,0.0606978800,0.0563034952,8.23959381
153.40000000,1.00514114,4.84348160,-0.15654850,-0.76776969,-0.56833359,0.58074613,0.0598540178,0.0565785984,8.26147871
153.60000000,0.99760400,4.67883861,-0.03782599,0.72469021,-0.62090181,0.58227516,0.0505496966,0.0566646875,9.13322096
153.80000000,1.15944577,4.71310565,0.07838245,0.41200774,0.85456739,0.59135722,0.0544217635,0.0562411027,8.74583241
154.00000000,1.08852445,4.86728318,0.19201291,-0.94817216,0.30255230,0.50908814,0.0622925189,0.0565950786,8.06016345
154.20000000,0.92398657,4.77938274,0.27518283,-0.31200369,-1.01588562,0.34694248,0.0564988270,0.0562352657,8.66896773
154.40000000,1.01543694,4.62140603,0.35930852,0.94738579,-0.14732819,0.57488553,0.0503602617,0.0568358617,9.43886615
154.60000000,1.11121057,4.72579204,0.50121123,-0.29162327,0.79647575,0.72823132,0.0583055769,0.0563911200,8.73726982
154.80000000,0.94329579,4.77581736,0.60155786,-0.97672938,-0.49555224,0.22397805,0.0604244116,0.0562549558,8.66237264
155.00000000,0.88668774,4.58634144,0.62202739,0.58272760,-0.93818500,0.17313497,0.0524768880,0.0565482109,9.80187122
155.20000000,1.04788893,4.55835755,0.72783957,0.42041305,0.62308307,0.82750122,0.0543916766,0.0564583669,9.75710008
155.40000000,0.95623282,4.66717154,0.86324717,-1.07290719,0.02005025,0.31337810,0.0603700495,0.0562530687,9.22116653
155.60000000,0.82113971,4.52772211,0.85128893,0.16025630,-1.08826701,-0.19932440,0.0546660359,0.0560995719,10.23081376
155.80000000,0.97743560,4.43479456,0.89900839,0.73281701,0.39263759,0.74736323,0.0534802184,0.0564156023,10.63434539
156.00000000,0.93009078,4.54997843,1.04200472,-1.04821807,0.21107229,0.32622661,0.0595073276,0.0561856036,9.91928946
156.20000000,0.78250987,4.43949980,1.00213374,0.12331013,-1.02221784,-0.43543231,0.0550338555,0.0559945257,10.84772821
156.40000000,0.94300645,4.35821203,1.02178516,0.71848007,0.46695240,0.71796732,0.0540273590,0.0562405403,11.19994061
156.60000000,0.87838178,4.47667028,1.14723243,-1.10177648,0.14768264,0.11837702,0.0590630916,0.0561417595,10.42872590
156.80000000,0.76228942,4.36197172,1.06417731,0.43981366,-0.88097018,-0.52932938,0.0543545924,0.0560562924,11.42131793
157.00000000,0.93515648,4.34121666,1.09312517,0.42570381,0.72970884,0.73214375,0.0551404490,0.0560750234,11.31476587
157.20000000,0.81841749,4.45560937,1.17462472,-1.08691633,-0.07232453,-0.25122641,0.0587356222,0.0561392431,10.63807453
157.40000000,0.76887039,4.33160630,1.05319561,0.83603062,-0.59498146,-0.44360101,0.0534493594,0.0561127834,11.64818180
157.60000000,0.92980441,4.38855199,1.10153893,0.00917066,0.93026840,0.61987724,0.0563680869,0.0560044870,10.97728229
157.80000000,0.77341961,4.48523374,1.12291800,-0.92343635,-0.28109755,-0.56389738,0.0583683754,0.0561845562,10.50877257
158.00000000,0.78631991,4.36684693,0.98449165,1.02546548,-0.28140444,-0.34490913,0.0527820622,0.0561337246,11.37628076
158.20000000,0.92410096,4.47953250,1.02687270,-0.21667900,1.01951316,0.40419401,0.0571995164,0.0559953908,10.38298300
158.40000000,0.75783727,4.56962098,1.00557626,-0.82530918,-0.32927127,-0.67836170,0.0584768080,0.0562871788,10.00429556
158.60000000,0.78224632,4.45656890,0.85648163,1.00337703,-0.21700048,-0.44257697,0.0521750989,0.0561657790,10.75814319
158.80000000,0.92700773,4.57921149,0.85913374,-0.07892926,1.09683544,0.20112405,0.0570584426,0.0559489375,9.77519904
159.00000000,0.77647107,4.70111381,0.82808384,-0.93495815,-0.13640656,-0.59747390,0.0598017057,0.0564606792,9.22114809
159.20000000,0.73988976,4.58603694,0.67377452,0.71214983,-0.52019722,-0.68699769,0.0520965012,0.0562567990,9.96343625
159.40000000,0.91426010,4.64472007,0.60738029,0.44545612,1.02304736,-0.06834529,0.0547851303,0.0558928159,9.41939492
159.60000000,0.83767337,4.82680239,0.57326445,-0.96753318,0.38987171,-0.40200449,0.0614702436,0.0565269160,8.50074889
159.80000000,0.69552963,4.75988542,0.44651490,-0.07259576,-0.81814904,-0.75834684,0.0553146515,0.0563844856,8.98159219
160.00000000,0.82389243,4.67426838,0.31882322,0.96854761,0.31049919,-0.46393269,0.0506982160,0.0562933780,9.35194517
160.20000000,0.89908764,4.84563812,0.24265024,-0.40357168,0.96993386,-0.38221179,0.0593973683,0.0561745072,8.35390548
160.40000000,0.73143173,4.91616453,0.14862441,-0.88745639,-0.39557313,-0.55287487,0.0611323453,0.0566544242,8.14435788
160.60000000,0.68367477,4.75561995,0.03289477,0.54356059,-0.78710581,-0.57856184,0.0516591642,0.0565736879,9.01679596
160.80000000,0.84863807,4.74707673,-0.08345534,0.60825090,0.72130846,-0.59956005,0.0527177885,0.0563533558,8.91717919
161.00000000,0.81557016,4.90979093,-0.20162617,-0.85139064,0.48052027,-0.54218213,0.0617686287,0.0564969473,8.11102792
161.20000000,0.63872924,4.85598870,-0.28895973,-0.51175671,-0.93367429,-0.34071176,0.0581645085,0.0562381703,8.51092979
161.40000000,0.69586874,4.67801163,-0.36367365,0.92117669,-0.38617816,-0.50202279,0.0504036376,0.0569404849,9.45178513
161.60000000,0.82210954,4.75282802,-0.49959087,-0.06327235,0.81364745,-0.76400338,0.0567343727,0.0563981785,8.90828245
161.80000000,0.67605472,4.83026642,-0.61496012,-1.03012292,-0.31281395,-0.30119893,0.0610433470,0.0563237156,8.61263629
162.00000000,0.58516169,4.65419454,-0.63610676,0.39167886,-1.04366386,-0.08414162,0.0535610636,0.0563205818,9.67908363
162.20000000,0.74824436,4.58972355,-0.72043936,0.63078164,0.49678570,-0.77784609,0.0532180167,0.0565485839,9.92791664
162.40000000,0.69441557,4.70653661,-0.86795940,-1.00996853,0.18100105,-0.44376568,0.0602208424,0.0563138505,9.25908852
162.60000000,0.53713879,4.59150512,-0.87004144,-0.05909909,-1.08892276,0.24592688,0.0556912905,0.0559668591,10.08832042
162.80000000,0.67997894,4.47110268,-0.89131079,0.89233726,0.23264692,-0.63192927,0.0528056053,0.0564871461,10.76766423
163.00000000,0.67230903,4.58553793,-1.04118622,-0.95099068,0.34357402,-0.47675797,0.0592154553,0.0562250647,9.98015541
163.20000000,0.50576567,4.49864356,-1.02067508,-0.09906016,-1.00785592,0.47343175,0.0558669359,0.0559279969,10.70774538
163.40000000,0.65309718,4.39376060,-1.01149100,0.88708140,0.32897723,-0.59546951,0.0534282522,0.0562938884,11.33110106
163.60000000,0.62568248,4.51445208,-1.14671494,-1.04354805,0.28019142,-0.28674553,0.0589467778,0.0561625843,10.45895098
163.80000000,0.48366230,4.41884565,-1.08001788,0.22104147,-0.90768834,0.61397454,0.0550380503,0.0559878701,11.28571898
164.00000000,0.65418677,4.37369709,-1.07820622,0.63612384,0.64118276,-0.65875066,0.0544467409,0.0560962805,11.46055426
164.20000000,0.56754409,4.49867275,-1.17809278,-1.11283173,0.06827023,0.08164212,0.0588980326,0.0561506787,10.60780897
164.40000000,0.48314842,4.38628372,-1.06337797,0.65769348,-0.68491439,0.58995904,0.0539307545,0.0560999986,11.53930064
164.60000000,0.65596081,4.41896921,-1.08377141,0.23434733,0.90234627,-0.61690505,0.0556124473,0.0559905815,11.11918551
164.80000000,0.51892799,4.53417301,-1.12963136,-1.02646281,-0.14130415,0.41967380,0.0588107036,0.0561947919,10.42258700
165.00000000,0.49267258,4.41937557,-0.98875591,0.89895994,-0.42004638,0.51492759,0.0530546544,0.0560955586,11.30161940
165.20000000,0.65064752,4.50871094,-1.00811745,-0.00073115,1.02992631,-0.43470570,0.0563659084,0.0559525027,10.51315516
165.40000000,0.49799866,4.62218726,-1.01133312,-0.95253997,-0.18553207,0.55494412,0.0591114449,0.0562946879,9.89513706
165.60000000,0.48141918,4.51034876,-0.85912167,0.87071181,-0.37505441,0.59237853,0.0524903218,0.0561481416,10.67808647
165.80000000,0.64401170,4.60561849,-0.83968837,0.13745501,1.09028127,-0.20520649,0.0559942366,0.0559085794,9.91455247
166.00000000,0.51343298,4.75129509,-0.82726287,-1.00954032,0.03442456,0.47891541,0.0603289660,0.0564794341,9.13982458
166.20000000,0.43738793,4.64727005,-0.67868041,0.50278607,-0.63705517,0.76881947,0.0530285792,0.0562537213,9.82013355
166.40000000,0.61097961,4.66977090,-0.59128402,0.63534431,0.91097805,0.12717256,0.0534854155,0.0559242248,9.56639968
166.60000000,0.56864858,4.86311959,-0.56213563,-0.90704168,0.56928954,0.32078178,0.0611798118,0.0564156016,8.51513685
166.80000000,0.40564016,4.82633631,-0.44817141,-0.30475167,-0.77829123,0.74236463,0.0569918700,0.0564351523,8.79971943
167.00000000,0.50150541,4.71359374,-0.31263372,0.98190380,0.07107330,0.52965029,0.0502367186,0.0563947048,9.38828686
167.20000000,0.60922748,4.86238817,-0.22941792,-0.20067664,1.03167473,0.38090933,0.0578254003,0.0560803021,8.49762681
167.40000000,0.45714633,4.96558871,-0.13941811,-0.96480324,-0.20537174,0.52601604,0.0620028207,0.0567061023,8.06471263
167.60000000,0.37213062,4.81776742,-0.02736510,0.33266759,-0.90276941,0.56925854,0.0531665134,0.0564796701,8.86313599
167.80000000,0.53008830,4.76683473,0.08788333,0.77194626,0.54153080,0.60046551,0.0513114286,0.0564983199,9.06364971
168.00000000,0.53689139,4.92942534,0.20977726,-0.71570344,0.63592021,0.57713899,0.0607943997,0.0564483896,8.20209223
168.20000000,0.35581162,4.91127638,0.30306350,-0.68349355,-0.81279649,0.34916140,0.0596491237,0.0563040943,8.37506404
168.40000000,0.37544506,4.72219553,0.37049447,0.83642601,-0.60665045,0.42671051,0.0509528400,0.0567983547,9.40622461
168.60000000,0.52489021,4.76199793,0.49670105,0.17286419,0.78538961,0.77652818,0.0551024168,0.0564316535,9.09117620
168.80000000,0.40749035,4.86220760,0.62568732,-1.03973239,-0.12635734,0.39077501,0.0612977622,0.0563869798,8.60213006
169.00000000,0.28654846,4.70562682,0.65259883,0.18028575,-1.10305264,0.02205567,0.0548049685,0.0561287450,9.53425494
169.20000000,0.44204714,4.60664781,0.71472579,0.80913677,0.33765723,0.69354125,0.0522976945,0.0566499515,10.07366477
169.40000000,0.42885980,4.72531115,0.86884665,-0.90412405,0.32869783,0.56941316,0.0597700372,0.0562974851,9.33357395
169.60000000,0.25611980,4.63709855,0.88950556,-0.27464553,-1.05390888,-0.25211014,0.0567182323,0.0559018964,9.94753828
169.80000000,0.37769770,4.49336922,0.88689524,1.00509003,0.05670733,0.48609816,0.0523931863,0.0565047055,10.86354261
170.00000000,0.41030277,4.60201426,1.03655120,-0.81333437,0.46095937,0.61295699,0.0587027664,0.0562026954,10.07339465
170.20000000,0.23165302,4.53997048,1.03951848,-0.31624011,-0.96546461,-0.46645738,0.0566958598,0.0559082397,10.57104458
170.40000000,0.35825944,4.41483957,1.00442771,1.01280955,0.17636857,0.43911551,0.0530189934,0.0563098986,11.42990691
170.60000000,0.36955644,4.53368022,1.14222113,-0.94319047,0.40227779,0.44528098,0.0586419652,0.0561737726,10.52112018
170.80000000,0.20735292,4.45892592,1.09718743,-0.00709872,-0.90762366,-0.65259420,0.0557745762,0.0559678992,11.14169623
171.00000000,0.36723776,4.39101414,1.06536873,0.82030617,0.53226530,0.54175720,0.0538537280,0.0561351052,11.58898840
171.20000000,0.31468446,4.52316675,1.17750710,-1.09512047,0.20487167,0.09191058,0.0588804392,0.0561531704,10.60962444
171.40000000,0.19889728,4.42527353,1.07639250,0.44839500,-0.74939375,-0.69789624,0.0545513892,0.0560442595,11.40451919
171.60000000,0.37539096,4.43325719,1.06652423,0.45402525,0.84962235,0.56719516,0.0548724214,0.0559957978,11.26089775
171.80000000,0.26376255,4.56422453,1.13258992,-1.08749842,0.00142047,-0.25894425,0.0590691145,0.0562369871,10.36720575
172.00000000,0.19950633,4.45705460,0.99672642,0.72715057,-0.53675553,-0.65791492,0.0535467395,0.0561089629,11.18854283
172.20000000,0.37009183,4.52083292,0.98908316,0.22050405,1.01156825,0.42167943,0.0554977148,0.0559339077,10.65256402
172.40000000,0.23792627,4.65511574,1.01348877,-1.03811440,-0.03419763,-0.41334568,0.0595268671,0.0563272729,9.81740230
172.60000000,0.18133259,4.54963693,0.86529281,0.69219389,-0.50790123,-0.71596738,0.0530960326,0.0561344319,10.55650536
172.80000000,0.35343004,4.61481830,0.82071078,0.35244136,1.04715507,0.17016551,0.0549121708,0.0559023077,10.05914564
173.00000000,0.24902650,4.78036114,0.82274405,-1.03938893,0.20880299,-0.35465020,0.0605420506,0.0564246851,9.09531735
173.20000000,0.13761037,4.69298934,0.68526981,0.26950714,-0.71299940,-0.81774225,0.0542337075,0.0562655578,9.65027022
173.40000000,0.30069074,4.67969258,0.57757450,0.79393178,0.75820036,-0.21097148,0.0523551127,0.0560009390,9.69122410
173.60000000,0.29511256,4.87710533,0.54861199,-0.80551694,0.73309202,-0.25183889,0.0605117365,0.0562678356,8.56907665
173.80000000,0.11907658,4.87311932,0.44849093,-0.51596330,-0.69638414,-0.70607025,0.0585846970,0.0565381603,8.63175716
174.00000000,0.17724407,4.74079618,0.30859284,0.93387922,-0.16746455,-0.59121002,0.0503052382,0.0564814719,9.36511697
174.20000000,0.31161552,4.85940466,0.21679570,0.01684538,1.04689167,-0.39171160,0.0560972833,0.0560318951,8.66108625
174.40000000,0.18229322,4.99122794,0.12913786,-0.99847782,-0.00582082,-0.50270470,0.0624068381,0.0566607830,8.02617865
174.60000000,0.06469821,4.86366066,0.02097284,0.10695384,-0.96401887,-0.55581675,0.0549229714,0.0564092659,8.68950298
174.80000000,0.20600000,4.77341514,-0.09204043,0.89017970,0.32433259,-0.59337346,0.0503427462,0.0566057391,9.16853776
175.00000000,0.25266269,4.92677404,-0.21634192,-0.54492875,0.76146268,-0.61068053,0.0594367407,0.0563346965,8.32906462
175.20000000,0.07554635,4.94428204,-0.31693129,-0.82104029,-0.66134444,-0.37177919,0.0608466453,0.0564086348,8.27020986
175.40000000,0.05676027,4.75310011,-0.37984840,0.70055598,-0.79504636,-0.35612616,0.0519368200,0.0567023963,9.30945389
175.60000000,0.22060865,4.75434592,-0.49335747,0.40446713,0.71005384,-0.76284526,0.0535555695,0.0565169418,9.27216911
175.80000000,0.13764038,4.87164982,-0.63336919,-1.00484955,0.05762666,-0.48647652,0.0611651573,0.0564385081,8.63177714
176.00000000,-0.00772210,4.73949061,-0.67063496,-0.03803539,-1.11721765,0.00898356,0.0561119376,0.0560025663,9.38239607
176.20000000,0.13131280,4.60961437,-0.71167372,0.94312250,0.15263585,-0.58045205,0.0517103593,0.0566929529,10.18106796
176.40000000,0.15967806,4.72378952,-0.86614295,-0.75787540,0.45923337,-0.68149218,0.0590420934,0.0563407963,9.44199841
176.60000000,-0.02105406,4.66385874,-0.90858286,-0.47559486,-0.98773248,0.21885114,0.0576840542,0.0559075545,9.81942602
176.80000000,0.07279155,4.50165028,-0.88643097,1.06319064,-0.12764555,-0.32098837,0.0522672047,0.0564871197,10.91395454
177.00000000,0.14428051,4.59962415,-1.02858012,-0.63918759,0.56093234,-0.72559965,0.0579994716,0.0562291108,10.19550331
177.20000000,-0.03899812,4.56306995,-1.05757550,-0.51783650,-0.89890678,0.41654803,0.0574721131,0.0559250580,10.44715613
177.40000000,0.06051187,4.42147944,-1.00128018,1.08718145,0.01427020,-0.25987009,0.0528255147,0.0563050415,11.48825775
177.60000000,0.11018690,4.53443818,-1.13409856,-0.80344214,0.51259091,-0.58432029,0.0581652270,0.0561380581,10.61304559
177.80000000,-0.06552791,4.48181986,-1.11460596,-0.23295185,-0.88334494,0.64430858,0.0565178140,0.0559563074,10.99957236
178.00000000,0.07596201,4.39328329,-1.05553933,0.96687302,0.40529173,-0.38806278,0.0534022361,0.0561490172,11.68975446
178.20000000,0.05997813,4.52907390,-1.17289106,-1.03405556,0.33633076,-0.25943705,0.0586840399,0.0561463307,10.64342602
178.40000000,-0.08233085,4.44813911,-1.09127863,0.22000972,-0.78855155,0.76123486,0.0552680476,0.0560140116,11.25436212
178.60000000,0.08932752,4.43160240,-1.05087474,0.65612074,0.77201647,-0.47243167,0.0541945098,0.0560228153,11.39179804
178.80000000,0.00806517,4.57526618,-1.13151540,-1.10464849,0.14518055,0.09148428,0.0591302110,0.0562204588,10.34448051
179.00000000,-0.09126643,4.47941941,-1.00761917,0.52050252,-0.62852176,0.76402365,0.0542249039,0.0560801458,11.04628743
179.20000000,0.08345509,4.51619671,-0.97087836,0.43543615,0.96295744,-0.36442059,0.0546466658,0.0559423247,10.79076397
179.40000000,-0.02226819,4.66816839,-1.01170060,-1.07969633,0.12161332,0.26298245,0.0597003075,0.0562965318,9.77380464
179.60000000,-0.11600611,4.57382928,-0.87414767,0.47925801,-0.61079637,0.80432146,0.0539476286,0.0561678428,10.40386400
179.80000000,0.05648422,4.60738076,-0.80328096,0.55356381,0.96633422,-0.09725425,0.0538826375,0.0559067586,10.19641784
180.00000000,-0.01672580,4.78808813,-0.81452537,-1.02433147,0.38218551,0.23317846,0.0604337640,0.0563463871,9.08889358
180.20000000,-0.15792275,4.72217586,-0.69248063,0.02659008,-0.74676934,0.83145733,0.0556011793,0.0562976956,9.46857239
180.40000000,-0.01455953,4.67530310,-0.56688490,0.90881836,0.57070624,0.31310724,0.0514956698,0.0561173894,9.77903400
180.60000000,0.01719433,4.86898583,-0.53325321,-0.66649615,0.87491240,0.20000896,0.0595137474,0.0561440721,8.65956586
180.80000000,-0.16370887,4.89913333,-0.44690639,-0.69782252,-0.57874780,0.65405432,0.0599617552,0.0566140472,8.48843501
181.00000000,-0.14612333,4.75558794,-0.30632374,0.82776758,-0.38907357,0.64274007,0.0509105389,0.0564641129,9.28432882
181.20000000,0.00712621,4.83787698,-0.20520845,0.23825598,1.01090347,0.41352186,0.0543473853,0.0560559371,8.83140767
181.40000000,-0.09311999,4.99283116,-0.11808432,-0.98814866,0.19530223,0.48488271,0.0623193572,0.0565846262,8.03031145
181.60000000,-0.23729511,4.89171795,-0.01355792,-0.11953970,-0.97139161,0.54018562,0.0567658953,0.0563843222,8.51303888
181.80000000,-0.12108645,4.76760528,0.09633913,0.95288453,0.08313989,0.57861092,0.0499103077,0.0567667843,9.21889425
182.00000000,-0.03683127,4.90268370,0.22134095,-0.34452169,0.84991491,0.63925039,0.0577955145,0.0562953364,8.48508570
182.20000000,-0.20187211,4.95434203,0.33000883,-0.92008568,-0.48726326,0.40707293,0.0616739796,0.0565258691,8.20230991
182.40000000,-0.25785025,4.76964035,0.39156501,0.52493846,-0.94132156,0.29672331,0.0532497808,0.0564830164,9.17454331
182.60000000,-0.08932809,4.73097980,0.49046081,0.61760892,0.58863790,0.72232665,0.0522389775,0.0566256289,9.43559599
182.80000000,-0.13346770,4.85879200,0.63784480,-0.92582293,0.23325906,0.58149212,0.0606476696,0.0564082586,8.70078392
183.00000000,-0.29654138,4.75480626,0.68924722,-0.25098113,-1.08933076,-0.00760080,0.0573902535,0.0559563851,9.23717416
183.20000000,-0.18165905,4.59898905,0.71204092,1.02316923,-0.04904587,0.44767143,0.0514982540,0.0567661981,10.24015013
183.40000000,-0.11294247,4.70237443,0.86033320,-0.57545081,0.56861097,0.77151024,0.0580836480,0.0563296437,9.57991544
183.60000000,-0.29375168,4.67132925,0.92623485,-0.65285803,-0.89502244,-0.14966991,0.0585314268,0.0559757217,9.71274113
183.80000000,-0.23239941,4.49593282,0.89026448,1.06290599,-0.31223276,0.14976965,0.0524239697,0.0564375793,10.91543695
184.00000000,-0.12543928,4.57865114,1.01797744,-0.43439553,0.64092069,0.80635600,0.0571512506,0.0562171191,10.34124768
184.20000000,-0.30557122,4.56767514,1.07384158,-0.69500932,-0.81172009,-0.32826960,0.0581510135,0.0559877062,10.34374351
184.40000000,-0.23797403,4.41370851,1.00244013,1.10529135,-0.15160332,0.07095928,0.0528550918,0.0562808982,11.50164958
184.60000000,-0.15216364,4.51685219,1.12291387,-0.62880393,0.60945017,0.69488352,0.0575446225,0.0561397046,10.73109488
184.80000000,-0.33410660,4.48725800,1.13121033,-0.44587055,-0.83739683,-0.59131420,0.0572225115,0.0559833930,10.86841475
185.00000000,-0.21775748,4.38066682,1.04944795,1.06635634,0.26339997,0.20782272,0.0531231414,0.0562044735,11.75417827
185.20000000,-0.19641137,4.51640889,1.16449553,-0.93151886,0.46142635,0.41114873,0.0583204447,0.0561302873,10.70787267
185.40000000,-0.35923702,4.45454073,1.10697295,-0.01522756,-0.80322907,-0.77735167,0.0560310122,0.0560143871,11.09953288
185.60000000,-0.20072732,4.41427582,1.03782238,0.82858992,0.67010079,0.33776818,0.0536235632,0.0560370085,11.50093276
185.80000000,-0.24804452,4.56722085,1.12636507,-1.07761940,0.28831282,0.07276869,0.0589929359,0.0561907688,10.35494379
186.00000000,-0.37797897,4.48605174,1.02044853,0.29127938,-0.69366332,-0.82684355,0.0550383262,0.0560732214,10.88596072
186.20000000,-0.20796043,4.49521402,0.95459015,0.63164603,0.88330951,0.26546144,0.0538667100,0.0559509586,10.91602782
186.40000000,-0.28250354,4.66118336,1.00587518,-1.07654951,0.27902783,-0.11343039,0.0596257951,0.0562486801,9.76554920
186.60000000,-0.40887706,4.58232265,0.88464291,0.24505887,-0.68099077,-0.85198552,0.0549744620,0.0561718732,10.23274682
186.80000000,-0.24528564,4.58399068,0.78839372,0.72783588,0.84844195,-0.00907982,0.0529794935,0.0559642471,10.31275623
187.00000000,-0.28377962,4.77438330,0.80285002,-0.96550330,0.54995470,-0.12261421,0.0600176289,0.0562508885,9.12022499
187.20000000,-0.44804177,4.73386869,0.69924381,-0.21263532,-0.73947024,-0.81095678,0.0570072584,0.0563692569,9.28910100
187.40000000,-0.33241896,4.65733938,0.55958988,0.97013572,0.35789306,-0.42477048,0.0509972049,0.0562009078,9.81792159
187.60000000,-0.26486589,4.83921891,0.51674834,-0.49488672,0.98801384,-0.16910445,0.0582533565,0.0560259169,8.78139151
187.80000000,-0.44243614,4.90349854,0.44304378,-0.84434116,-0.43209349,-0.59166180,0.0610185850,0.0566658540,8.37754195
188.00000000,-0.46599301,4.75733433,0.30527902,0.67207942,-0.57969791,-0.67966164,0.0519999030,0.0564342858,9.15518244
188.20000000,-0.30305007,4.79919238,0.19498563,0.45073823,0.92145788,-0.44433167,0.0527221186,0.0561286114,8.99289681
188.40000000,-0.36907448,4.97041789,0.10661800,-0.93426668,0.39029665,-0.47380840,0.0617482945,0.0564844714,8.07679457
188.60000000,-0.53287365,4.90050730,0.00507934,-0.33480908,-0.92867688,-0.52453997,0.0585365643,0.0564257643,8.34871005
188.80000000,-0.44840547,4.74983401,-0.10118173,0.95470431,-0.16557887,-0.55749730,0.0500557625,0.0568180144,9.20840428
189.00000000,-0.33114788,4.85825703,-0.22495141,-0.12208988,0.89445270,-0.65933920,0.0560005148,0.0562955289,8.66030184
189.20000000,-0.47633309,4.94107424,-0.34179054,-0.97770088,-0.29812454,-0.45266147,0.0620734573,0.0565539801,8.17486949
189.40000000,-0.56639554,4.77062482,-0.40525468,0.32301374,-1.03973638,-0.25355457,0.0547676134,0.0562394442,9.01760700
189.60000000,-0.40313209,4.69299625,-0.48891005,0.79796456,0.42555148,-0.65714367,0.0512780100,0.0567463778,9.56564144
189.80000000,-0.40579339,4.82401235,-0.63918101,-0.80422214,0.39468096,-0.66867988,0.0597745895,0.0563839408,8.80657834
190.00000000,-0.57908791,4.75079591,-0.70744965,-0.44798904,-1.02389170,-0.02511027,0.0585560874,0.0559893379,9.10989581
190.20000000,-0.49438156,4.57498466,-0.71628423,1.04395959,-0.25658564,-0.30657920,0.0516627628,0.0567266267,10.24614557
190.40000000,-0.38869458,4.66158348,-0.85213614,-0.36307458,0.65262042,-0.83183032,0.0569627810,0.0563325926,9.74080759
190.60000000,-0.56153701,4.65922075,-0.94154548,-0.79914005,-0.78009209,0.05009457,0.0592096372,0.0560267551,9.63398904
190.80000000,-0.53550744,4.47613814,-0.89838573,1.00519301,-0.48895203,0.01380080,0.0528360020,0.0563623650,10.86972700
191.00000000,-0.39838353,4.53946044,-1.00564053,-0.20681238,0.69797942,-0.84836919,0.0562173951,0.0562200357,10.50350160
191.20000000,-0.56763026,4.55363709,-1.08745099,-0.84063981,-0.70687536,0.20815481,0.0586930486,0.0560271463,10.26656453
191.40000000,-0.53496828,4.39155272,-1.00796866,1.06647722,-0.31532916,0.11344490,0.0530975528,0.0562406597,11.46993869
191.60000000,-0.41711445,4.48110736,-1.10943063,-0.42561102,0.69061223,-0.76914568,0.0568186675,0.0561173093,10.87003856
191.80000000,-0.59772433,4.47507410,-1.14601941,-0.63669135,-0.77196456,0.49836674,0.0578467372,0.0560038378,10.75566685
192.00000000,-0.51186678,4.35336814,-1.04756119,1.11232238,0.11056579,-0.01370877,0.0530350081,0.0562078939,11.77647947
192.20000000,-0.45426114,4.48522725,-1.15279021,-0.79104319,0.57851001,-0.53781955,0.0578110019,0.0560827026,10.80029099
192.40000000,-0.63077893,4.44423037,-1.12238928,-0.24567982,-0.79456352,0.74698245,0.0567884168,0.0560276284,10.94994851
192.60000000,-0.49301943,4.38163015,-1.02820715,0.96053684,0.54546343,-0.17178601,0.0531999722,0.0560944770,11.57819490
192.80000000,-0.50443404,4.54005643,-1.11733226,-1.00768112,0.42900807,-0.22405818,0.0586678744,0.0561221839,10.39783498
193.00000000,-0.65924335,4.47659070,-1.03411466,0.05225454,-0.73155979,0.84365904,0.0559243396,0.0560918641,10.71910395
193.20000000,-0.50256677,4.45840441,-0.94119908,0.79681490,0.77307557,-0.13080705,0.0532121081,0.0560056776,11.01636198
193.40000000,-0.54269350,4.63407535,-0.99616838,-1.02942600,0.43506281,-0.02593107,0.0593128774,0.0561874112,9.79241165
193.60000000,-0.69587768,4.57454355,-0.89563923,0.00299985,-0.71748110,0.85725236,0.0560890316,0.0561978395,10.05609519
193.80000000,-0.55002577,4.54540975,-0.77686766,0.86294296,0.69647167,0.14115968,0.0522766852,0.0560540823,10.39504460
194.00000000,-0.55204037,4.73929869,-0.78818929,-0.86530658,0.70709920,0.03040402,0.0593250592,0.0561315576,9.18733474
194.20000000,-0.73189090,4.72720414,-0.70457644,-0.43671978,-0.69383036,0.75996336,0.0583308371,0.0564452452,9.12396901
194.40000000,-0.65032364,4.62636930,-0.55575468,0.97216842,0.13194551,0.53586174,0.0509251966,0.0562823184,9.80129073
194.60000000,-0.55068447,4.78851644,-0.49987336,-0.29730134,1.06542879,0.16168513,0.0568151947,0.0559495587,8.92673352
194.80000000,-0.71693856,4.88555871,-0.43673398,-0.95150476,-0.26315421,0.52445891,0.0616820798,0.0566784039,8.30424231
195.00000000,-0.78005698,4.74512823,-0.30480722,0.47900431,-0.72885579,0.69928007,0.0534673359,0.0564116885,8.99216398
195.20000000,-0.61735612,4.74485305,-0.18633016,0.64009237,0.77994177,0.48129091,0.0513691532,0.0562506511,9.12836304
195.40000000,-0.64553224,4.92428233,-0.09512420,-0.83808595,0.57127875,0.47002210,0.0607336225,0.0563448320,8.16339963
195.60000000,-0.82134597,4.88881876,0.00438384,-0.52928180,-0.84166993,0.51099968,0.0600932912,0.0565531594,8.20834346
195.80000000,-0.77312363,4.72011456,0.10691322,0.89604416,-0.40446871,0.53214469,0.0507578352,0.0567190877,9.13892946
196.00000000,-0.62962210,4.79483546,0.22750286,0.11222303,0.88936703,0.66790730,0.0542045074,0.0563506310,8.84169407
196.20000000,-0.74778837,4.90435777,0.35185701,-0.99198780,-0.10116887,0.50536406,0.0620149816,0.0565616552,8.18935188
196.40000000,-0.86726040,4.75487629,0.42035733,0.10847694,-1.08859260,0.22992730,0.0563618158,0.0561374445,8.85503848
196.60000000,-0.71864789,4.64139147,0.48950492,0.93256032,0.22895771,0.57234348,0.0507598840,0.0568641907,9.64881140
196.80000000,-0.67925168,4.76786775,0.63768096,-0.64314061,0.53582132,0.74090006,0.0586038168,0.0563736298,8.94457593
197.00000000,-0.85478367,4.72689067,0.72430913,-0.62043003,-0.92592466,0.08600671,0.0595352964,0.0560876599,9.00918565
197.20000000,-0.80430842,4.53764780,0.72451048,1.00524206,-0.45873594,0.16945948,0.0521689728,0.0565427752,10.20047144
197.40000000,-0.66709984,4.60206036,0.84247060,-0.12915686,0.70689952,0.85631649,0.0557658948,0.0563384210,9.91589869
197.60000000,-0.82413060,4.62738482,0.95376936,-0.90888085,-0.64675861,0.07283524,0.0596762488,0.0561557875,9.58760965
197.80000000,-0.83425349,4.44213702,0.91043428,0.89548695,-0.65049639,-0.15691788,0.0534588685,0.0562697535,10.78339960
198.00000000,-0.67388042,4.48251724,0.99261303,0.03374677,0.72887298,0.84691815,0.0552672071,0.0562401321,10.67321608
198.20000000,-0.82488325,4.52089773,1.09771823,-0.94935545,-0.58674465,-0.06418363,0.0590654582,0.0560690138,10.21960794
198.40000000,-0.82828495,4.35503879,1.01759242,0.97437632,-0.47119555,-0.27969547,0.0535283000,0.0561885608,11.39735240
198.60000000,-0.68412815,4.42747045,1.09457525,-0.20202085,0.75317128,0.80098925,0.0560345300,0.0561103557,11.02293593
198.80000000,-0.85590508,4.44518141,1.15818647,-0.79798492,-0.68872271,-0.37221466,0.0583537470,0.0560715664,10.66706049
199.00000000,-0.80422259,4.31162257,1.05003752,1.10218943,-0.04851882,-0.18023962,0.0531429656,0.0561993497,11.75470125
199.20000000,-0.71325375,4.43564382,1.13844625,-0.61784304,0.68521860,0.63119454,0.0571856870,0.0560629566,10.91653485
199.40000000,-0.89615465,4.41703844,1.13649118,-0.46100273,-0.76365892,-0.67376715,0.0574903311,0.0560666900,10.81413712
199.60000000,-0.78558695,4.33408703,1.02263396,1.04340142,0.40097089,-0.01399101,0.0529566595,0.0561146057,11.61568361
199.80000000,-0.76092395,4.49379703,1.10483878,-0.89765128,0.56494909,0.35314872,0.0581759741,0.0560822198,10.47103543
200.00000000,-0.93395438,4.45073563,1.04749210,-0.18439423,-0.74230056,-0.81525923,0.0568154497,0.0561337558,10.55653330
200.20000000,-0.79851151,4.40637496,0.93149191,0.91991879,0.63442568,-0.03019821,0.0527344631,0.0560371788,11.08094634
200.40000000,-0.80271373,4.58684755,0.98297639,-0.94050775,0.58627282,0.14624434,0.0587846044,0.0561170760,9.85270139
200.60000000,-0.97591760,4.54996833,0.90600007,-0.23445836,-0.72057974,-0.82185885,0.0571982322,0.0562669851,9.88583289
200.80000000,-0.85560789,4.49242097,0.76925954,0.94870223,0.51612444,-0.28850857,0.0518422686,0.0561145440,10.43264338
201.00000000,-0.82133583,4.68305501,0.77121687,-0.72748259,0.84797423,0.03696046,0.0584023121,0.0560352242,9.28639496
201.20000000,-1.00887267,4.70143843,0.70765401,-0.63649349,-0.61353075,-0.68418800,0.0594657300,0.0565121712,8.98277310
201.40000000,-0.96562958,4.58272460,0.55511916,0.91439792,-0.09347060,-0.63623636,0.0513066721,0.0562840722,9.72934016
201.60000000,-0.83969226,4.71785913,0.48344106,-0.08239122,1.10041109,-0.17878461,0.0552984958,0.0559221065,9.08486868
201.80000000,-0.98711983,4.84487954,0.42800785,-1.01679116,-0.07860232,-0.45783637,0.0619114505,0.0566005161,8.27148054
202.00000000,-1.08637977,4.71789860,0.30423063,0.26241142,-0.83030064,-0.70099768,0.0551694620,0.0564106178,8.81205535
202.20000000,-0.93384549,4.67635654,0.17929557,0.79214020,0.59232721,-0.52088280,0.0504225054,0.0564101288,9.22148561
202.40000000,-0.92242393,4.85500507,0.08397789,-0.70192010,0.72999909,-0.47335598,0.0593462589,0.0562272852,8.28570845
202.60000000,-1.10223796,4.85570135,-0.01464437,-0.69566872,-0.71715766,-0.50138431,0.0613196608,0.0566435494,8.10051400
202.80000000,-1.09251064,4.67805843,-0.11378285,0.78289527,-0.61769697,-0.50515506,0.0519375301,0.0565846090,9.02002406
203.00000000,-0.93129274,4.71395682,-0.22945520,0.34572425,0.83110872,-0.66286429,0.0525710395,0.0564532925,9.01351519
203.20000000,-1.01623790,4.84431761,-0.35990907,-0.96191832,0.09648441,-0.56130189,0.0614980876,0.0564896805,8.24538670
203.40000000,-1.15919233,4.72132932,-0.43620081,-0.10604473,-1.08936754,-0.22735144,0.0579093808,0.0561109780,8.70148247
203.60000000,-1.03342027,4.57697262,-0.49285267,1.01169928,0.01039509,-0.47540730,0.0507214515,0.0568710135,9.67655147
203.80000000,-0.95367044,4.69110066,-0.63387949,-0.44758165,0.65030826,-0.79147027,0.0572214170,0.0563837929,9.10785057
204.00000000,-1.12324963,4.68271965,-0.73900364,-0.76152224,-0.80045546,-0.17032354,0.0602651626,0.0561528743,8.94111400
204.20000000,-1.10897094,4.48687231,-0.73647083,0.91174487,-0.64503796,-0.04798157,0.0529556733,0.0564215584,10.11039008
204.40000000,-0.94745592,4.52458502,-0.83240208,0.11570978,0.72723269,-0.84106976,0.0545914824,0.0563940996,10.09419652
204.60000000,-1.08137208,4.57578823,-0.96236721,-0.97813706,-0.49838196,-0.21099170,0.0598993529,0.0562194938,9.57623569
204.80000000,-1.12654919,4.39377341,-0.92574294,0.74282049,-0.79088097,0.26903307,0.0542382869,0.0561050813,10.66663850
205.00000000,-0.95102113,4.40840349,-0.98002141,0.27578992,0.73036688,-0.80009829,0.0543743892,0.0562775641,10.83966063
205.20000000,-1.07714457,4.46946665,-1.10416731,-1.01747911,-0.45324107,-0.09466499,0.0592440645,0.0561716323,10.20528522
205.40000000,-1.11587814,4.30419998,-1.03073396,0.83636323,-0.61406438,0.41602116,0.0541120155,0.0560720949,11.29174477
205.60000000,-0.95247606,4.35631539,-1.07938948,0.03214098,0.79363702,-0.78661204,0.0552452961,0.0561210875,11.18115697
205.80000000,-1.10831855,4.39754970,-1.16703867,-0.92413621,-0.58885870,0.22106206,0.0587136288,0.0560981320,10.60669847
206.00000000,-1.09268616,4.25568677,-1.05671182,1.03754108,-0.20870159,0.36000307,0.0534386403,0.0561195453,11.69104122
206.20000000,-0.97294314,4.36785886,-1.12230869,-0.41880583,0.77830136,-0.68446905,0.0564816731,0.0560345862,11.05083967
206.40000000,-1.15477234,4.37285621,-1.14835274,-0.65256302,-0.71139556,0.56367241,0.0580920985,0.0561236133,10.69897057
206.60000000,-1.07632999,4.27211615,-1.02141333,1.07200312,0.24083817,0.20604453,0.0529160007,0.0561296217,11.60893942
206.80000000,-1.01725492,4.42854444,-1.08951871,-0.75189777,0.69301042,-0.45170091,0.0575469057,0.0560249559,10.57092618
207.00000000,-1.20126993,4.40824185,-1.05951043,-0.40787852,-0.72635878,0.74544289,0.0576461627,0.0561597044,10.40759746
207.20000000,-1.09372873,4.33978658,-0.92598336,0.99251452,0.47152320,0.20549305,0.0524783539,0.0560709533,11.10175522
207.40000000,-1.06237102,4.51961418,-0.96691782,-0.81340883,0.72845443,-0.23951281,0.0580751364,0.0560334692,9.94311298
207.60000000,-1.24818738,4.50813408,-0.91467800,-0.45657322,-0.69146617,0.75037418,0.0582138198,0.0563344989,9.73204184
207.80000000,-1.15970544,4.42576398,-0.76579836,0.97849253,0.31567117,0.43880492,0.0517296493,0.0561753314,10.41932500
208.00000000,-1.09138754,4.60607200,-0.75277370,-0.55727982,0.96621301,-0.07427679,0.0573077016,0.0559493006,9.41142652
208.20000000,-1.27858737,4.65595837,-0.70785932,-0.80504895,-0.50273750,0.59058995,0.0603284486,0.0565552090,8.87255502
208.40000000,-1.27576052,4.52647133,-0.55712371,0.80158609,-0.30487743,0.71704578,0.0521206074,0.0563412154,9.60904131
208.60000000,-1.13108398,4.62849323,-0.46824285,0.13898437,1.08724147,0.21962308,0.0538141689,0.0559449105,9.24224491
208.80000000,-1.25292626,4.78124979,-0.41707905,-1.03877800,0.11483136,0.39673530,0.0616971296,0.0564922089,8.28029182
209.00000000,-1.38341676,4.67452529,-0.30292049,0.03601168,-0.88178872,0.68614620,0.0569461249,0.0564514971,8.63124237
209.20000000,-1.25020877,4.59505414,-0.17377612,0.89467980,0.36938970,0.55923515,0.0499848100,0.0565123453,9.25984371
209.40000000,-1.19962515,4.76346851,-0.07351004,-0.52960263,0.85784160,0.48298382,0.0576863706,0.0561385921,8.43667202
209.60000000,-1.37523869,4.80047451,0.02542857,-0.82853467,-0.56226343,0.49702573,0.0621289500,0.0566456588,8.03089731
209.80000000,-1.40408645,4.62295543,0.12191876,0.62552543,-0.79286898,0.47929226,0.0534723661,0.0564512384,8.86665002
210.00000000,-1.23483479,4.61727982,0.23135701,0.56377738,0.71950431,0.64351596,0.0512569349,0.0565879023,9.15866368
210.20000000,-1.28171594,4.76131813,0.36579745,-0.88738635,0.28755583,0.61603665,0.0605538098,0.0564237946,8.34074546
210.40000000,-1.44126173,4.66909464,0.45206052,-0.30969288,-1.04564699,0.24567585,0.0592990839,0.0561565872,8.56878054
210.60000000,-1.34481324,4.50029111,0.49929645,1.03051101,-0.21639597,0.37531796,0.0511470240,0.0568185264,9.64711978
210.80000000,-1.22873642,4.59464887,0.62852120,-0.22483503,0.73161296,0.81476080,0.0557381621,0.0564182833,9.28685442
211.00000000,-1.38426528,4.61808978,0.75086853,-0.86612082,-0.65227884,0.27204841,0.0606966318,0.0563026746,8.90951955
211.20000000,-1.40610002,4.42243630,0.75159726,0.77224907,-0.80682067,-0.04811269,0.0539467521,0.0562100009,9.98749966
211.40000000,-1.22878961,4.43007624,0.82306866,0.35907256,0.71009809,0.78515617,0.0535405069,0.0564669637,10.26295990
211.60000000,-1.33318433,4.50449300,0.96703055,-1.00447036,-0.33806929,0.35551474,0.0598601540,0.0562055032,9.60090943
211.80000000,-1.41057084,4.33089105,0.94340951,0.55853679,-0.90566584,-0.34270681,0.0551158816,0.0559798299,10.53155471
212.00000000,-1.22863385,4.31782748,0.96899593,0.50673985,0.69971933,0.70940034,0.0536096455,0.0563301586,10.99106514
212.20000000,-1.32429781,4.39940551,1.10655083,-1.04295275,-0.30808359,0.25879492,0.0592151461,0.0561463858,10.22459342
212.40000000,-1.39591869,4.23908300,1.04656991,0.66252661,-0.73958742,-0.51352622,0.0548062770,0.0560221773,11.16333649
212.60000000,-1.22121107,4.26814684,1.06496890,0.26573726,0.80821962,0.72512353,0.0545061854,0.0561500513,11.33465298
212.80000000,-1.35474118,4.33218708,1.17210493,-1.01131405,-0.47324008,-0.05409749,0.0589047872,0.0561195044,10.57720496
213.00000000,-1.37521704,4.18582873,1.06711198,0.92385477,-0.36468915,-0.51296428,0.0539009353,0.0560957035,11.59147932
213.20000000,-1.23272338,4.28218851,1.10535707,-0.20240292,0.85361051,0.69283436,0.0557416113,0.0560239932,11.19574794
213.40000000,-1.40621197,4.31161800,1.15720586,-0.81361933,-0.63839301,-0.42439929,0.0585568231,0.0561412618,10.60963941
213.60000000,-1.36309938,4.19620973,1.02452853,1.04519796,0.07046845,-0.39016870,0.0530868745,0.0561383820,11.55771039
213.80000000,-1.27305640,4.34450766,1.07219223,-0.57634308,0.80906942,0.51270931,0.0568173385,0.0559905065,10.69220917
214.00000000,-1.46057521,4.34891206,1.06922118,-0.60925537,-0.68436830,-0.64037731,0.0583584947,0.0562134557,10.27983707
214.20000000,-1.38601845,4.25931183,0.92485940,1.00984570,0.29047092,-0.38140929,0.0524756519,0.0561042832,11.07495000
214.40000000,-1.32137352,4.43263152,0.94880603,-0.65322862,0.85646387,0.29899213,0.0572273906,0.0559677646,10.05850266
214.60000000,-1.51211176,4.44864243,0.92078292,-0.65468045,-0.63183864,-0.64946712,0.0590603227,0.0563513610,9.60264234
214.80000000,-1.45990143,4.34607401,0.76635269,0.95026472,0.10528776,-0.57926271,0.0519673669,0.0561689751,10.35454652
215.00000000,-1.36177847,4.50899984,0.73382208,-0.36166931,1.05486473,0.07803373,0.0561094025,0.0558957075,9.55400989
215.20000000,-1.54077725,4.59028602,0.70480958,-0.93747180,-0.36587008,-0.48674341,0.0608618865,0.0565181884,8.79804582
215.40000000,-1.57834304,4.45742321,0.56097444,0.64285529,-0.49053444,-0.77184606,0.0532969401,0.0563323905,9.45261537
215.60000000,-1.42376528,4.52189820,0.45498374,0.35396305,1.02233534,-0.28137825,0.0524804089,0.0560181439,9.38323843
215.80000000,-1.51433024,4.69468925,0.40431866,-1.01691265,0.31012597,-0.34546133,0.0610586455,0.0563386101,8.32992103
216.00000000,-1.66998654,4.61393839,0.30035804,-0.18791020,-0.88427832,-0.65755193,0.0586400913,0.0565216806,8.46390405
216.20000000,-1.56385979,4.50201507,0.16951391,0.93949910,0.12586934,-0.59256320,0.0501103006,0.0565907341,9.23768842
216.40000000,-1.47691493,4.65086899,0.06397771,-0.32707118,0.94611782,-0.49751198,0.0558802775,0.0561166647,8.60617114
216.60000000,-1.64016321,4.72272539,-0.03640510,-0.92380761,-0.38414438,-0.49864333,0.0624661318,0.0566812327,8.00275088
216.80000000,-1.70571779,4.55389535,-0.13131718,0.43657017,-0.92196420,-0.45718813,0.0552148668,0.0563500712,8.69607387
217.00000000,-1.53851975,4.50647460,-0.23378712,0.75116165,0.55879126,-0.61085255,0.0503916502,0.0567392927,9.26107303
217.20000000,-1.54427114,4.65596649,-0.36954584,-0.76947043,0.46434649,-0.66477798,0.0592458997,0.0563754714,8.47109682
217.40000000,-1.71281194,4.59749081,-0.46721504,-0.49355265,-0.96217196,-0.28330720,0.0604354204,0.0562577345,8.46572909
217.60000000,-1.65016118,4.41161593,-0.50887864,0.98961811,-0.43718852,-0.28134335,0.0519761543,0.0566124496,9.56596167
217.80000000,-1.50393260,4.47965068,-0.62251714,0.01529581,0.77350165,-0.80690324,0.0542818578,0.0564802712,9.46940620
218.00000000,-1.63773324,4.53296465,-0.75943223,-0.93049924,-0.48597155,-0.38423200,0.0607971056,0.0562911137,8.91633673
218.20000000,-1.69371488,4.34405258,-0.76907133,0.59814519,-0.93773041,0.11187133,0.0550607382,0.0560411708,9.84561665
218.40000000,-1.50982523,4.31958017,-0.81558886,0.58735823,0.65340071,-0.69116465,0.0527042617,0.0565512263,10.40873951
218.60000000,-1.57953893,4.41364599,-0.96769706,-0.98688054,-0.16898788,-0.49713206,0.0595554609,0.0562556085,9.66119451
218.80000000,-1.68479973,4.25335651,-0.96238329,0.35492217,-0.99187980,0.37394483,0.0560330979,0.0559247230,10.39053518
219.00000000,-1.50527764,4.21162114,-0.96058072,0.71385519,0.63530246,-0.58002666,0.0530325572,0.0563522187,11.11571639
219.20000000,-1.56625971,4.31082237,-1.10486003,-1.02526729,-0.15314039,-0.41833461,0.0589770468,0.0561752387,10.27720008
219.40000000,-1.66684364,4.15975302,-1.06410704,0.46443580,-0.84424747,0.56672209,0.0555647668,0.0559527135,11.02330048
219.60000000,-1.48915330,4.16361622,-1.05238909,0.48692278,0.79331589,-0.61901826,0.0538698668,0.0561701391,11.47257248
219.80000000,-1.59501791,4.24912948,-1.17313367,-1.05738049,-0.34268670,-0.11890840,0.0589152003,0.0561340357,10.57986685
220.00000000,-1.64995386,4.10231928,-1.08050448,0.76971572,-0.51134247,0.62904123,0.0544976435,0.0560267024,11.46482001
220.20000000,-1.49180283,4.17909508,-1.08865316,0.02152997,0.90629946,-0.65405134,0.0550115433,0.0560332323,11.34220713
220.40000000,-1.65018373,4.23328676,-1.16247453,-0.93932740,-0.54511238,0.26484225,0.0588571143,0.0561963204,10.54976138
220.60000000,-1.64379319,4.10685691,-1.03163535,0.96597538,-0.10390157,0.55291984,0.0534623270,0.0560868451,11.46600893
220.80000000,-1.52781734,4.24203718,-1.05382812,-0.37843808,0.90798368,-0.53101213,0.0560293309,0.0559628076,10.82776524
221.00000000,-1.71143857,4.27258693,-1.07584898,-0.78159131,-0.61703754,0.50793993,0.0589057752,0.0562648643,10.17894132
221.20000000,-1.67314650,4.16559185,-0.92795318,0.97147959,0.09890502,0.54412136,0.0527393886,0.0561340607,11.00161136
221.40000000,-1.57930142,4.32633325,-0.92961007,-0.46662569,0.96421145,-0.31965476,0.0562910870,0.0559224867,10.19166774
221.60000000,-1.76729745,4.37116009,-0.92363038,-0.82222518,-0.54372236,0.52719441,0.0596799481,0.0563902931,9.50342147
221.80000000,-1.75381225,4.25383683,-0.77044030,0.86680928,-0.10399814,0.69817479,0.0525504118,0.0562163214,10.24358975
222.00000000,-1.63191645,4.39274414,-0.71538711,-0.14951674,1.10682873,-0.04686796,0.0548838475,0.0558803358,9.70318388
222.20000000,-1.79528093,4.50408333,-0.69836567,-1.03047085,-0.20757855,0.38034527,0.0610359852,0.0564891255,8.76198046
222.40000000,-1.87130473,4.37519050,-0.56573538,0.45009044,-0.64146450,0.79722225,0.0547255303,0.0563216794,9.27512194
222.60000000,-1.71631054,4.39971767,-0.44421475,0.54845355,0.90545396,0.35912823,0.0514154997,0.0561366885,9.49181092
222.80000000,-1.77131960,4.58546525,-0.39022387,-0.95148526,0.49971142,0.30754743,0.0600421190,0.0562119022,8.41771744
223.00000000,-1.94521765,4.53519119,-0.29617524,-0.39909117,-0.84095156,0.61898932,0.0601121567,0.0566487627,8.32119822
223.20000000,-1.87207427,4.39792970,-0.16612536,0.92377589,-0.12137118,0.61767960,0.0507935127,0.0565502146,9.15735564
223.40000000,-1.75391410,4.51871495,-0.05553996,-0.10292046,0.98675529,0.51511374,0.0540747800,0.0561471570,8.78085524
223.60000000,-1.89693093,4.62230183,0.04721786,-0.97837435,-0.18996917,0.50627667,0.0623086494,0.0565664756,8.01730076
223.80000000,-1.99565689,4.46989875,0.14184562,0.22917562,-1.00125951,0.44111060,0.0570104865,0.0563072044,8.52505235
224.00000000,-1.84022629,4.38309135,0.23728712,0.89405051,0.35800917,0.56755932,0.0500581257,0.0568879489,9.30870364
224.20000000,-1.80393448,4.52912429,0.37136419,-0.61087788,0.61860485,0.70269236,0.0576705404,0.0563542852,8.62961464
224.40000000,-1.97341141,4.50605088,0.48099574,-0.65049492,-0.84416397,0.33743702,0.0612414222,0.0563888956,8.39832312
224.60000000,-1.94692211,4.31095346,0.52134449,0.89472190,-0.63902459,0.20184232,0.0531174968,0.0563915688,9.44443009
224.80000000,-1.77847417,4.34743624,0.61687799,0.26059426,0.77081675,0.76651935,0.0529848315,0.0565806299,9.64121167
225.00000000,-1.88364800,4.42744884,0.76444317,-0.95219412,-0.30608783,0.49925558,0.0605534962,0.0563508712,8.96181275
225.20000000,-1.97017063,4.25141999,0.78791054,0.40189458,-1.03375396,-0.13947332,0.0562171616,0.0559390737,9.69872052
225.40000000,-1.78897946,4.19424061,0.81095917,0.78704196,0.55723450,0.56539680,0.0521521157,0.0565843896,10.51898742
225.60000000,-1.82042206,4.30348006,0.96455699,-0.92579962,0.00526897,0.62648686,0.0589996474,0.0562382702,9.75515992
225.80000000,-1.94803037,4.16107441,0.98155407,0.14402445,-1.04774238,-0.36209252,0.0569335512,0.0558909623,10.25497149
226.00000000,-1.77926245,4.09072213,0.95564167,0.88541264,0.53721794,0.42078363,0.0526845613,0.0564073628,11.20341402
226.20000000,-1.80294553,4.20387731,1.09932658,-0.96541488,0.00919449,0.56347715,0.0585412371,0.0561936749,10.36143158
226.40000000,-1.92737677,4.06629514,1.08226510,0.25394874,-0.92525984,-0.57360326,0.0563399957,0.0559285907,10.88252124
226.60000000,-1.75489347,4.04352524,1.04262389,0.68399634,0.74613859,0.47438575,0.0533814801,0.0562192189,11.58425089
226.80000000,-1.82902586,4.14843979,1.17010186,-1.06177675,-0.19830877,0.28795611,0.0587432895,0.0561404133,10.61471821
227.00000000,-1.91527260,4.00542466,1.09596132,0.58570803,-0.64388459,-0.70140795,0.0551879500,0.0560084726,11.32142956
227.20000000,-1.74918709,4.05921147,1.07327594,0.24219359,0.93125007,0.56897196,0.0543383378,0.0560427263,11.47994802
227.40000000,-1.88648691,4.13784630,1.16379759,-1.02663330,-0.43206857,-0.09462443,0.0589762042,0.0561941994,10.52152916
227.60000000,-1.91644755,4.00452156,1.04209477,0.84096214,-0.27565493,-0.68294178,0.0540186684,0.0560869523,11.34143918
227.80000000,-1.78086054,4.12165888,1.03549303,-0.16705606,0.98378833,0.50384972,0.0552288651,0.0559579940,10.96865535
228.00000000,-1.95356523,4.17913864,1.07882737,-0.91991373,-0.52519860,-0.35712257,0.0592548762,0.0562591357,10.10887039
228.20000000,-1.95295064,4.05919988,0.93475925,0.88128454,-0.09466940,-0.68116537,0.0532589191,0.0561080610,10.88755803
228.40000000,-1.83557809,4.20136474,0.91040213,-0.26185545,1.04489708,0.29871785,0.0553213313,0.0559024986,10.33325383
228.60000000,-2.01348285,4.27542033,0.92277183,-0.95458028,-0.42943904,-0.39238874,0.0600348708,0.0564027452,9.43823302
228.80000000,-2.03920644,4.14936773,0.77727988,0.73518444,-0.30146467,-0.78627794,0.0534366423,0.0562079160,10.09651030
229.00000000,-1.90099511,4.25847498,0.69848507,0.06842430,1.11561840,-0.01798722,0.0537142454,0.0559062545,9.84576400
229.20000000,-2.04199971,4.39716104,0.68862761,-1.08202180,-0.03287581,-0.27885065,0.0608464227,0.0563902236,8.76533898
229.40000000,-2.15292321,4.27924867,0.57043047,0.23617712,-0.75180601,-0.79285414,0.0562723735,0.0563720234,9.09200474
229.60000000,-2.00694846,4.26365425,0.43627072,0.70853927,0.74066322,-0.44609361,0.0507267762,0.0562275919,9.55397604
229.80000000,-2.02388592,4.45411672,0.37538221,-0.84382165,0.67526980,-0.28563086,0.0587177141,0.0560849783,8.53882705
230.00000000,-2.20848879,4.43750627,0.29017433,-0.58933520,-0.75635033,-0.57465416,0.0612505888,0.0567123847,8.21120148
230.20000000,-2.17215418,4.28307680,0.16314536,0.85035179,-0.35568785,-0.63245323,0.0519679963,0.0564914174,9.02868613
230.40000000,-2.03000699,4.36879832,0.04824216,0.13132146,0.97340752,-0.53370536,0.0524276624,0.0562626694,8.94462839
230.60000000,-2.14555472,4.49930835,-0.05752064,-0.98984916,0.01291356,-0.51926941,0.0616667139,0.0564925559,8.07391737
230.80000000,-2.27253276,4.37003010,-0.15325749,0.01564491,-1.03055849,-0.43279694,0.0587119616,0.0563429241,8.36797703
231.00000000,-2.13751403,4.24843205,-0.24229590,0.98213730,0.13038570,-0.51770119,0.0502807090,0.0568150201,9.29621015
231.20000000,-2.06067074,4.38192251,-0.37164830,-0.41650062,0.74163739,-0.72533416,0.0559532841,0.0563572392,8.80659091
231.40000000,-2.22281362,4.39451431,-0.49283002,-0.77487615,-0.69696758,-0.40424183,0.0616611788,0.0564412952,8.37017594
231.60000000,-2.23280431,4.19810620,-0.53618112,0.75531899,-0.81150980,-0.14336402,0.0544636032,0.0561998033,9.29739288
231.80000000,-2.05125544,4.19949656,-0.61262561,0.49703160,0.72049875,-0.69530499,0.0519675356,0.0566941967,9.78712887
232.00000000,-2.12206651,4.30178185,-0.76588809,-0.92995160,-0.11746975,-0.60909648,0.0599750822,0.0563328980,9.04456185
232.20000000,-2.23416765,4.14426524,-0.80705834,0.19573378,-1.09286848,0.13013145,0.0573400559,0.0559133988,9.55943033
232.40000000,-2.06439126,4.05525182,-0.80995406,0.94611245,0.42444382,-0.41752329,0.0519225069,0.0566490436,10.58398096
232.60000000,-2.05580019,4.17432738,-0.95804975,-0.82314690,0.18032156,-0.73452018,0.0582257059,0.0562741128,9.87924727
232.80000000,-2.19935316,4.05399343,-0.99983384,-0.06319985,-1.07231570,0.30943668,0.0577644214,0.0559176678,10.13450149
233.00000000,-2.04869862,3.95614131,-0.95478427,1.01197272,0.40773532,-0.24345179,0.0525849067,0.0563931096,11.24700736
233.20000000,-2.03423608,4.07879930,-1.09041550,-0.86586651,0.17563819,-0.68485870,0.0579326433,0.0561658386,10.47417186
233.40000000,-2.17652321,3.95881150,-1.09995664,0.04224076,-0.98040634,0.53537245,0.0570855394,0.0559298146,10.75071850
233.60000000,-2.01681816,3.90881373,-1.03646367,0.84643238,0.66537354,-0.30072252,0.0530743370,0.0562276504,11.66048086
233.80000000,-2.05664094,4.03021741,-1.16321612,-1.02540944,-0.04187241,-0.44315371,0.0583982571,0.0561377692,10.68054503
234.00000000,-2.16981775,3.89539976,-1.11243814,0.38322288,-0.75800238,0.72675656,0.0559256638,0.0559814952,11.17198720
234.20000000,-2.00367453,3.92335417,-1.06024628,0.44843965,0.92370813,-0.44189004,0.0537666847,0.0560827351,11.59821973
234.40000000,-2.11497168,4.02530191,-1.16104150,-1.07410844,-0.30011832,-0.07629617,0.0589084643,0.0561800324,10.52583010
234.60000000,-2.17930925,3.88962563,-1.05503338,0.67945806,-0.43823392,0.77193804,0.0547167574,0.0560511439,11.19400639
234.80000000,-2.03132274,3.98410168,-1.01828721,0.04775415,1.03014946,-0.43140643,0.0544643614,0.0559577782,11.10439309
235.00000000,-2.18675338,4.06847020,-1.07782110,-1.02103247,-0.40996858,0.19752959,0.0593871625,0.0562373828,10.07202873
235.20000000,-2.22343669,3.94061647,-0.94448414,0.74674520,-0.28162757,0.78272386,0.0539984091,0.0561302860,10.74231271
235.40000000,-2.08944303,4.05860889,-0.89229080,-0.04868751,1.09153441,-0.23617968,0.0543775461,0.0559137175,10.47195494
235.60000000,-2.25049442,4.16122887,-0.91800929,-1.04876174,-0.29171173,0.25416827,0.0601075382,0.0563479497,9.40922453
235.80000000,-2.31409824,4.03281518,-0.78587568,0.56548734,-0.47766008,0.83765336,0.0545504390,0.0562157578,9.92628571
236.00000000,-2.16795820,4.10761051,-0.68404060,0.27985669,1.07640552,0.11238053,0.0526882461,0.0559731149,9.96730171
236.20000000,-2.28087487,4.26949480,-0.67591969,-1.09110261,0.15263528,0.18919665,0.0603121277,0.0562531471,8.80743451
236.40000000,-2.42182861,4.16901033,-0.57413868,0.01352900,-0.81859883,0.76112458,0.0577980082,0.0564371821,8.91723665
236.60000000,-2.29359191,4.11534040,-0.43122486,0.82231369,0.53662409,0.53425869,0.0504960878,0.0563167922,9.56052283
236.80000000,-2.27200490,4.30148284,-0.36043177,-0.69668554,0.82769916,0.28131968,0.0571770813,0.0559977608,8.68576873
237.00000000,-2.45937644,4.32030054,-0.28232876,-0.75222059,-0.63577059,0.52873176,0.0619757187,0.0566818296,8.13925089
237.20000000,-2.46158158,4.15735957,-0.16008292,0.72682590,-0.56277069,0.63609001,0.0535160834,0.0564389278,8.86671611
237.40000000,-2.30425906,4.20312715,-0.04201082,0.36148962,0.90285746,0.55115402,0.0510936459,0.0564059453,9.08011908
237.60000000,-2.38613389,4.35410960,0.06701139,-0.95656339,0.21670755,0.53630337,0.0605834013,0.0563745495,8.17004068
237.80000000,-2.53531393,4.25347919,0.16521563,-0.19327287,-1.01215414,0.43334340,0.0601892403,0.0564194264,8.23607507
238.00000000,-2.42775492,4.10345631,0.24909822,1.01023725,-0.10828827,0.46614496,0.0510238737,0.0567755855,9.22622299
238.20000000,-2.31431243,4.21577105,0.37096108,-0.19394795,0.82478010,0.72919034,0.0542417027,0.0564244305,8.98930339
238.40000000,-2.46092607,4.26281375,0.50227862,-0.86223762,-0.52597524,0.47905404,0.0616624364,0.0564802617,8.38289772
238.60000000,-2.50584826,4.07275173,0.55268067,0.58302928,-0.94738358,0.11017040,0.0559029694,0.0560695419,9.14061809
238.80000000,-2.32082278,4.03742523,0.61069085,0.70994950,0.62261615,0.59826153,0.0513214614,0.0567459980,9.89317778
239.00000000,-2.35307815,4.15634429,0.76400142,-0.86378990,0.07439712,0.70564002,0.0590956404,0.0563760898,9.16145189
239.20000000,-2.48473192,4.02237004,0.82546726,-0.00921097,-1.11452366,-0.08571886,0.0583597254,0.0559605446,9.43816530
239.40000000,-2.33398975,3.90380000,0.81304427,1.05554527,0.26076175,0.25965874,0.0520199139,0.0566139968,10.59856445
239.60000000,-2.28558489,4.02664397,0.94884898,-0.68242917,0.35071670,0.81294705,0.0572850349,0.0562668737,10.02806590
239.80000000,-2.43812018,3.93210443,1.01622584,-0.25738577,-1.06519989,-0.22067196,0.0584775376,0.0559947583,10.03671406
240.00000000,-2.31157345,3.80891999,0.95829391,1.08746791,0.25140671,0.06166041,0.0527305079,0.0563534225,11.24360682
240.20000000,-2.25994664,3.93591340,1.07880815,-0.73056636,0.34172437,0.77400927,0.0571891245,0.0561486541,10.61070453
240.40000000,-2.41354455,3.83741496,1.11615731,-0.16086430,-1.00787783,-0.45595787,0.0577578673,0.0559720388,10.63597111
240.60000000,-2.27315837,3.76053126,1.03444362,0.96594236,0.55171320,0.11027140,0.0529672099,0.0562214376,11.69482704
240.80000000,-2.27770805,3.89461831,1.15290598,-0.95054951,0.12384662,0.57507282,0.0578998355,0.0560968624,10.77481001
241.00000000,-2.41250709,3.77248141,1.12885369,0.17339293,-0.84986628,-0.70516153,0.0566627338,0.0559894110,11.02648789
241.20000000,-2.25386860,3.77251959,1.05044684,0.62958783,0.88004643,0.28058371,0.0533359017,0.0560979339,11.68687340
241.40000000,-2.33550526,3.89569059,1.15430464,-1.08176685,-0.15078961,0.23797499,0.0586593034,0.0561211165,10.56229799
241.60000000,-2.43088209,3.76253813,1.06942133,0.49223524,-0.58548360,-0.81516998,0.0555056085,0.0560407074,11.03474738
241.80000000,-2.27814391,3.83031190,1.00326819,0.25521539,1.04106768,0.31722418,0.0537849052,0.0559940950,11.22360218
242.00000000,-2.41085572,3.94052261,1.07273708,-1.08330287,-0.27299124,-0.03896470,0.0592984039,0.0562014886,10.06940591
242.20000000,-2.48285050,3.81021802,0.95612481,0.57780513,-0.45388248,-0.84244833,0.0548998043,0.0561215730,10.57755705
242.40000000,-2.33993015,3.89919526,0.87634090,0.16189710,1.09776226,0.13525596,0.0535222233,0.0559568395,10.59517301
242.60000000,-2.47821189,4.02847673,0.90939795,-1.10312810,-0.13386726,-0.12155044,0.0598995457,0.0562737536,9.41699473
242.80000000,-2.57680340,3.90418383,0.79511977,0.36933829,-0.62498977,-0.85003729,0.0557928846,0.0562444391,9.74677826
243.00000000,-2.43147689,3.94176797,0.67279920,0.47174486,0.98717053,-0.22921007,0.0518934685,0.0560766221,10.05376649
243.20000000,-2.51187264,4.12124957,0.66076716,-1.05757135,0.34250128,-0.11756551,0.0594722335,0.0561379650,8.88582019
243.40000000,-2.67697242,4.04388839,0.57607081,-0.20685601,-0.84124966,-0.70646688,0.0591734992,0.0565494681,8.76229888
243.60000000,-2.57391874,3.95620927,0.42887158,0.88167450,0.30593991,-0.61533450,0.0507644427,0.0563946861,9.50908553
243.80000000,-2.51560210,4.12872938,0.34601732,-0.51483196,0.94735673,-0.29504039,0.0555304846,0.0559652328,8.84806760
244.00000000,-2.69761641,4.18319742,0.27276997,-0.88267251,-0.48494279,-0.48508267,0.0622412091,0.0566153212,8.10838478
244.20000000,-2.73813195,4.02039447,0.15647894,0.56388598,-0.73196482,-0.62916252,0.0552867419,0.0564116022,8.68861724
244.40000000,-2.57535191,4.02381474,0.03666057,0.57187854,0.77637034,-0.56549914,0.0502064719,0.0565121391,9.17119621
244.60000000,-2.61884341,4.18734328,-0.07546381,-0.87779996,0.41289868,-0.55548809,0.0591343455,0.0562796779,8.30087515
244.80000000,-2.78326129,4.11960934,-0.17732184,-0.38854950,-0.94986427,-0.44313902,0.0613356157,0.0565160105,8.13739069
245.00000000,-2.70829692,3.94874496,-0.25779525,0.97882621,-0.34185388,-0.41787570,0.0522014708,0.0565965007,9.10867634
245.20000000,-2.56448008,4.03235104,-0.36999237,0.04615492,0.86029828,-0.71227896,0.0526926044,0.0565252287,9.16246367
245.40000000,-2.68778629,4.11106459,-0.50906732,-0.90909422,-0.33676973,-0.55652351,0.0612392728,0.0564351237,8.43631155
245.60000000,-2.76446098,3.93452170,-0.57001420,0.39002687,-1.04240828,-0.10415592,0.0573281281,0.0560175815,8.98868802
245.80000000,-2.58538870,3.86283626,-0.61181143,0.88571366,0.48106056,-0.48340069,0.0510961494,0.0568295593,9.94893704
246.00000000,-2.57677176,3.99167644,-0.75926328,-0.75517371,0.26306191,-0.78108577,0.0579742619,0.0563677505,9.30736097
246.20000000,-2.72117770,3.88558374,-0.84216951,-0.20339153,-1.09914050,0.01028127,0.0592139515,0.0560053907,9.34289052
246.40000000,-2.59559413,3.74100446,-0.82034775,1.11041618,0.07441829,-0.10498163,0.0524182951,0.0565385697,10.56314349
246.60000000,-2.50959693,3.86104230,-0.93783322,-0.50885303,0.50979392,-0.85484592,0.0562455237,0.0562749592,10.19420081
246.80000000,-2.66390207,3.79543424,-1.02987942,-0.43096202,-1.02634216,0.10235209,0.0590306640,0.0560443116,9.96717339
247.00000000,-2.56584613,3.65008422,-0.96610906,1.10984808,0.07480299,0.11056078,0.0530991520,0.0562932319,11.19509206
247.20000000,-2.47979819,3.77567546,-1.06537321,-0.56492245,0.50164107,-0.82389323,0.0563599571,0.0561461988,10.76456089
247.40000000,-2.63792142,3.70222155,-1.12996347,-0.34726221,-1.00618066,0.34145301,0.0583179380,0.0560457527,10.54456916
247.60000000,-2.52205851,3.59979585,-1.03679288,1.03735772,0.40812613,0.08307844,0.0530635697,0.0562019736,11.68465641
247.80000000,-2.49201502,3.74188443,-1.13980827,-0.84074667,0.29476664,-0.67515691,0.0572774833,0.0560885209,10.89351889
248.00000000,-2.64251446,3.63688211,-1.14416281,-0.03371597,-0.91611388,0.63966965,0.0573525398,0.0560285160,10.89360109
248.20000000,-2.49820938,3.60786126,-1.04454550,0.77636772,0.79851572,-0.09593595,0.0530769372,0.0561078401,11.73765543
248.40000000,-2.54794321,3.74910128,-1.14391357,-1.05089267,0.01338248,-0.38081849,0.0582444665,0.0560950204,10.62928082
248.60000000,-2.66994445,3.62356915,-1.08415710,0.29035232,-0.71187041,0.81148803,0.0563276066,0.0560580169,10.87450323
248.80000000,-2.52006987,3.66144827,-0.99136716,0.44450070,1.01175867,-0.16834390,0.0532379311,0.0560134408,11.31509777
249.00000000,-2.62574769,3.79529105,-1.06372577,-1.10638458,-0.11672520,-0.10892225,0.0589978233,0.0561540936,10.10063573
249.20000000,-2.72971810,3.66827703,-0.96856173,0.38553488,-0.60433990,0.85773628,0.0558897701,0.0561360027,10.40552547
249.40000000,-2.58585661,3.72448508,-0.86348462,0.35831198,1.05885831,-0.00256269,0.0528187450,0.0559898997,10.69022649
249.60000000,-2.69654249,3.87716140,-0.89723851,-1.11712686,0.03990567,0.00313034,0.0594295232,0.0561659672,9.46062911
249.80000000,-2.82595531,3.76336833,-0.80389561,0.15846449,-0.73790489,0.82459681,0.0570553186,0.0563136275,9.57104820
250.00000000,-2.68995182,3.76268162,-0.66524576,0.63157836,0.84966023,0.35883219,0.0514098008,0.0561503520,10.09374532
250.20000000,-2.73497282,3.95281195,-0.64386531,-0.98221658,0.52919213,0.06914007,0.0583829811,0.0560223687,8.99603245
250.40000000,-2.91757897,3.90334539,-0.57562267,-0.41579401,-0.82092226,0.63464633,0.0602915821,0.0566107611,8.63588606
250.60000000,-2.84549494,3.78739390,-0.42874533,0.88349683,0.06362329,0.68187923,0.0515206453,0.0563821220,9.40472209
250.80000000,-2.75450022,3.93736295,-0.33274272,-0.30557852,1.02469357,0.32588118,0.0539029067,0.0559854982,9.01222110
251.00000000,-2.92308095,4.02603374,-0.26176414,-0.97655385,-0.30996201,0.44703437,0.0620334369,0.0565193789,8.11968416
251.20000000,-2.99993376,3.87162461,-0.15195660,0.37349641,-0.85662821,0.61340205,0.0571161943,0.0564329938,8.51095739
251.40000000,-2.84156128,3.83293367,-0.03191349,0.74711365,0.60048306,0.57516492,0.0498599077,0.0566797106,9.20606768
251.60000000,-2.84391126,3.99994125,0.08275386,-0.75427206,0.59209655,0.57451596,0.0574263487,0.0562109525,8.45894214
251.80000000,-3.01588407,3.96797854,0.18915008,-0.56269881,-0.84832406,0.46183277,0.0620712588,0.0566078447,8.07716880
252.00000000,-2.97662452,3.78452727,0.26829974,0.89340495,-0.55586320,0.37738146,0.0536925850,0.0564190236,8.95848962
252.20000000,-2.81050016,3.83357746,0.36949687,0.29036339,0.84265619,0.67467956,0.0514541175,0.0566941855,9.30954166
252.40000000,-2.90354128,3.93956319,0.51311241,-0.91286543,-0.13541012,0.63080386,0.0604145744,0.0564521162,8.52845859
252.60000000,-3.00741157,3.78306602,0.58730543,0.18788305,-1.09482294,0.12504104,0.0586404470,0.0560447285,8.85377256
252.80000000,-2.84289433,3.67727042,0.61644758,1.01349638,0.30358456,0.36087924,0.0512944374,0.0567923673,9.94963191
253.00000000,-2.79319756,3.80850719,0.75238304,-0.60727529,0.44091584,0.82848171,0.0566940973,0.0563512129,9.47489223
253.20000000,-2.94306247,3.73382507,0.85633366,-0.37897532,-1.04774450,0.09044857,0.0598494791,0.0561345305,9.27923574
253.40000000,-2.84703084,3.56786986,0.83162198,1.11034992,-0.12470254,-0.03381990,0.0530689861,0.0563447930,10.48357237
253.60000000,-2.72753071,3.67832701,0.92603958,-0.30939486,0.64979239,0.85534530,0.0551874032,0.0563005468,10.36816133
253.80000000,-2.87644238,3.64403889,1.04013104,-0.57814074,-0.95598621,0.03760567,0.0593892306,0.0560967910,9.92960416
254.00000000,-2.80954768,3.48060375,0.97783150,1.08111817,-0.11406120,-0.26027599,0.0536544919,0.0561494524,11.10774706
254.20000000,-2.69339198,3.59871020,1.05112376,-0.37575977,0.64827224,0.82952818,0.0555031038,0.0561611199,10.92746869
254.40000000,-2.84931013,3.55334425,1.14063650,-0.51068736,-0.97413488,-0.19957070,0.0587327582,0.0560815731,10.48107613
254.60000000,-2.76165859,3.42774564,1.04341290,1.05912858,0.23978689,-0.26517361,0.0533524664,0.0561715198,11.63158129
254.80000000,-2.69927055,3.57238032,1.12474141,-0.70075287,0.46531551,0.73620254,0.0565690813,0.0560646783,11.03107464
255.00000000,-2.85923722,3.48878492,1.15741840,-0.22961127,-0.95384293,-0.53575096,0.0579526469,0.0560506691,10.78036916
255.20000000,-2.73502467,3.43064875,1.04293267,0.88183664,0.67981458,-0.09890555,0.0530098616,0.0561685932,11.74544105
255.40000000,-2.75210615,3.58570419,1.13041120,-0.98389483,0.18855207,0.49594797,0.0576888573,0.0560627720,10.72373089
255.60000000,-2.89554106,3.47296791,1.09814886,0.08417799,-0.81259439,-0.76300020,0.0571241392,0.0560996267,10.72303120
255.80000000,-2.75567223,3.47885364,0.98330620,0.60561236,0.93956017,-0.00496311,0.0528661901,0.0560828492,11.36928958
256.00000000,-2.83130277,3.63285027,1.05117386,-1.09103462,0.05525705,0.23696815,0.0585064750,0.0560984119,10.16395315
256.20000000,-2.96285355,3.51497072,0.98065345,0.18091449,-0.72713056,-0.82952673,0.0568886698,0.0561723280,10.23770036
256.40000000,-2.82582907,3.53602772,0.85443283,0.52928954,0.97276764,-0.15211446,0.0523274940,0.0560799127,10.74602042
256.60000000,-2.90540290,3.70741658,0.88206071,-1.09113119,0.22428739,0.09322384,0.0587304564,0.0560808678,9.53759836
256.80000000,-3.06048822,3.61019029,0.81116963,-0.05635350,-0.81279385,-0.76534508,0.0582325333,0.0563851835,9.41028369
257.00000000,-2.94154952,3.57209604,0.66154362,0.74889221,0.66981166,-0.48997472,0.0512984613,0.0562236076,10.08061378
257.20000000,-2.95015548,3.76482815,0.62604016,-0.86698866,0.70399327,-0.04781573,0.0571149616,0.0559368663,9.13124099
257.40000000,-3.14309422,3.74692929,0.57240506,-0.60588954,-0.76002113,-0.55211218,0.0610727876,0.0566374240,8.54406910
257.60000000,-3.10591611,3.60967623,0.43017484,0.82979339,-0.17489140,-0.72829797,0.0526987674,0.0563687990,9.25874561
257.80000000,-2.98834901,3.72922000,0.32112087,-0.07916954,1.05133265,-0.37147499,0.0524280494,0.0560587754,9.16233915
258.00000000,-3.13576846,3.84886795,0.24968259,-1.03037750,-0.11740680,-0.41725242,0.0613700135,0.0564023762,8.17241051
258.20000000,-3.24547918,3.71043053,0.14625726,0.16744234,-0.93372665,-0.59133685,0.0588463681,0.0564952451,8.34791579
258.40000000,-3.10079766,3.63235957,0.02742933,0.87439763,0.38676242,-0.57914174,0.0500923277,0.0567421673,9.17996739
258.60000000,-3.06157663,3.79315397,-0.08887805,-0.58879911,0.74412682,-0.59089109,0.0555937749,0.0562109405,8.63366956
258.80000000,-3.23290572,3.79834352,-0.20028157,-0.70944712,-0.71258867,-0.48832722,0.0623453089,0.0566038698,8.05832575
259.00000000,-3.23048519,3.61075714,-0.28035260,0.76303997,-0.73896720,-0.34822217,0.0553588480,0.0562794600,8.79257251
259.20000000,-3.05133921,3.62152366,-0.37021517,0.52331963,0.76990186,-0.61882849,0.0506453786,0.0567852048,9.41502641
259.40000000,-3.10842587,3.74879684,-0.51453835,-0.87197734,0.07122013,-0.69580460,0.0592417970,0.0564141734,8.65539910
259.60000000,-3.23380153,3.61809569,-0.60369746,-0.01309375,-1.10465005,-0.17069712,0.0597530109,0.0561379526,8.74520055
259.80000000,-3.09111607,3.48210911,-0.62473111,1.08670337,0.10105818,-0.24170954,0.0518769979,0.0567024187,9.89715451
260.00000000,-3.00232353,3.60778825,-0.74426444,-0.42526627,0.59924029,-0.84238934,0.0553580852,0.0563970758,9.65419499
260.20000000,-3.15014110,3.56707864,-0.86730802,-0.52976893,-0.96178211,-0.20947542,0.0602241434,0.0562052960,9.25077478
260.40000000,-3.08624846,3.38525743,-0.84629755,1.05920153,-0.32611772,0.14594151,0.0539098672,0.0561567824,10.36998127
260.60000000,-2.93892122,3.47952614,-0.91459894,-0.09275247,0.76227318,-0.81233959,0.0541964786,0.0563434015,10.53863068
260.80000000,-3.07561368,3.47800020,-1.04653342,-0.69477936,-0.85475747,-0.19034169,0.0595284542,0.0561477458,9.92610949
261.00000000,-3.04087078,3.30136107,-0.99277082,1.00677299,-0.30645417,0.37689808,0.0543512090,0.0560782233,10.99114900
261.20000000,-2.90018902,3.40584674,-1.03715933,-0.17119000,0.77350821,-0.78862947,0.0546810503,0.0561865733,11.08952095
261.40000000,-3.04749863,3.39089060,-1.14763474,-0.64665261,-0.91096866,0.03915854,0.0589769924,0.0561139858,10.44848559
261.60000000,-2.99017864,3.24549070,-1.05388861,1.03331098,0.05368812,0.42301569,0.0538104321,0.0561328354,11.54117537
261.80000000,-2.89908668,3.38663346,-1.10866782,-0.53643849,0.62842061,-0.75291212,0.0558191097,0.0560576202,11.18019333
262.00000000,-3.06225517,3.32834125,-1.16782041,-0.40759982,-0.96064548,0.40072122,0.0584269818,0.0561153356,10.69215860
262.20000000,-2.96259689,3.24221292,-1.04568235,0.94208155,0.52733288,0.28975257,0.0531419546,0.0561108774,11.70908062
262.40000000,-2.94776144,3.40578788,-1.11453572,-0.88419729,0.36933794,-0.57561969,0.0570250804,0.0560184635,10.84104718
262.60000000,-3.10695528,3.31092423,-1.11038570,-0.11727570,-0.88363816,0.67452427,0.0578405865,0.0561219997,10.58850460
262.80000000,-2.98338797,3.28400396,-0.97952741,0.73034540,0.82466206,0.18994867,0.0527039348,0.0561107696,11.37963588
263.00000000,-3.02737423,3.45338861,-1.03568837,-1.03896066,0.23800022,-0.33685089,0.0578552373,0.0560269984,10.25605571
263.20000000,-3.18134019,3.35039484,-0.99132199,-0.02607702,-0.81766750,0.76176865,0.0578193198,0.0562236888,10.08397893
263.40000000,-3.05827291,3.33548994,-0.84959891,0.66501959,0.84088489,0.31656405,0.0520997964,0.0561308914,10.75485307
263.60000000,-3.10470659,3.51954971,-0.86459768,-1.02639453,0.41260069,-0.16070423,0.0578469090,0.0559921920,9.64354054
263.80000000,-3.27959936,3.44443343,-0.81606347,-0.26587835,-0.84772276,0.67839929,0.0592330307,0.0564486524,9.27334205
264.00000000,-3.18427539,3.37165239,-0.66150787,0.81666004,0.45741161,0.61105775,0.0515897502,0.0562234633,10.01395446
264.20000000,-3.15738048,3.55824262,-0.60819953,-0.71538627,0.85711907,0.05585446,0.0557508542,0.0558900513,9.28194541
264.40000000,-3.35314198,3.57429896,-0.56625406,-0.77125427,-0.66184827,0.46548252,0.0614676072,0.0565769783,8.49064380
264.60000000,-3.35293778,3.42349253,-0.43236358,0.72687114,-0.39560085,0.75147086,0.0541864005,0.0563695679,9.08630654
264.80000000,-3.21654681,3.50641775,-0.31152448,0.15135466,1.02149933,0.42799634,0.0512390438,0.0561794226,9.28173147
265.00000000,-3.33580074,3.65199390,-0.23696841,-1.04120948,0.08542369,0.39766253,0.0602980101,0.0562570831,8.26390501
265.20000000,-3.47360173,3.53622053,-0.13925889,-0.04354866,-0.96303227,0.56588175,0.0603384512,0.0566273535,8.21052983
265.40000000,-3.35071171,3.42363964,-0.02284355,0.94544557,0.15040423,0.57711432,0.0508796847,0.0566654198,9.09633292
265.60000000,-3.27202419,3.56856869,0.09396040,-0.38705408,0.85852220,0.60222778,0.0537913262,0.0562766847,8.81131006
265.80000000,-3.43424103,3.61065636,0.21033999,-0.82340128,-0.54802283,0.52079818,0.0621373383,0.0565755730,8.08180724
266.00000000,-3.46796591,3.42721257,0.29355458,0.59865289,-0.88340371,0.33280919,0.0570593479,0.0562050321,8.62717851
266.20000000,-3.28557616,3.39830987,0.37278845,0.72938720,0.64472761,0.54942677,0.0503388874,0.0569121791,9.46723618
266.40000000,-3.30273545,3.53946654,0.51368461,-0.78614559,0.27510069,0.74554925,0.0578052095,0.0563662865,8.81086980
266.60000000,-3.44302347,3.43940553,0.61840971,-0.20409394,-1.07307577,0.23749291,0.0605928422,0.0561977365,8.66956463
266.80000000,-3.32779847,3.27851416,0.63645701,1.10362565,-0.11388042,0.13634623,0.0527734919,0.0564752920,9.79960815
267.00000000,-3.20398695,3.39072534,0.73594942,-0.21654408,0.72860352,0.81963030,0.0540807941,0.0564640862,9.83309848
267.20000000,-3.34232368,3.38539159,0.87465287,-0.65103327,-0.84312152,0.33889497,0.0603095616,0.0562717120,9.25930605
267.40000000,-3.31141202,3.19387685,0.86354430,0.96410981,-0.51972749,-0.22343527,0.0548731990,0.0560547507,10.23496682
267.60000000,-3.14311763,3.26590898,0.90465366,0.13090928,0.83888411,0.72710616,0.0533550099,0.0564006496,10.69316684
267.80000000,-3.26137809,3.29742890,1.04887445,-0.77818230,-0.72386241,0.34641342,0.0594355567,0.0561927449,9.95733664
268.00000000,-3.25823739,3.11313287,1.01001440,0.89479848,-0.49362678,-0.45300616,0.0551393676,0.0559722705,10.85666623
268.20000000,-3.09949657,3.19814418,1.02459354,0.03965441,0.86885975,0.70217931,0.0539552625,0.0562245133,11.23968316
268.40000000,-3.23236536,3.21496644,1.15063479,-0.75227679,-0.81649782,0.13021484,0.0590345429,0.0561404416,10.44838287
268.60000000,-3.20599361,3.05407128,1.06753015,0.96504769,-0.14195787,-0.54596272,0.0544039279,0.0560404335,11.42205443
268.80000000,-3.09096610,3.18537308,1.09264322,-0.35467453,0.77573664,0.72248330,0.0550761979,0.0560693402,11.33198072
269.00000000,-3.25128685,3.15567273,1.17475206,-0.56279079,-0.93469804,-0.24320572,0.0587475339,0.0561334674,10.63275664
269.20000000,-3.17923814,3.04388536,1.05254387,0.95653148,0.34700366,-0.46279399,0.0534664793,0.0561039843,11.63160265
269.40000000,-3.13460978,3.20980113,1.09718890,-0.75616308,0.54873576,0.61371650,0.0562918771,0.0559909807,10.97492787
269.60000000,-3.30366961,3.13757357,1.11999510,-0.30669793,-0.92179794,-0.55296114,0.0584301311,0.0561771825,10.47733956
269.80000000,-3.20157733,3.07843971,0.98014548,0.81314297,0.67046313,-0.37258319,0.0527725079,0.0561341694,11.34376606
270.00000000,-3.21378211,3.25724875,1.01807089,-0.95274919,0.42497885,0.40149962,0.0570827678,0.0559770801,10.37190533
270.20000000,-3.38449437,3.17458051,0.99962277,-0.22699520,-0.87260505,-0.66073697,0.0586139546,0.0562792796,9.95229884
270.40000000,-3.28148648,3.12456623,0.84904905,0.75827084,0.66833955,-0.47737508,0.0521700832,0.0561189477,10.71385507
270.60000000,-3.29435342,3.31408498,0.84575001,-0.92513425,0.59669547,0.19395921,0.0568325912,0.0559277458,9.77198938
270.80000000,-3.48270220,3.26587481,0.81790436,-0.46259742,-0.84215315,-0.57124478,0.0599854891,0.0564900054,9.16673416
271.00000000,-3.41607409,3.16278923,0.66462143,0.83213636,0.22501161,-0.71165832,0.0522733536,0.0562777831,9.89967330
271.20000000,-3.35655528,3.33432958,0.59127331,-0.53291792,0.97815868,-0.09350179,0.0543834174,0.0558876262,9.43593829
271.40000000,-3.54749258,3.38524425,0.55722606,-0.90712406,-0.53044862,-0.38116739,0.0614560323,0.0564848219,8.47746224
271.60000000,-3.58457064,3.22898509,0.43448095,0.58386546,-0.58719127,-0.75089668,0.0558413448,0.0563937811,8.90365392
271.80000000,-3.43817179,3.27125943,0.30414360,0.37102420,0.93350257,-0.49035919,0.0504552362,0.0563356933,9.35541714
272.00000000,-3.52342062,3.43596276,0.22410081,-1.00681089,0.29023554,-0.38940103,0.0588920486,0.0561370979,8.38927197
272.20000000,-3.68343887,3.34849388,0.13097769,-0.25013421,-0.94626155,-0.53996286,0.0614811732,0.0567013744,8.10669666
272.40000000,-3.58884484,3.20791695,0.01780867,0.95746346,-0.09196070,-0.56951277,0.0521393988,0.0565608884,8.96593962
272.60000000,-3.47529520,3.32810757,-0.09824515,-0.15814788,0.92551354,-0.60659016,0.0521820155,0.0563890138,8.97555652
272.80000000,-3.61998230,3.40506218,-0.21902558,-0.89981488,-0.36042094,-0.55674726,0.0614586002,0.0564774745,8.14673216
273.00000000,-3.68752135,3.23359267,-0.30740636,0.41154941,-0.98473587,-0.33235496,0.0586615549,0.0562264381,8.47619512
273.20000000,-3.51143071,3.16597141,-0.37768159,0.89471930,0.47473702,-0.47290532,0.0505509421,0.0569130539,9.46082813
273.40000000,-3.48678835,3.31251981,-0.51109762,-0.65682185,0.46692088,-0.77466577,0.0562174733,0.0563917654,8.98592707
273.60000000,-3.63471807,3.24688217,-0.63078492,-0.37775635,-1.00202330,-0.32060318,0.0611032390,0.0563431391,8.63106946
273.80000000,-3.55078837,3.06740364,-0.65111629,1.06716807,-0.32837305,-0.05348083,0.0538957441,0.0562534568,9.66956801
274.00000000,-3.39784523,3.15879560,-0.72853978,0.00924296,0.81966865,-0.75999623,0.0529762653,0.0565478666,9.99777989
274.20000000,-3.51963869,3.18887542,-0.87816301,-0.73926997,-0.69421142,-0.47019839,0.0600940206,0.0563275613,9.30503769
274.40000000,-3.52096505,2.99429475,-0.88235682,0.83422578,-0.69651876,0.26165777,0.0558909983,0.0559370976,10.09171407
274.60000000,-3.33926877,3.03898207,-0.89726284,0.35049117,0.87240480,-0.60464957,0.0527316067,0.0564669004,10.81941781
274.80000000,-3.43375353,3.10247641,-1.04718723,-0.82689153,-0.56537058,-0.49612633,0.0591117009,0.0562276765,10.02254550
275.00000000,-3.46033764,2.91658261,-1.02851089,0.75449744,-0.66735701,0.48466754,0.0559676822,0.0559148702,10.71597608
275.20000000,-3.29046497,2.97689986,-1.01447086,0.24706515,0.92634879,-0.57477854,0.0533798886,0.0562760702,11.36670480
275.40000000,-3.40384351,3.02568722,-1.14954368,-0.82605428,-0.69137091,-0.29861956,0.0588998897,0.0561586659,10.48105402
275.60000000,-3.40768902,2.85442659,-1.08343782,0.86167799,-0.33838346,0.62653025,0.0550921218,0.0559761482,11.28459886
275.80000000,-3.27429526,2.96956134,-1.07775285,-0.16314505,0.89815690,-0.64515848,0.0543899599,0.0560825420,11.47627742
276.00000000,-3.42614814,2.97087874,-1.17780460,-0.69194249,-0.87490862,0.07267402,0.0588956585,0.0561432705,10.60451780
276.20000000,-3.38336346,2.83694027,-1.06296581,0.92779342,0.14680475,0.60595226,0.0539624398,0.0560449370,11.51970836
276.40000000,-3.31227582,2.99839543,-1.07939206,-0.60503901,0.71823289,-0.60629936,0.0555325068,0.0559775967,11.11732093
276.60000000,-3.48532170,2.95300592,-1.12628594,-0.47854846,-0.92472971,0.40668846,0.0588563362,0.0561852292,10.39423693
276.80000000,-3.40859451,2.86368951,-0.98493265,0.85163016,0.48344336,0.53901508,0.0530760327,0.0560959317,11.26392373
277.00000000,-3.39030377,3.04497232,-0.99928056,-0.83586990,0.60805666,-0.42557809,0.0562337211,0.0559370523,10.50454225
277.20000000,-3.57182109,2.98751296,-1.00479684,-0.41511425,-0.88977016,0.53433797,0.0592188594,0.0563264610,9.84860109
277.40000000,-3.49371573,2.90488425,-0.85248956,0.80519937,0.46365584,0.62145376,0.0525479449,0.0561593321,10.62557781
277.60000000,-3.47421786,3.09180739,-0.82653761,-0.79073207,0.76703094,-0.18956137,0.0557485513,0.0558940003,9.91416465
277.80000000,-3.66938109,3.07431264,-0.81625531,-0.64060063,-0.79672010,0.45210059,0.0604418263,0.0564564971,9.09484157
278.00000000,-3.63493942,2.94667590,-0.67009288,0.79689042,-0.01361119,0.78377755,0.0532953796,0.0562700237,9.74876256
278.20000000,-3.54748945,3.09470645,-0.57614310,-0.32748551,1.05693635,0.15863613,0.0531129746,0.0559316698,9.57880809
278.40000000,-3.72604535,3.17970485,-0.54558170,-1.00949356,-0.37062457,0.30510110,0.0610455631,0.0563689722,8.50462559
278.60000000,-3.79913107,3.02608068,-0.43574856,0.41117009,-0.74154609,0.72840578,0.0575115108,0.0564612205,8.72590329
278.80000000,-3.65194584,3.02609849,-0.29895780,0.56456728,0.79078367,0.55267645,0.0501659737,0.0564342099,9.37303476
279.00000000,-3.69898160,3.20161314,-0.21155865,-0.92604629,0.48753340,0.39277933,0.0572520368,0.0560554712,8.54093531
279.20000000,-3.87439420,3.14687886,-0.12155585,-0.44429023,-0.88636736,0.51622202,0.0621948764,0.0566807718,8.04155774
279.40000000,-3.81279058,2.98592450,-0.01203353,0.91292044,-0.32455178,0.55746606,0.0537439071,0.0564600553,8.80438737
279.60000000,-3.67118520,3.07399035,0.10207389,0.08527375,0.93747992,0.60281474,0.0509202452,0.0565374363,9.10916125
279.80000000,-3.79039001,3.18190430,0.22614610,-0.93452116,-0.15628761,0.59310209,0.0603530478,0.0563896699,8.25029320
280.00000000,-3.88796586,3.02959533,0.32135179,0.21243624,-1.04117184,0.34692601,0.0600484998,0.0563027078,8.35042867
280.20000000,-3.72685145,2.92633362,0.38512909,1.00919278,0.27167508,0.39654515,0.0512429809,0.0567482759,9.39803700
280.40000000,-3.66087482,3.06918704,0.50750338,-0.48773879,0.63623130,0.77900310,0.0546131736,0.0564474172,9.16878952
280.60000000,-3.80873504,3.04050474,0.64032737,-0.52796810,-0.89395697,0.41426525,0.0612464949,0.0564039659,8.63190102
280.80000000,-3.75814636,2.84946236,0.66796016,0.98383395,-0.53065536,-0.00073022,0.0551490583,0.0560761578,9.52172819
281.00000000,-3.58333325,2.91373967,0.72310076,0.24052106,0.86436851,0.66673926,0.0521433329,0.0566405729,10.13410582
281.20000000,-3.68220219,2.97771640,0.87788146,-0.79203339,-0.51835773,0.59456926,0.0595850846,0.0563086320,9.38663250
281.40000000,-3.71365645,2.78695313,0.90164533,0.67944291,-0.84892418,-0.25924702,0.0568981157,0.0558876993,9.95249888
281.60000000,-3.52632655,2.80045720,0.89330489,0.55478548,0.85789591,0.45359797,0.0523725305,0.0564748571,10.90673874
281.80000000,-3.59278617,2.89335657,1.04175134,-0.84049906,-0.38254060,0.62987852,0.0585733042,0.0562033248,10.11956720
282.00000000,-3.64613952,2.71226170,1.04715574,0.59538725,-0.82029445,-0.47133167,0.0567858226,0.0559001788,10.57990470
282.20000000,-3.47209747,2.74363418,1.00767972,0.44139115,0.93956288,0.41462901,0.0529959310,0.0562880889,11.46038643
282.40000000,-3.56189201,2.82319770,1.14450279,-0.86760721,-0.53735458,0.45610185,0.0585789637,0.0561668304,10.54551298
282.60000000,-3.59409194,2.64737528,1.10057987,0.73168763,-0.52687017,-0.66072809,0.0558298645,0.0559583810,11.13965255
282.80000000,-3.44834462,2.74040964,1.06503682,0.02994684,0.98660990,0.52461777,0.0538072414,0.0561216932,11.60235351
283.00000000,-3.58671603,2.77405043,1.17679225,-0.79321534,-0.78111221,0.10095652,0.0588629537,0.0561440069,10.60849079
283.20000000,-3.57355182,2.62254622,1.07614824,0.86105071,-0.06396190,-0.70994301,0.0545957529,0.0560371160,11.38271563
283.40000000,-3.48030258,2.77246234,1.06222881,-0.43689390,0.86818764,0.55216995,0.0547929784,0.0559845936,11.25858505
283.60000000,-3.65166197,2.75727932,1.12877806,-0.62892424,-0.89102932,-0.24502716,0.0590946761,0.0562252193,10.34232496
283.80000000,-3.60286138,2.64119726,0.99333967,0.84667541,0.27257541,-0.67702304,0.0535984762,0.0561088446,11.14658051
284.00000000,-3.55666623,2.81734338,0.98038385,-0.69274000,0.77766868,0.40602825,0.0553573382,0.0559220863,10.64502254
284.20000000,-3.74296967,2.78915227,1.00630604,-0.58534313,-0.86811583,-0.39148982,0.0595968616,0.0563114714,9.77697769
284.40000000,-3.69323849,2.67792111,0.85929555,0.80560629,0.23785244,-0.73752314,0.0532127889,0.0561439153,10.49751378
284.60000000,-3.64413279,2.85380153,0.80803785,-0.62800275,0.91305010,0.14651755,0.0546619255,0.0558953921,10.05899629
284.80000000,-3.83935398,2.86959204,0.81092834,-0.79528156,-0.71311021,-0.32941799,0.0605777137,0.0563958714,9.06018735
285.00000000,-3.83901222,2.72418734,0.67694552,0.71607096,-0.24501978,-0.82263156,0.0545641548,0.0562586131,9.57519020
285.20000000,-3.72983924,2.84131705,0.56356443,-0.10947343,1.08477307,-0.24657198,0.0520431606,0.0560199617,9.69521228
285.40000000,-3.88882283,2.95779180,0.53176182,-1.07485520,-0.18808252,-0.24254054,0.0602684689,0.0562223732,8.57048211
285.60000000,-3.99525126,2.81457517,0.43550961,0.21917048,-0.85362636,-0.68760519,0.0590528548,0.0565361340,8.56570310
285.80000000,-3.85625071,2.77318172,0.29573128,0.71848014,0.60205060,-0.60896289,0.0504146037,0.0565134403,9.33119348
286.00000000,-3.86292078,2.95010578,0.19978391,-0.79954568,0.66661929,-0.40725877,0.0554999402,0.0560336944,8.70824874
286.20000000,-4.04610780,2.93115224,0.11123908,-0.61903153,-0.78707874,-0.49681106,0.0624328704,0.0566266679,8.01795959
286.40000000,-4.02033263,2.75804020,0.00531530,0.81836491,-0.53415227,-0.54265492,0.0555395541,0.0563703825,8.62899186
286.60000000,-3.85914821,2.80865036,-0.10584869,0.32773020,0.89058177,-0.59073767,0.0501319275,0.0567055655,9.19655173
286.80000000,-3.94588208,2.94174095,-0.23164261,-0.92408251,0.05680530,-0.62638528,0.0588976831,0.0563248303,8.38744275
287.00000000,-4.06844524,2.81496939,-0.33482090,0.01094258,-1.05278840,-0.37554040,0.0611232823,0.0564126256,8.25761150
287.20000000,-3.92964951,2.68092163,-0.39511306,1.06761093,0.04978959,-0.32747750,0.0523323819,0.0565439492,9.28811005
287.40000000,-3.82519201,2.81101039,-0.50375750,-0.28541782,0.77203809,-0.75631159,0.0531372186,0.0565494221,9.34516503
287.60000000,-3.96510074,2.82034527,-0.64673340,-0.64962231,-0.75190408,-0.51200030,0.0610068805,0.0563777005,8.67248110
287.80000000,-3.94822080,2.62517660,-0.68608120,0.86235089,-0.71087076,0.02295034,0.0564399664,0.0559691049,9.37069324
288.00000000,-3.75963717,2.65752020,-0.72055616,0.46456782,0.85724896,-0.54663850,0.0516517334,0.0567316214,10.22956658
288.20000000,-3.83019216,2.75219705,-0.87410387,-0.80780542,-0.32006707,-0.70322104,0.0588114449,0.0562950453,9.50110914
288.40000000,-3.88853640,2.57219089,-0.92032099,0.50936610,-0.97089243,0.21777542,0.0578338291,0.0559070053,9.82776762
288.60000000,-3.70307178,2.55219127,-0.89339069,0.73351083,0.79368502,-0.28554778,0.0522968717,0.0565238168,10.94788179
288.80000000,-3.73852890,2.67037728,-1.03308458,-0.81950399,-0.18014177,-0.73856155,0.0578524774,0.0561868869,10.24466890
289.00000000,-3.81487444,2.50061628,-1.06486980,0.42633751,-0.94612938,0.41543488,0.0575460536,0.0559241222,10.45771146
289.20000000,-3.64327568,2.50004971,-1.00487221,0.61381007,0.90467711,-0.23303743,0.0528272898,0.0562803716,11.51299645
289.40000000,-3.70647380,2.60770026,-1.13588370,-0.87745014,-0.35762776,-0.59303696,0.0580894045,0.0561300690,10.63944215
289.60000000,-3.76427702,2.43360700,-1.11787301,0.58371021,-0.69922077,0.64798255,0.0565706347,0.0559504525,10.99746030
289.80000000,-3.61227747,2.49937386,-1.05540962,0.21630313,1.03307309,-0.36807715,0.0533682361,0.0561348493,11.69995485
290.00000000,-3.73289989,2.56529185,-1.17175861,-0.86588118,-0.65430058,-0.26767088,0.0586516230,0.0561354117,10.64448331
290.20000000,-3.74858735,2.40173208,-1.09111446,0.76317440,-0.27545208,0.76889376,0.0553220241,0.0560080973,11.23125689
290.40000000,-3.63814960,2.53315886,-1.04677522,-0.25850946,0.98850951,-0.45335157,0.0541199695,0.0560135540,11.38797286
290.60000000,-3.80251686,2.55043848,-1.12722011,-0.75529854,-0.82035215,0.07779341,0.0591331925,0.0562065896,10.32331157
290.80000000,-3.78293310,2.41226293,-1.00454939,0.80196035,0.04842597,0.77718688,0.0543034606,0.0560794885,11.00134759
291.00000000,-3.71253868,2.57542433,-0.96249023,-0.52880711,0.92329844,-0.34261844,0.0545062535,0.0559346562,10.78262257
291.20000000,-3.89769544,2.57945653,-1.00385341,-0.73396970,-0.80772323,0.24161071,0.0597281254,0.0563147942,9.73987149
291.40000000,-3.87844387,2.44494298,-0.86857634,0.76257871,0.00321968,0.81729258,0.0541136101,0.0561435166,10.34072079
291.60000000,-3.80386695,2.60147584,-0.79130979,-0.44343546,1.02392111,-0.06673836,0.0536447479,0.0559057390,10.19358623
291.80000000,-3.99244682,2.65163091,-0.80198444,-0.92297253,-0.59404851,0.21149785,0.0603913445,0.0563135039,9.06363928
292.00000000,-4.02665026,2.49591733,-0.68412124,0.59720030,-0.45734166,0.82685763,0.0559632746,0.0563080708,9.39364309
292.20000000,-3.90305216,2.57637437,-0.55408895,0.10867650,1.05597097,0.35016805,0.0512735772,0.0561454876,9.77093898
292.40000000,-4.03597250,2.71981440,-0.51635675,-1.10010794,0.01033747,0.19788491,0.0591788357,0.0560921032,8.67142634
292.60000000,-4.17186181,2.59420961,-0.43327601,0.01746391,-0.92098196,0.63323767,0.0603423650,0.0566553695,8.43275794
292.80000000,-4.04920246,2.51450296,-0.29403584,0.82293598,0.38029164,0.65395507,0.0511876560,0.0564850687,9.23430617
293.00000000,-4.01570739,2.68295467,-0.18914646,-0.63053134,0.81595900,0.43144359,0.0537746270,0.0560671358,8.87744861
293.20000000,-4.19843840,2.70124819,-0.10034769,-0.76807330,-0.65270191,0.48326594,0.0621813592,0.0565443328,8.03679570
293.40000000,-4.20953890,2.52437842,0.00243981,0.68283012,-0.71093196,0.52708733,0.0573657484,0.0563731538,8.45613050
293.60000000,-4.03823478,2.53460502,0.10998561,0.55250654,0.78606786,0.57125823,0.0498958504,0.0567857007,9.22689740
293.80000000,-4.08701468,2.68537484,0.23560673,-0.86618913,0.26989646,0.65297340,0.0572013407,0.0562781059,8.55045929
294.00000000,-4.22840159,2.58954340,0.34727093,-0.18446870,-1.02087724,0.41627254,0.0618120640,0.0565292715,8.20277477
294.20000000,-4.11764913,2.43092202,0.40737431,1.06985440,-0.17615227,0.27181553,0.0537080814,0.0563454855,9.14519166
294.40000000,-3.97976937,2.53985072,0.50077227,-0.05942693,0.86390111,0.70685559,0.0519283144,0.0566733781,9.49933745
294.60000000,-4.10399255,2.58657492,0.64991448,-0.73841074,-0.57965632,0.60683561,0.0603935251,0.0564181673,8.75154327
294.80000000,-4.11968146,2.39487911,0.70449798,0.71233230,-0.86135142,-0.01255251,0.0576806770,0.0559425756,9.22941143
295.00000000,-3.92569543,2.39224544,0.72158975,0.66871195,0.79664065,0.40949827,0.0515331027,0.0567289354,10.27541171
295.20000000,-3.96382709,2.51272906,0.86737187,-0.78595846,-0.10539168,0.78782127,0.0578235463,0.0562928961,9.64363311
295.40000000,-4.04493008,2.35026462,0.93736921,0.33262614,-1.05778543,-0.14124452,0.0586428828,0.0559851399,9.72576076
295.60000000,-3.86816352,2.29610456,0.89780138,0.87836382,0.68191294,0.11389239,0.0524968220,0.0564773131,10.94028592
295.80000000,-3.87102513,2.43398085,1.02192341,-0.76522939,0.03529145,0.81405013,0.0569963636,0.0561832732,10.39237096
296.00000000,-3.96600576,2.28199742,1.08066605,0.25501699,-1.03964808,-0.32186473,0.0582045746,0.0559914729,10.35678483
296.20000000,-3.80280063,2.24796704,1.00640189,0.75711800,0.82120886,0.04343256,0.0528795326,0.0562546790,11.52050074
296.40000000,-3.83754152,2.37949092,1.12427520,-0.85678944,-0.15704386,0.70053291,0.0574601499,0.0561019921,10.75906468
296.60000000,-3.91755130,2.21368317,1.13425730,0.42573223,-0.84808386,-0.59076443,0.0572691987,0.0559802502,10.86696830
296.80000000,-3.76516882,2.24812454,1.04958223,0.38807464,1.03165324,0.18597213,0.0531031262,0.0561905518,11.76057701
297.00000000,-3.86462115,2.34474817,1.16297517,-0.91002813,-0.49686612,0.41769379,0.0582742628,0.0561177344,10.71104652
297.20000000,-3.90747728,2.17536840,1.10679198,0.64175127,-0.47798580,-0.78049959,0.0560905712,0.0560094995,11.07604776
297.40000000,-3.78519528,2.28191341,1.03402080,-0.07717655,1.06961994,0.31535843,0.0535583451,0.0560288005,11.49450174
297.60000000,-3.93776065,2.33253892,1.12159768,-0.85619736,-0.71356918,0.08507968,0.0589723739,0.0561751579,10.33758504
297.80000000,-3.94754608,2.17800314,1.01755385,0.72318073,-0.17784055,-0.83359188,0.0551374699,0.0560719598,10.83952335
298.00000000,-3.85752452,2.32057602,0.94667488,-0.35058273,1.03428938,0.23838986,0.0537351329,0.0559463295,10.90545177
298.20000000,-4.03583088,2.35840817,0.99739145,-0.85832027,-0.70986169,-0.09420656,0.0596096507,0.0562580819,9.73823413
298.40000000,-4.04789376,2.20697442,0.87926596,0.68164896,-0.22792189,-0.85609476,0.0551746439,0.0561646767,10.16801508
298.60000000,-3.95309693,2.33656229,0.77730776,-0.24526899,1.08965099,-0.04467051,0.0527719271,0.0559709531,10.30427181
298.80000000,-4.12858030,2.42044783,0.78972310,-1.02060076,-0.44338427,-0.10618788,0.0599010836,0.0562159413,9.10447787
299.00000000,-4.19646361,2.26221963,0.69058209,0.44888831,-0.64097579,-0.79821087,0.0573677915,0.0563730489,9.21772505
299.20000000,-4.06632658,2.30226033,0.54799825,0.31350929,0.96915908,-0.46036256,0.0508886884,0.0562312927,9.79540131
299.40000000,-4.16777004,2.46631395,0.50006959,-1.08268698,0.21641781,-0.17447965,0.0578497438,0.0559909412,8.80154755
299.60000000,-4.32816173,2.36473035,0.42875286,-0.18544706,-0.94314729,-0.57059040,0.0612855950,0.0566441107,8.33393146
299.80000000,-4.22877088,2.25169939,0.29330081,0.87292165,0.14090912,-0.68384439,0.0524136863,0.0564461389,9.09353156
300.00000000,-4.15776366,2.40204167,0.17991199,-0.42560459,0.92405525,-0.46311252,0.0522236395,0.0561535747,9.03230959
